汇厦少城百花里 1室1厅 50.62平米,2018.03.11,151.5,29929
汇厦少城百花里 2室1厅 61.69平米,2018.03.08,164,26585
汇厦少城琴台府 2室1厅 65.11平米,2018.03.04,185,28414
汇厦少城琴台府 3室1厅 85.31平米,2018.02.27,258,30243
汇厦少城琴台府 1室1厅 55.35平米,2018.01.09,140,25294
汇厦少城琴台府 1室1厅 55.37平米,2018.01.03,140,25285
汇厦少城琴台府 1室1厅 55.35平米,2017.12.31,151.5,27372
汇厦少城百花里 2室1厅 61.69平米,2017.11.15,145,23505
汇厦少城百花里 2室1厅 61.69平米,2017.10.23,140,22695
汇厦少城琴台府 3室2厅 100.85平米,2017.09.17,262,25980
汇厦少城琴台府 3室2厅 86.62平米,2017.09.11,208,24013
汇厦少城琴台府 3室2厅 95平米,2017.08.28,216,22737
汇厦少城琴台府 3室2厅 100.84平米,2017.08.10,225,22313
汇厦少城琴台府 1室1厅 55.35平米,2017.07.24,102.7,18555
汇厦少城琴台府 3室2厅 101.06平米,2017.07.22,240,23749
汇厦少城百花里 2室1厅 77.3平米,2017.07.11,162,20958
汇厦少城琴台府 3室2厅 100.63平米,2017.06.27,253,25142
汇厦少城百花里 1室1厅 50.62平米,2017.03.26,99,19558
汇厦少城琴台府 2室1厅 80.32平米,2017.03.10,147,18302
汇厦少城琴台府 3室2厅 100.63平米,2017.03.08,190,18882
汇厦少城琴台府 2室2厅 65平米,2017.02.23,116,17847
汇厦少城琴台府 3室2厅 101平米,2017.02.20,195,19307
汇厦少城百花里 2室2厅 61.69平米,2016.12.01,93,15076
汇厦少城琴台府 3室1厅 101.24平米,2016.11.12,150,14817
汇厦少城琴台府 3室2厅 95.26平米,2016.11.07,145,15222
汇厦少城琴台府 3室2厅 86平米,2016.09.29,126.8,14745
汇厦少城琴台府 3室1厅 86.62平米,2016.09.27,138.3,15967
汇厦少城琴台府 3室1厅 86平米,2016.08.31,116,13489
汇厦少城琴台府 3室2厅 86.42平米,2016.08.26,110.5,12787
汇厦少城琴台府 2室1厅 65.09平米,2016.08.08,87.2,13397
汇厦少城琴台府 3室1厅 97.05平米,2016.07.17,135,13911
汇厦少城琴台府 3室2厅 100.58平米,2016.06.19,136.5,13572
汇厦少城琴台府 2室1厅 76.43平米,2016.06.08,110,14393
汇厦少城百花里 3室2厅 107.59平米,2016.06.02,135,12548
汇厦少城琴台府 3室2厅 97.05平米,2016.05.31,153,15766
汇厦少城琴台府 3室2厅 86.62平米,2016.05.25,112,12931
汇厦少城琴台府 3室2厅 85.44平米,2016.05.23,113.5,13285
汇厦少城百花里 3室2厅 123.13平米,2016.05.03,162.5,13198
汇厦少城百花里 3室2厅 107.98平米,2016.04.19,138,12781
汇厦少城百花里 3室2厅 123.13平米,2016.04.03,153.9,12498
汇厦少城琴台府 3室2厅 101.17平米,2015.12.17,130,12850
汇厦少城琴台府 3室2厅 107.14平米,2015.11.06,145,13534
时代豪庭三期 2室1厅 111.88平米,2018.03.13,400,35753
时代豪庭四期 3室2厅 218平米,2018.03.06,615,28212
时代豪庭三期 3室2厅 173.86平米,2018.03.04,586,33706
时代豪庭一期 3室2厅 154.51平米,2018.03.03,480,31066
时代豪庭三期 2室1厅 112.79平米,2018.03.01,385,34135
时代豪庭一期 2室1厅 113.17平米,2018.02.27,348,30751
时代豪庭一期 2室2厅 106平米,2018.01.02,318,30000
时代豪庭一期 2室1厅 113.17平米,2017.12.04,370,32695
时代豪庭三期 3室1厅 143.28平米,2017.12.04,445,31059
时代豪庭三期 3室2厅 172.26平米,2017.11.09,540,31348
时代豪庭一期 2室2厅 106平米,2017.11.07,310,29246
时代豪庭三期 3室1厅 143平米,2017.11.02,385,26924
时代豪庭三期 2室2厅 112.81平米,2017.10.29,328,29076
时代豪庭一期 3室1厅 155平米,2017.10.29,360,23226
时代豪庭三期 3室2厅 172.5平米,2017.10.29,500,28986
时代豪庭四期 3室2厅 172.29平米,2017.10.23,525,30472
时代豪庭四期 3室2厅 166平米,2017.10.23,460,27711
时代豪庭三期 2室1厅 111.72平米,2017.10.17,363,32492
时代豪庭一期 2室1厅 113.21平米,2017.10.13,295,26058
时代豪庭一期 2室1厅 106平米,2017.10.13,314.5,29670
时代豪庭三期 2室1厅 112.81平米,2017.10.12,353,31292
时代豪庭一期 3室2厅 155平米,2017.09.27,358,23097
时代豪庭三期 2室2厅 112.79平米,2017.09.21,300,26599
时代豪庭二期 2室2厅 116平米,2017.09.20,315,27156
时代豪庭一期 2室2厅 113平米,2017.09.19,315,27877
时代豪庭三期 2室2厅 112平米,2017.09.13,316,28215
时代豪庭四期 3室2厅 213.33平米,2017.08.29,564,26437
时代豪庭二期 2室2厅 114平米,2017.08.26,320,28071
时代豪庭三期 2室2厅 114.6平米,2017.08.24,285,24870
时代豪庭一期 2室2厅 113平米,2017.08.17,290,25664
时代豪庭一期 3室2厅 155.79平米,2017.07.30,336.6,21607
时代豪庭三期 3室2厅 173平米,2017.07.27,515,29769
时代豪庭一期 3室2厅 155.79平米,2017.07.26,320,20541
时代豪庭三期 2室2厅 112.81平米,2017.07.11,300,26594
时代豪庭一期 3室1厅 154平米,2017.07.10,320,20780
时代豪庭一期 2室1厅 106.41平米,2017.06.30,298,28005
时代豪庭二期 2室2厅 114平米,2017.06.21,295,25878
时代豪庭四期 3室2厅 217.45平米,2017.06.12,535,24604
时代豪庭一期 2室2厅 116.28平米,2017.06.03,279,23994
时代豪庭四期 3室1厅 166平米,2017.05.27,370,22290
时代豪庭四期 4室2厅 217.84平米,2017.05.26,500,22953
时代豪庭三期 3室1厅 172.26平米,2017.05.12,480,27865
时代豪庭三期 3室2厅 172.26平米,2017.04.27,525,30478
时代豪庭三期 3室2厅 143平米,2017.04.13,360,25175
时代豪庭一期 3室2厅 154.84平米,2017.03.23,280,18084
时代豪庭四期 4室2厅 220平米,2017.03.23,410,18637
时代豪庭三期 3室1厅 143平米,2017.03.22,395,27623
时代豪庭四期 4室2厅 213.94平米,2017.03.22,517.5,24190
时代豪庭一期 2室1厅 116平米,2017.03.17,252,21725
时代豪庭一期 3室2厅 113平米,2017.03.13,296,26195
时代豪庭三期 2室2厅 112平米,2017.03.01,273,24375
时代豪庭四期 3室2厅 218平米,2017.02.10,505,23166
时代豪庭一期 2室1厅 106平米,2017.01.30,240,22642
时代豪庭四期 3室2厅 162平米,2017.01.13,425.6,26272
时代豪庭四期 3室2厅 166平米,2017.01.12,385,23193
时代豪庭四期 3室2厅 213平米,2017.01.12,500,23475
时代豪庭一期 2室2厅 106平米,2017.01.06,248,23397
时代豪庭三期 2室2厅 111.89平米,2017.01.04,262.2,23432
时代豪庭一期 3室2厅 148.5平米,2016.12.30,260,17509
时代豪庭一期 3室2厅 147.5平米,2016.12.28,260,17628
时代豪庭四期 3室2厅 176平米,2016.12.28,470,26705
时代豪庭四期 3室2厅 158平米,2016.12.21,380,24051
时代豪庭四期 3室2厅 161.62平米,2016.12.08,343,21223
时代豪庭一期 2室2厅 106平米,2016.11.30,216,20378
时代豪庭四期 3室2厅 220平米,2016.11.25,435,19773
时代豪庭三期 3室2厅 172.26平米,2016.11.22,394,22873
时代豪庭一期 3室2厅 154.51平米,2016.11.19,243.8,15779
时代豪庭一期 2室1厅 116.64平米,2016.11.09,230,19719
时代豪庭二期 2室2厅 119.17平米,2016.10.31,214,17958
时代豪庭一期 3室2厅 154.51平米,2016.10.25,230,14886
时代豪庭三期 2室1厅 111.72平米,2016.10.25,246,22020
时代豪庭三期 3室1厅 143.06平米,2016.10.21,305,21320
时代豪庭一期 3室2厅 147.24平米,2016.10.19,215,14603
时代豪庭三期 2室2厅 111.72平米,2016.10.14,240,21483
时代豪庭四期 3室2厅 217.87平米,2016.10.12,430,19737
时代豪庭一期 2室1厅 106.49平米,2016.10.11,200,18782
时代豪庭一期 2室2厅 106平米,2016.10.01,228,21510
时代豪庭三期 2室2厅 111.88平米,2016.09.30,209,18681
时代豪庭一期 2室2厅 116.24平米,2016.09.29,196.5,16905
时代豪庭一期 3室2厅 154.51平米,2016.09.29,200,12945
时代豪庭三期 3室2厅 172.52平米,2016.09.25,355,20578
时代豪庭四期 3室2厅 217.87平米,2016.09.24,470,21573
时代豪庭一期 2室2厅 113.21平米,2016.09.21,192,16960
时代豪庭三期 3室2厅 143.06平米,2016.09.19,265,18524
时代豪庭一期 3室1厅 154.84平米,2016.09.19,195,12594
时代豪庭二期 3室2厅 175.97平米,2016.09.17,303,17219
时代豪庭二期 2室1厅 117.05平米,2016.09.15,202,17258
时代豪庭二期 2室2厅 114.31平米,2016.09.14,199,17409
时代豪庭二期 3室2厅 175.5平米,2016.09.13,339,19317
时代豪庭三期 2室2厅 154平米,2016.09.08,375,24351
时代豪庭四期 4室2厅 214.87平米,2016.08.31,350,16289
时代豪庭一期 3室2厅 154.79平米,2016.08.30,212,13696
时代豪庭四期 3室2厅 166.08平米,2016.08.29,286,17221
时代豪庭三期 2室1厅 112.81平米,2016.08.28,180,15957
时代豪庭三期 3室1厅 172.26平米,2016.08.25,315,18287
时代豪庭一期 3室1厅 154.51平米,2016.08.23,196,12686
时代豪庭一期 2室1厅 116.64平米,2016.08.15,186,15947
时代豪庭一期 2室2厅 116平米,2016.08.14,178,15345
时代豪庭三期 3室2厅 143.06平米,2016.08.08,254,17755
时代豪庭三期 2室2厅 111.88平米,2016.08.05,240,21452
时代豪庭三期 3室2厅 172.25平米,2016.07.29,320,18578
时代豪庭二期 3室2厅 175.91平米,2016.07.23,303,17225
时代豪庭四期 3室2厅 217.84平米,2016.07.19,355,16297
时代豪庭四期 3室2厅 217.87平米,2016.07.19,360,16524
时代豪庭三期 4室2厅 173.86平米,2016.07.11,293,16853
时代豪庭三期 2室2厅 111.72平米,2016.06.30,188,16828
时代豪庭一期 2室1厅 116平米,2016.06.30,176.5,15216
时代豪庭一期 3室2厅 154.79平米,2016.06.30,217,14019
时代豪庭三期 3室2厅 172.52平米,2016.06.28,275,15941
时代豪庭三期 3室2厅 172.52平米,2016.06.28,280,16231
时代豪庭三期 3室1厅 172.26平米,2016.06.19,279,16197
时代豪庭一期 2室2厅 116.04平米,2016.06.16,168,14478
时代豪庭三期 3室1厅 172.56平米,2016.06.06,300,17386
时代豪庭一期 3室1厅 155.79平米,2016.06.05,206,13223
时代豪庭三期 3室1厅 143.28平米,2016.05.18,253,17658
时代豪庭二期 4室1厅 175.5平米,2016.05.16,284,16183
时代豪庭一期 3室2厅 155.79平米,2016.05.13,216,13865
时代豪庭四期 3室2厅 217.42平米,2016.05.11,340,15638
时代豪庭二期 2室2厅 114.04平米,2016.05.10,176,15434
时代豪庭一期 2室2厅 116.28平米,2016.05.07,182,15652
时代豪庭三期 3室2厅 172.52平米,2016.05.04,281,16288
时代豪庭一期 2室2厅 116.28平米,2016.04.28,180,15480
时代豪庭四期 3室2厅 191.84平米,2016.04.18,394,20538
时代豪庭三期 2室2厅 112.79平米,2016.04.14,176,15605
时代豪庭三期 2室2厅 112.79平米,2016.04.13,190,16846
时代豪庭四期 3室2厅 172.39平米,2016.04.08,330,19143
时代豪庭四期 4室1厅 162.07平米,2016.04.07,273,16845
时代豪庭四期 3室2厅 202.15平米,2016.03.27,350,17314
时代豪庭一期 2室2厅 113.17平米,2016.03.27,170,15022
时代豪庭四期 3室2厅 176.61平米,2016.03.23,286.8,16240
时代豪庭三期 3室1厅 143.06平米,2016.03.22,225,15728
时代豪庭三期 2室1厅 112.79平米,2016.03.05,168,14895
时代豪庭四期 3室1厅 162.07平米,2016.03.01,245,15117
时代豪庭一期 2室2厅 113.21平米,2016.02.29,165,14575
时代豪庭一期 3室1厅 154.79平米,2016.02.29,198,12792
时代豪庭一期 3室2厅 155平米,2016.02.26,185,11936
时代豪庭三期 2室1厅 112.79平米,2016.02.04,171,15161
时代豪庭四期 3室2厅 217.84平米,2016.01.28,290,13313
时代豪庭四期 3室1厅 217.84平米,2016.01.19,330,15149
时代豪庭一期 2室1厅 108.8平米,2016.01.15,160,14706
时代豪庭四期 4室1厅 166.08平米,2016.01.09,242,14572
时代豪庭一期 2室2厅 148.55平米,2016.01.01,218,14676
时代豪庭四期 3室2厅 158.23平米,2015.12.28,280,17696
时代豪庭四期 4室2厅 217.84平米,2015.12.25,293,13451
时代豪庭一期 2室2厅 113.17平米,2015.12.23,165,14580
时代豪庭三期 4室2厅 172.52平米,2015.12.19,268,15535
时代豪庭四期 3室2厅 161.93平米,2015.12.13,238,14698
时代豪庭一期 2室1厅 106.41平米,2015.12.10,140,13157
时代豪庭四期 3室2厅 172.29平米,2015.12.06,270,15672
时代豪庭四期 3室2厅 176.61平米,2015.11.29,290,16421
时代豪庭四期 3室2厅 217.46平米,2015.11.24,295,13566
时代豪庭一期 2室1厅 112.96平米,2015.11.11,183,16201
时代豪庭四期 4室2厅 217.84平米,2015.11.02,283,12992
时代豪庭一期 3室2厅 154平米,2015.10.27,177.5,11526
时代豪庭四期 5室1厅 201.4平米,2015.10.14,370,18372
时代豪庭三期 3室2厅 143平米,2015.10.08,249.8,17469
时代豪庭一期 3室2厅 116平米,2015.09.24,170,14656
时代豪庭四期 3室2厅 218平米,2015.09.18,315,14450
时代豪庭四期 4室1厅 166平米,2015.09.08,231,13916
时代豪庭一期 2室1厅 113平米,2015.09.07,155,13717
时代豪庭一期 3室1厅 155平米,2015.09.03,173,11162
时代豪庭一期 3室1厅 155平米,2015.09.01,199,12839
时代豪庭三期 3室2厅 173平米,2015.08.31,245,14162
时代豪庭四期 5室2厅 213平米,2015.08.24,288,13522
时代豪庭一期 2室2厅 106平米,2015.08.22,148,13963
时代豪庭四期 4室2厅 217.87平米,2015.08.18,290,13311
时代豪庭一期 4室1厅 155平米,2015.08.17,198,12775
时代豪庭四期 4室2厅 213平米,2015.08.10,340,15963
时代豪庭四期 4室2厅 213.33平米,2015.08.08,350,16407
时代豪庭四期 4室2厅 213平米,2015.07.31,320,15024
时代豪庭三期 2室2厅 111.88平米,2015.07.23,186,16625
时代豪庭四期 4室1厅 162.38平米,2015.07.23,265,16320
时代豪庭四期 3室2厅 217平米,2015.07.23,303,13964
时代豪庭一期 2室2厅 106平米,2015.07.18,150,14151
时代豪庭一期 3室2厅 155平米,2015.07.18,193,12452
时代豪庭四期 3室2厅 176.61平米,2015.07.15,288,16308
时代豪庭一期 3室2厅 155.51平米,2015.07.13,183,11768
时代豪庭一期 2室2厅 155平米,2015.07.10,175,11291
时代豪庭四期 3室2厅 217.64平米,2015.07.06,315,14474
时代豪庭三期 3室2厅 172.25平米,2015.07.03,268.8,15606
时代豪庭三期 3室2厅 172.58平米,2015.07.02,267,15472
时代豪庭一期 3室2厅 155平米,2015.06.13,183,11807
时代豪庭三期 3室2厅 143.06平米,2015.05.29,210,14680
时代豪庭四期 4室1厅 217平米,2015.05.27,285,13134
时代豪庭四期 3室2厅 162.18平米,2015.05.24,253,15600
时代豪庭四期 3室2厅 217.35平米,2015.05.23,290,13343
时代豪庭二期 2室2厅 114.04平米,2015.05.22,157,13768
时代豪庭一期 2室2厅 106平米,2015.05.12,145,13680
时代豪庭四期 3室2厅 218平米,2015.05.08,285,13074
时代豪庭三期 3室2厅 173平米,2015.05.05,275,15896
时代豪庭四期 3室2厅 158平米,2015.04.10,270,17089
时代豪庭二期 2室2厅 114平米,2015.04.08,158,13860
时代豪庭四期 3室2厅 165.76平米,2015.03.30,263,15867
时代豪庭三期 3室2厅 173平米,2015.03.25,266,15376
时代豪庭四期 3室2厅 217平米,2015.03.18,295,13595
时代豪庭三期 3室2厅 174平米,2015.03.18,146,8391
时代豪庭三期 3室2厅 173平米,2015.03.18,255,14740
时代豪庭四期 3室2厅 176平米,2015.03.16,258,14660
时代豪庭一期 2室2厅 113平米,2015.03.09,130,11505
时代豪庭一期 2室2厅 106平米,2015.03.07,129,12170
时代豪庭三期 2室2厅 111平米,2015.02.12,150,13514
时代豪庭四期 3室2厅 218平米,2015.02.11,360,16514
时代豪庭一期 2室2厅 113平米,2015.01.29,161,14248
时代豪庭三期 3室2厅 172平米,2015.01.16,288,16745
时代豪庭一期 2室2厅 116平米,2015.01.15,140,12069
时代豪庭一期 3室2厅 154平米,2015.01.07,165,10715
时代豪庭四期 3室2厅 217平米,2015.01.03,347,15991
时代豪庭一期 3室2厅 155平米,2014.12.25,177,11420
时代豪庭二期 2室2厅 113平米,2014.12.09,145,12832
时代豪庭一期 2室2厅 106平米,2014.12.04,130,12265
时代豪庭一期 3室2厅 155.79平米,2014.11.29,165,10592
时代豪庭一期 2室2厅 106平米,2014.11.28,133,12548
时代豪庭四期 4室2厅 217平米,2014.11.28,310,14286
时代豪庭一期 3室2厅 154平米,2014.11.19,170,11039
时代豪庭一期 2室2厅 113平米,2014.11.03,140,12390
时代豪庭三期 3室1厅 172.26平米,2014.09.26,295,17126
时代豪庭四期 3室2厅 166平米,2014.09.21,235,14157
时代豪庭三期 3室3厅 173平米,2014.09.05,325,18787
时代豪庭四期 4室2厅 213.39平米,2014.08.17,300,14059
时代豪庭一期 2室2厅 113.21平米,2014.07.21,166,14664
时代豪庭三期 2室2厅 111.88平米,2014.07.16,139,12425
时代豪庭三期 2室2厅 112平米,2014.05.12,168,15000
时代豪庭二期 2室2厅 113.82平米,2014.05.10,178,15639
时代豪庭二期 2室2厅 114.3平米,2014.03.14,165,14436
时代豪庭二期 3室2厅 175.16平米,2014.03.03,262,14958
时代豪庭一期 3室2厅 154.51平米,2014.02.23,194,12556
时代豪庭一期 3室2厅 154.51平米,2014.02.14,190,12297
时代豪庭三期 3室3厅 192.26平米,2014.01.28,377.2,19619
时代豪庭二期 3室2厅 175.16平米,2014.01.28,270,15415
时代豪庭四期 3室2厅 172平米,2013.12.20,308,17907
时代豪庭一期 2室2厅 116.24平米,2013.12.03,168,14453
时代豪庭四期 4室2厅 213平米,2013.11.07,347,16292
时代豪庭一期 2室2厅 106平米,2013.10.27,165,15567
时代豪庭一期 2室2厅 116.04平米,2013.10.09,170,14651
时代豪庭三期 3室2厅 174.72平米,2013.09.22,256,14653
时代豪庭三期 2室2厅 112.78平米,2013.08.27,172,15251
时代豪庭一期 2室2厅 113平米,2013.08.12,155.3,13744
时代豪庭二期 --室--厅 175平米,2013.06.15,274,15658
时代豪庭二期 3室2厅 175平米,2013.03.11,262,14972
时代豪庭二期 3室2厅 175平米,2013.02.23,262,14972
时代豪庭一期 2室2厅 116.3平米,2013.02.21,156,13414
时代豪庭一期 2室2厅 113平米,2012.07.22,155,13717
时代豪庭二期 3室2厅 175平米,2012.06.20,260,14858
时代豪庭三期 2室2厅 143.28平米,2012.05.26,213,14866
时代豪庭三期 3室2厅 174.5平米,2012.05.23,265,15187
时代豪庭一期 2室2厅 116平米,2012.04.30,162.6,14018
时代豪庭二期 3室2厅 175平米,2012.04.20,253,14458
华润二十四城六期 3室2厅 95.58平米,2018.03.14,275,28772
华润二十四城二期 3室2厅 83.39平米,2018.03.12,225,26982
华润二十四城二期 4室2厅 89.54平米,2018.03.11,370,41323
华润二十四城四期 3室1厅 88.35平米,2018.03.10,254.8,28840
华润二十四城六期 3室2厅 88.32平米,2018.03.10,233,26382
华润二十四城四期 3室2厅 127.17平米,2018.03.09,390,30668
华润二十四城四期 4室2厅 147平米,2018.03.07,453,30817
华润二十四城二期 3室1厅 80.97平米,2018.03.07,226,27912
华润二十四城四期 4室2厅 145.26平米,2018.03.06,425,29258
华润二十四城二期 3室1厅 73.73平米,2018.03.02,205,27805
华润二十四城二期 2室2厅 68.4平米,2018.03.02,196,28655
华润二十四城三期 3室2厅 114.34平米,2018.03.01,350,30611
华润二十四城二期 3室1厅 73.73平米,2018.02.28,215,29161
华润二十四城五期 3室2厅 96.77平米,2018.02.27,251,25938
华润二十四城五期 3室2厅 97.11平米,2018.02.24,258,26568
华润二十四城六期 2室2厅 88平米,2018.02.09,247,28069
华润二十四城四期 3室2厅 125.84平米,2018.02.04,403,32025
华润二十四城六期 3室2厅 88.11平米,2018.02.04,233,26445
华润二十四城五期 3室2厅 84.7平米,2018.02.03,230,27155
华润二十四城三期 5室1厅 155平米,2018.02.01,425,27420
华润二十四城二期 2室1厅 68.23平米,2018.01.30,186,27261
华润二十四城六期 3室2厅 95.37平米,2018.01.29,260,27263
华润二十四城二期 3室2厅 83.39平米,2018.01.24,220,26383
华润二十四城六期 3室2厅 95.58平米,2018.01.24,268,28040
华润二十四城二期 3室2厅 83.39平米,2018.01.22,217,26023
华润二十四城二期 3室2厅 83.39平米,2018.01.18,220,26383
华润二十四城六期 3室2厅 95.71平米,2018.01.16,278,29047
华润二十四城二期 3室2厅 73.73平米,2018.01.07,215.3,29202
华润二十四城六期 3室1厅 95.59平米,2018.01.06,260,27200
华润二十四城一期 2室1厅 86.16平米,2018.01.05,215,24954
华润二十四城五期 2室1厅 76.28平米,2018.01.05,175,22942
华润二十四城二期 2室1厅 65.3平米,2018.01.02,198,30322
华润二十四城一期 3室2厅 116.99平米,2017.12.30,280,23934
华润二十四城六期 2室1厅 69.95平米,2017.12.30,192.8,27563
华润二十四城四期 4室2厅 146.28平米,2017.12.27,437,29875
华润二十四城二期 2室1厅 68.4平米,2017.12.26,185,27047
华润二十四城二期 3室1厅 83.39平米,2017.12.25,227,27222
华润二十四城一期 2室2厅 90.16平米,2017.12.24,218,24180
华润二十四城二期 3室2厅 83.39平米,2017.12.17,234.5,28121
华润二十四城二期 3室1厅 83.39平米,2017.12.14,214.6,25735
华润二十四城六期 3室2厅 95.37平米,2017.12.12,238.9,25050
华润二十四城一期 2室1厅 90.16平米,2017.12.11,215,23847
华润二十四城二期 3室2厅 82.07平米,2017.12.04,260,31681
华润二十四城六期 3室2厅 88.3平米,2017.12.03,227,25708
华润二十四城二期 2室2厅 56.23平米,2017.11.26,145,25787
华润二十四城二期 4室2厅 90.22平米,2017.11.24,360,39903
华润二十四城一期 3室2厅 89.31平米,2017.11.21,234,26201
华润二十四城五期 2室1厅 80.2平米,2017.11.15,190,23691
华润二十四城一期 2室2厅 86.17平米,2017.11.11,230,26692
华润二十四城二期 2室1厅 68.4平米,2017.11.07,177.5,25951
华润二十四城二期 2室2厅 65.28平米,2017.11.04,174,26653
华润二十四城六期 2室1厅 69.79平米,2017.11.02,195,27941
华润二十四城四期 4室2厅 146.28平米,2017.10.31,405,27687
华润二十四城二期 3室1厅 74.29平米,2017.10.26,195,26249
华润二十四城三期 3室2厅 104平米,2017.10.25,290,27885
华润二十四城一期 5室2厅 144.3平米,2017.10.25,380,26335
华润二十四城二期 3室2厅 74.66平米,2017.10.25,195,26119
华润二十四城二期 3室2厅 79.53平米,2017.10.24,225,28292
华润二十四城一期 2室2厅 86.16平米,2017.10.22,200,23213
华润二十四城五期 1室1厅 50.85平米,2017.10.22,95,18683
华润二十四城四期 2室2厅 79.14平米,2017.10.18,199.8,25247
华润二十四城四期 3室1厅 89平米,2017.10.15,224.5,25225
华润二十四城一期 2室1厅 89.74平米,2017.10.15,215,23959
华润二十四城一期 3室2厅 88.39平米,2017.10.14,222,25116
华润二十四城二期 3室1厅 83.39平米,2017.10.14,260,31179
华润二十四城二期 3室1厅 74.28平米,2017.10.14,185,24906
华润二十四城二期 2室2厅 56.23平米,2017.10.13,142,25254
华润二十四城二期 3室2厅 73.63平米,2017.10.12,200,27163
华润二十四城二期 5室2厅 117.11平米,2017.10.12,365,31168
华润二十四城二期 3室2厅 88.3平米,2017.10.03,220,24916
华润二十四城二期 3室2厅 79.53平米,2017.09.30,215,27034
华润二十四城二期 3室2厅 83.39平米,2017.09.29,235,28181
华润二十四城二期 2室1厅 68.4平米,2017.09.28,162.5,23758
华润二十四城四期 3室2厅 89.49平米,2017.09.26,223,24919
华润二十四城一期 2室2厅 86.17平米,2017.09.25,183,21238
华润二十四城五期 3室2厅 95.69平米,2017.09.24,250,26127
华润二十四城二期 2室2厅 68.23平米,2017.09.20,165,24183
华润二十四城二期 3室2厅 74.75平米,2017.09.19,175,23412
华润二十四城五期 2室2厅 76.79平米,2017.09.18,176.5,22985
华润二十四城五期 2室1厅 80平米,2017.09.16,178,22250
华润二十四城五期 3室2厅 107平米,2017.09.15,262,24486
华润二十四城一期 3室1厅 89.04平米,2017.09.15,190,21339
华润二十四城一期 3室2厅 116.99平米,2017.09.15,225,19233
华润二十四城一期 3室2厅 124.83平米,2017.09.15,275,22030
华润二十四城四期 3室2厅 86.37平米,2017.09.11,221.5,25646
华润二十四城二期 3室2厅 74.29平米,2017.09.10,182.5,24566
华润二十四城三期 2室1厅 83.81平米,2017.09.09,190,22671
华润二十四城二期 2室2厅 68.23平米,2017.09.09,160,23451
华润二十四城一期 2室2厅 90.16平米,2017.09.05,179,19854
华润二十四城五期 2室2厅 79.91平米,2017.09.04,173.6,21725
华润二十四城六期 3室2厅 88.32平米,2017.08.29,190,21513
华润二十四城一期 2室1厅 86.16平米,2017.08.28,178.5,20718
华润二十四城二期 3室2厅 88.48平米,2017.08.28,208.6,23576
华润二十四城五期 3室2厅 88.38平米,2017.08.27,167,18896
华润二十四城一期 2室1厅 90.16平米,2017.08.26,176,19521
华润二十四城五期 2室2厅 77.78平米,2017.08.26,165,21214
华润二十四城一期 3室1厅 89.04平米,2017.08.26,180,20216
华润二十四城三期 3室2厅 89平米,2017.08.25,215,24158
华润二十四城一期 5室2厅 144.03平米,2017.08.23,375,26037
华润二十四城一期 2室2厅 90.59平米,2017.08.22,185,20422
华润二十四城二期 2室1厅 68.23平米,2017.08.21,160,23451
华润二十四城三期 3室2厅 89.05平米,2017.08.18,200,22460
华润二十四城一期 2室1厅 89.75平米,2017.08.18,177,19722
华润二十四城四期 4室2厅 147.54平米,2017.08.18,350,23723
华润二十四城六期 3室2厅 88平米,2017.08.18,177,20114
华润二十四城一期 2室1厅 86.16平米,2017.08.16,169,19615
华润二十四城二期 5室2厅 117.11平米,2017.08.15,360,30741
华润二十四城四期 4室2厅 145.17平米,2017.08.14,289,19908
华润二十四城二期 2室2厅 65.3平米,2017.08.13,140,21440
华润二十四城五期 2室2厅 79.91平米,2017.08.13,173,21650
华润二十四城二期 2室1厅 68.4平米,2017.08.10,152,22223
华润二十四城一期 3室2厅 124.83平米,2017.08.10,246.6,19755
华润二十四城二期 2室1厅 68.4平米,2017.08.06,150,21930
华润二十四城二期 3室2厅 80.97平米,2017.08.06,190,23466
华润二十四城三期 4室2厅 128.14平米,2017.08.01,230,17950
华润二十四城一期 2室2厅 88.36平米,2017.08.01,167.8,18991
华润二十四城四期 3室2厅 89.31平米,2017.07.30,177,19819
华润二十四城六期 3室2厅 95.5平米,2017.07.29,210,21990
华润二十四城二期 2室2厅 56.23平米,2017.07.24,123,21875
华润二十四城二期 2室2厅 55.51平米,2017.07.23,115,20717
华润二十四城五期 1室1厅 50.85平米,2017.07.23,88.8,17464
华润二十四城一期 3室2厅 116.99平米,2017.07.17,248,21199
华润二十四城五期 1室1厅 50.85平米,2017.07.14,86,16913
华润二十四城二期 2室2厅 83.39平米,2017.07.13,188.2,22569
华润二十四城一期 3室2厅 89.84平米,2017.07.11,170,18923
华润二十四城二期 3室2厅 85.46平米,2017.07.10,182,21297
华润二十四城二期 2室1厅 65.3平米,2017.07.07,136,20827
华润二十四城二期 2室2厅 54.6平米,2017.07.06,115,21063
华润二十四城一期 2室2厅 89.74平米,2017.07.05,166,18498
华润二十四城一期 2室2厅 86.17平米,2017.07.04,158.6,18406
华润二十四城二期 2室1厅 65.3平米,2017.07.03,137.5,21057
华润二十四城二期 2室1厅 55.51平米,2017.07.03,117.8,21222
华润二十四城二期 2室1厅 65.28平米,2017.07.01,138,21140
华润二十四城二期 2室1厅 68.4平米,2017.07.01,132.6,19386
华润二十四城三期 4室2厅 128.48平米,2017.06.28,293,22806
华润二十四城一期 2室2厅 86.17平米,2017.06.26,165,19149
华润二十四城六期 2室2厅 69.79平米,2017.06.26,145,20777
华润二十四城二期 2室2厅 65.3平米,2017.06.25,141,21593
华润二十四城一期 3室2厅 125平米,2017.06.23,227.6,18208
华润二十四城六期 3室2厅 107.1平米,2017.06.20,260,24277
华润二十四城三期 4室2厅 128.45平米,2017.06.18,290,22577
华润二十四城二期 3室2厅 74.75平米,2017.06.11,160,21405
华润二十四城一期 5室2厅 144.45平米,2017.06.05,293,20284
华润二十四城二期 2室2厅 68.4平米,2017.06.04,134,19591
华润二十四城二期 2室2厅 68.23平米,2017.05.29,138,20226
华润二十四城二期 3室2厅 88.84平米,2017.05.24,182,20487
华润二十四城四期 3室2厅 88.35平米,2017.05.19,180,20374
华润二十四城二期 3室2厅 74.66平米,2017.05.14,156.5,20962
华润二十四城二期 2室1厅 68.23平米,2017.04.22,140,20519
华润二十四城六期 3室2厅 95.71平米,2017.04.22,199,20792
华润二十四城二期 2室2厅 65.28平米,2017.04.19,140,21447
华润二十四城二期 3室2厅 88.84平米,2017.04.14,180,20262
华润二十四城五期 1室2厅 50平米,2017.04.14,85,17000
华润二十四城六期 2室2厅 69.79平米,2017.04.12,135,19344
华润二十四城五期 2室1厅 76.79平米,2017.04.11,148,19274
华润二十四城五期 2室2厅 81平米,2017.04.10,150,18519
华润二十四城二期 2室2厅 56.23平米,2017.04.10,106,18852
华润二十四城五期 3室2厅 107平米,2017.04.09,193,18038
华润二十四城五期 2室2厅 77平米,2017.04.06,135,17533
华润二十四城五期 3室2厅 96.77平米,2017.04.01,198,20461
华润二十四城二期 2室2厅 68.23平米,2017.03.22,117,17148
华润二十四城一期 2室2厅 90.16平米,2017.03.22,170,18856
华润二十四城二期 2室2厅 68.23平米,2017.03.19,128,18761
华润二十四城二期 2室2厅 68.23平米,2017.03.19,128,18761
华润二十四城二期 3室2厅 79.53平米,2017.03.19,171.7,21590
华润二十四城一期 3室2厅 89.04平米,2017.03.19,177,19879
华润二十四城三期 2室2厅 89平米,2017.03.18,165,18540
华润二十四城四期 4室2厅 145.35平米,2017.03.18,291,20021
华润二十四城二期 1室1厅 56.23平米,2017.03.13,93,16540
华润二十四城一期 2室2厅 90.16平米,2017.03.12,145,16083
华润二十四城二期 3室2厅 77.52平米,2017.03.12,182,23478
华润二十四城一期 2室2厅 86.17平米,2017.03.12,134,15551
华润二十四城四期 3室2厅 86.37平米,2017.03.12,178,20610
华润二十四城三期 2室2厅 89平米,2017.03.11,150,16854
华润二十四城四期 4室2厅 188.93平米,2017.03.11,308,16303
华润二十四城一期 2室2厅 90.16平米,2017.03.11,137,15196
华润二十四城五期 3室2厅 107平米,2017.03.10,208,19440
华润二十四城一期 2室2厅 89.04平米,2017.03.09,145,16285
华润二十四城六期 2室2厅 70平米,2017.03.09,115,16429
华润二十四城一期 2室2厅 90.17平米,2017.03.09,135,14972
华润二十四城四期 4室2厅 147平米,2017.03.08,270,18368
华润二十四城一期 3室2厅 116.99平米,2017.03.08,180,15386
华润二十四城四期 3室2厅 88.43平米,2017.03.07,177,20016
华润二十四城一期 2室2厅 90.16平米,2017.03.07,145,16083
华润二十四城二期 3室2厅 80.97平米,2017.03.06,175,21613
华润二十四城四期 3室2厅 89.44平米,2017.03.04,162,18113
华润二十四城六期 3室2厅 88.11平米,2017.03.02,165,18727
华润二十四城三期 3室2厅 104.49平米,2017.03.02,216,20672
华润二十四城一期 3室2厅 89.84平米,2017.03.02,141,15695
华润二十四城四期 3室2厅 89平米,2017.03.01,152,17077
华润二十四城四期 3室2厅 88.34平米,2017.02.28,174,19697
华润二十四城一期 3室2厅 89平米,2017.02.26,144.5,16236
华润二十四城一期 3室1厅 116.99平米,2017.02.26,185,15814
华润二十四城一期 2室2厅 90.16平米,2017.02.26,138,15307
华润二十四城一期 2室2厅 90.16平米,2017.02.26,128.5,14253
华润二十四城三期 3室2厅 89平米,2017.02.26,160,17978
华润二十四城五期 2室2厅 80.03平米,2017.02.24,181.7,22702
华润二十四城四期 3室2厅 86.37平米,2017.02.24,163,18873
华润二十四城一期 3室2厅 124.83平米,2017.02.23,186,14901
华润二十四城一期 3室2厅 89.84平米,2017.02.23,145,16140
华润二十四城六期 3室2厅 96平米,2017.02.21,190,19792
华润二十四城二期 3室2厅 74.66平米,2017.02.20,135,18082
华润二十四城一期 2室2厅 90.16平米,2017.02.20,141,15639
华润二十四城一期 2室2厅 90.16平米,2017.02.19,134,14863
华润二十四城二期 2室2厅 65平米,2017.02.17,110,16924
华润二十四城二期 2室2厅 68.23平米,2017.02.15,121,17735
华润二十四城一期 3室2厅 89平米,2017.02.14,140,15731
华润二十四城一期 3室2厅 89.04平米,2017.02.14,142,15948
华润二十四城二期 3室2厅 74平米,2017.02.13,129.5,17500
华润二十四城一期 2室2厅 90.16平米,2017.02.13,131,14530
华润二十四城三期 3室2厅 89.21平米,2017.02.12,174,19505
华润二十四城一期 2室2厅 86平米,2017.02.12,134,15582
华润二十四城四期 3室2厅 89平米,2017.02.10,165,18540
华润二十四城一期 2室2厅 86.16平米,2017.02.10,131,15205
华润二十四城二期 2室2厅 56.23平米,2017.02.10,91.2,16220
华润二十四城一期 2室2厅 90.16平米,2017.02.09,123,13643
华润二十四城二期 3室2厅 89平米,2017.02.09,165,18540
华润二十四城二期 2室2厅 68.23平米,2017.02.08,118,17295
华润二十四城一期 3室2厅 89.04平米,2017.02.06,126,14151
华润二十四城二期 3室2厅 80.97平米,2017.02.05,134.5,16612
华润二十四城二期 2室2厅 55.51平米,2017.01.18,90,16214
华润二十四城一期 2室2厅 90.17平米,2017.01.16,127.5,14140
华润二十四城三期 3室1厅 114.34平米,2017.01.16,202,17667
华润二十四城三期 3室2厅 114平米,2017.01.13,228,20000
华润二十四城二期 3室2厅 88平米,2017.01.11,148,16819
华润二十四城二期 3室2厅 85.46平米,2017.01.08,180,21063
华润二十四城二期 2室2厅 65.3平米,2017.01.08,112.2,17183
华润二十四城一期 2室2厅 90.16平米,2017.01.08,130,14419
华润二十四城一期 3室2厅 124.85平米,2017.01.07,198,15860
华润二十四城一期 2室2厅 86.16平米,2017.01.05,127,14741
华润二十四城二期 2室1厅 68.23平米,2017.01.05,109,15976
华润二十四城一期 2室2厅 86.17平米,2017.01.03,127,14739
华润二十四城三期 3室2厅 89.2平米,2017.01.03,165,18498
华润二十四城一期 2室2厅 90.17平米,2016.12.29,115,12754
华润二十四城二期 3室2厅 83.39平米,2016.12.27,127.6,15302
华润二十四城一期 2室2厅 90.17平米,2016.12.27,118,13087
华润二十四城二期 2室2厅 68.4平米,2016.12.24,105,15351
华润二十四城二期 3室2厅 73.63平米,2016.12.19,126,17113
华润二十四城二期 2室1厅 55.51平米,2016.12.19,82,14773
华润二十四城二期 3室1厅 74.28平米,2016.12.18,123,16559
华润二十四城一期 5室2厅 144平米,2016.12.17,235,16320
华润二十四城二期 2室2厅 56.23平米,2016.12.04,85.8,15259
华润二十四城一期 2室2厅 90.16平米,2016.12.01,136,15085
华润二十四城一期 3室2厅 124.85平米,2016.11.29,190,15219
华润二十四城一期 3室2厅 89.04平米,2016.11.25,142.6,16016
华润二十四城一期 2室2厅 90.16平米,2016.11.24,127,14087
华润二十四城三期 4室2厅 128.14平米,2016.11.19,215,16779
华润二十四城三期 3室2厅 89.21平米,2016.11.18,156,17487
华润二十四城三期 3室2厅 89.42平米,2016.11.16,147,16440
华润二十四城二期 3室2厅 83.39平米,2016.11.14,126.5,15170
华润二十四城一期 2室2厅 90.16平米,2016.11.13,107,11868
华润二十四城一期 3室2厅 89.84平米,2016.11.12,124,13803
华润二十四城二期 3室2厅 74.28平米,2016.11.11,117,15752
华润二十四城二期 2室2厅 68.23平米,2016.11.10,102,14950
华润二十四城五期 3室2厅 87.15平米,2016.11.10,121.2,13908
华润二十四城一期 2室2厅 90.16平米,2016.11.07,129,14308
华润二十四城二期 4室2厅 90.22平米,2016.11.03,171.7,19032
华润二十四城一期 3室2厅 116.99平米,2016.11.01,140,11967
华润二十四城二期 2室2厅 65.3平米,2016.10.31,99.4,15219
华润二十四城二期 3室2厅 73.63平米,2016.10.31,107,14533
华润二十四城三期 2室1厅 83.63平米,2016.10.28,118,14110
华润二十四城一期 3室2厅 124.85平米,2016.10.28,170,13617
华润二十四城一期 2室2厅 86.17平米,2016.10.27,117,13578
华润二十四城一期 2室2厅 90.16平米,2016.10.26,129,14308
华润二十四城二期 2室2厅 68.4平米,2016.10.26,101.4,14825
华润二十四城一期 2室2厅 90.16平米,2016.10.25,108,11979
华润二十四城一期 2室1厅 86.17平米,2016.10.24,125.8,14600
华润二十四城二期 3室2厅 83.39平米,2016.10.23,121,14511
华润二十四城二期 3室2厅 88.3平米,2016.10.21,137,15516
华润二十四城四期 4室2厅 145.16平米,2016.10.17,192,13227
华润二十四城二期 3室2厅 88.48平米,2016.10.15,149.5,16897
华润二十四城一期 2室2厅 86.17平米,2016.10.15,115.5,13404
华润二十四城一期 3室2厅 89.04平米,2016.10.14,118,13253
华润二十四城六期 3室2厅 88.32平米,2016.10.11,125,14154
华润二十四城二期 2室2厅 68.23平米,2016.10.10,93,13631
华润二十四城二期 2室2厅 65.3平米,2016.10.09,95.5,14625
华润二十四城一期 2室2厅 90.16平米,2016.10.09,124.5,13809
华润二十四城五期 3室2厅 95.98平米,2016.10.08,138,14378
华润二十四城六期 3室1厅 95.69平米,2016.10.07,146,15258
华润二十四城二期 2室2厅 68.4平米,2016.10.06,96.8,14153
华润二十四城五期 2室2厅 81.07平米,2016.10.06,97.6,12039
华润二十四城六期 3室2厅 94.22平米,2016.10.04,135,14329
华润二十四城二期 3室2厅 74.28平米,2016.10.03,112.8,15186
华润二十四城四期 3室2厅 88.35平米,2016.10.02,145,16412
华润二十四城四期 3室2厅 87.41平米,2016.10.02,148.7,17010
华润二十四城二期 3室2厅 74.29平米,2016.10.01,97,13057
华润二十四城一期 2室2厅 90.16平米,2016.09.30,120,13310
华润二十四城一期 3室2厅 116.99平米,2016.09.30,139.5,11925
华润二十四城二期 2室2厅 68.4平米,2016.09.30,94,13743
华润二十四城一期 2室2厅 89.75平米,2016.09.30,123,13705
华润二十四城二期 3室2厅 83.39平米,2016.09.29,110,13192
华润二十四城四期 3室2厅 127.17平米,2016.09.29,190,14941
华润二十四城一期 3室2厅 89.04平米,2016.09.29,114.5,12860
华润二十四城五期 2室2厅 79.91平米,2016.09.28,105,13140
华润二十四城一期 3室2厅 89.31平米,2016.09.27,99,11085
华润二十四城一期 5室2厅 144.01平米,2016.09.27,203.8,14152
华润二十四城四期 5室2厅 188.93平米,2016.09.27,235,12439
华润二十四城二期 3室2厅 77.41平米,2016.09.26,122,15761
华润二十四城一期 2室2厅 89.75平米,2016.09.26,118,13148
华润二十四城二期 3室2厅 74.75平米,2016.09.26,103,13780
华润二十四城一期 2室2厅 90.16平米,2016.09.26,110,12201
华润二十四城一期 3室2厅 124.85平米,2016.09.25,153,12255
华润二十四城一期 2室2厅 90.16平米,2016.09.24,120,13310
华润二十四城二期 3室2厅 88.48平米,2016.09.24,126,14241
华润二十四城二期 3室2厅 78.71平米,2016.09.24,124.5,15818
华润二十四城二期 3室2厅 83.39平米,2016.09.24,137,16429
华润二十四城二期 2室2厅 56.23平米,2016.09.24,75,13339
华润二十四城二期 2室2厅 68.4平米,2016.09.23,94,13743
华润二十四城四期 3室2厅 127平米,2016.09.22,181,14252
华润二十四城一期 3室2厅 116.99平米,2016.09.21,146,12480
华润二十四城二期 3室2厅 85.44平米,2016.09.21,115,13460
华润二十四城一期 2室2厅 90.16平米,2016.09.21,118,13088
华润二十四城三期 3室2厅 88.92平米,2016.09.20,140,15745
华润二十四城一期 2室2厅 88.35平米,2016.09.19,106.8,12089
华润二十四城二期 5室2厅 117.11平米,2016.09.17,207,17676
华润二十四城一期 3室2厅 89.84平米,2016.09.14,108,12022
华润二十四城一期 4室2厅 144.43平米,2016.09.13,253.8,17573
华润二十四城一期 3室2厅 88.39平米,2016.09.13,116,13124
华润二十四城二期 2室2厅 68.23平米,2016.09.13,91.8,13455
华润二十四城二期 5室2厅 116.53平米,2016.09.12,202,17335
华润二十四城一期 2室2厅 86.16平米,2016.09.11,115,13348
华润二十四城三期 3室2厅 89.42平米,2016.09.11,133.6,14941
华润二十四城二期 3室2厅 88平米,2016.09.11,133.5,15171
华润二十四城一期 5室2厅 144.45平米,2016.09.10,181.9,12593
华润二十四城一期 3室2厅 89.05平米,2016.09.09,99,11118
华润二十四城二期 2室2厅 54.6平米,2016.09.08,79.8,14616
华润二十四城二期 3室2厅 88.48平米,2016.09.08,117,13224
华润二十四城二期 2室1厅 68.4平米,2016.09.07,93.8,13714
华润二十四城五期 3室2厅 87.47平米,2016.09.04,118,13491
华润二十四城三期 3室2厅 89.21平米,2016.09.02,133,14909
华润二十四城二期 2室2厅 68.4平米,2016.08.30,89,13012
华润二十四城一期 2室2厅 86.17平米,2016.08.29,104,12070
华润二十四城二期 2室2厅 56.23平米,2016.08.28,75.4,13401
华润二十四城四期 3室2厅 135.77平米,2016.08.28,186.8,13759
华润二十四城二期 3室2厅 80.97平米,2016.08.27,118,14574
华润二十四城一期 2室2厅 89.75平米,2016.08.27,107.8,12012
华润二十四城四期 3室2厅 89.44平米,2016.08.26,115,12858
华润二十四城一期 3室2厅 124.85平米,2016.08.24,165,13216
华润二十四城一期 2室2厅 90.16平米,2016.08.23,96,10648
华润二十四城一期 3室2厅 104.91平米,2016.08.23,160,15252
华润二十四城三期 4室2厅 128.45平米,2016.08.20,182,14169
华润二十四城一期 2室2厅 86.16平米,2016.08.15,105,12187
华润二十四城五期 3室2厅 84.09平米,2016.08.15,109,12963
华润二十四城五期 2室2厅 76.67平米,2016.08.14,94,12261
华润二十四城二期 2室1厅 56.23平米,2016.08.09,73,12983
华润二十四城六期 2室2厅 69.79平米,2016.08.07,96.6,13842
华润二十四城二期 3室2厅 79.53平米,2016.08.03,113.1,14222
华润二十四城四期 3室2厅 127.03平米,2016.08.03,170,13383
华润二十四城二期 4室2厅 65.3平米,2016.08.03,122,18684
华润二十四城二期 3室2厅 88.48平米,2016.08.02,116,13111
华润二十四城六期 4室2厅 129.94平米,2016.08.01,157,12083
华润二十四城五期 3室2厅 85.6平米,2016.08.01,119.4,13949
华润二十四城二期 3室2厅 83.39平米,2016.07.31,110,13192
华润二十四城一期 2室2厅 88.35平米,2016.07.30,99,11206
华润二十四城二期 3室2厅 74.66平米,2016.07.28,99.5,13328
华润二十四城一期 2室2厅 86.17平米,2016.07.25,106.3,12337
华润二十四城二期 3室2厅 83.39平米,2016.07.25,103,12352
华润二十四城二期 3室2厅 74.75平米,2016.07.24,99.5,13312
华润二十四城三期 3室2厅 89.05平米,2016.07.24,125,14038
华润二十四城三期 2室2厅 89.29平米,2016.07.23,119.5,13384
华润二十四城二期 3室2厅 83.39平米,2016.07.18,114.5,13731
华润二十四城二期 3室2厅 88平米,2016.07.17,111,12614
华润二十四城二期 4室2厅 90.05平米,2016.07.15,290,32205
华润二十四城四期 4室2厅 145.16平米,2016.07.15,160,11023
华润二十四城三期 3室2厅 104.49平米,2016.07.15,143,13686
华润二十四城二期 5室2厅 116.53平米,2016.07.12,182,15619
华润二十四城五期 3室2厅 87.35平米,2016.07.11,105,12021
华润二十四城一期 5室2厅 144.01平米,2016.07.10,270,18749
华润二十四城一期 5室2厅 144.03平米,2016.07.10,212,14720
华润二十四城一期 2室2厅 88.36平米,2016.07.10,109,12336
华润二十四城五期 2室2厅 77.78平米,2016.07.09,83,10672
华润二十四城六期 3室2厅 95.72平米,2016.07.09,112,11701
华润二十四城四期 4室2厅 146.28平米,2016.07.05,186,12716
华润二十四城二期 3室2厅 73.73平米,2016.07.02,96.5,13089
华润二十四城二期 3室2厅 83.39平米,2016.06.30,105,12592
华润二十四城三期 5室2厅 252.21平米,2016.06.30,400,15860
华润二十四城二期 3室2厅 80.97平米,2016.06.30,107.6,13289
华润二十四城六期 2室2厅 69.95平米,2016.06.30,80,11437
华润二十四城六期 2室2厅 69.95平米,2016.06.30,80,11437
华润二十四城四期 3室2厅 145.16平米,2016.06.30,180,12401
华润二十四城三期 3室2厅 89.07平米,2016.06.30,119.5,13417
华润二十四城四期 4室2厅 145.26平米,2016.06.30,161,11084
华润二十四城一期 2室2厅 90.16平米,2016.06.29,89,9872
华润二十四城五期 3室2厅 85.72平米,2016.06.26,100,11666
华润二十四城二期 2室2厅 56.23平米,2016.06.22,72,12805
华润二十四城五期 3室2厅 95.69平米,2016.06.21,155,16199
华润二十四城五期 2室2厅 76.85平米,2016.06.17,84,10931
华润二十四城五期 1室2厅 49.07平米,2016.06.17,54,11005
华润二十四城六期 3室2厅 95.6平米,2016.06.17,123,12867
华润二十四城二期 3室2厅 84.59平米,2016.06.16,109,12886
华润二十四城二期 3室2厅 78.71平米,2016.06.14,128,16263
华润二十四城二期 3室2厅 74.28平米,2016.06.13,96,12925
华润二十四城一期 2室2厅 86.16平米,2016.06.12,91,10562
华润二十四城一期 3室2厅 124.83平米,2016.06.11,160,12818
华润二十四城一期 2室2厅 90.17平米,2016.06.08,98,10869
华润二十四城一期 3室2厅 105.29平米,2016.06.08,145,13772
华润二十四城三期 2室2厅 89.29平米,2016.06.08,118.2,13238
华润二十四城二期 3室2厅 83.39平米,2016.06.07,102,12232
华润二十四城五期 2室1厅 81.16平米,2016.06.07,76,9365
华润二十四城二期 2室2厅 65.28平米,2016.06.05,84,12868
华润二十四城一期 4室2厅 89平米,2016.06.05,129,14495
华润二十四城三期 2室2厅 89.07平米,2016.06.04,133,14933
华润二十四城四期 3室2厅 136.54平米,2016.06.04,210.6,15425
华润二十四城四期 4室2厅 145.26平米,2016.06.04,183.8,12654
华润二十四城二期 3室2厅 86.11平米,2016.06.04,109,12659
华润二十四城二期 3室2厅 88.48平米,2016.06.03,126.5,14298
华润二十四城三期 3室2厅 89.21平米,2016.06.02,110,12331
华润二十四城三期 5室2厅 155.88平米,2016.05.31,248.8,15961
华润二十四城二期 3室2厅 78.31平米,2016.05.31,125,15963
华润二十四城一期 2室2厅 88.36平米,2016.05.31,102.5,11601
华润二十四城一期 2室2厅 90.16平米,2016.05.28,90,9983
华润二十四城二期 3室2厅 88.3平米,2016.05.26,112,12685
华润二十四城三期 2室2厅 89.05平米,2016.05.25,127.5,14318
华润二十四城二期 3室2厅 88.84平米,2016.05.25,118,13283
华润二十四城一期 3室2厅 116.99平米,2016.05.23,127,10856
华润二十四城三期 5室2厅 155.88平米,2016.05.22,210,13472
华润二十四城二期 3室2厅 83.39平米,2016.05.21,108,12952
华润二十四城一期 2室2厅 90.16平米,2016.05.19,100,11092
华润二十四城二期 2室2厅 68.23平米,2016.05.19,88,12898
华润二十四城一期 2室2厅 86.17平米,2016.05.16,103,11954
华润二十四城三期 5室2厅 205.03平米,2016.05.16,247,12048
华润二十四城五期 3室2厅 85.6平米,2016.05.15,115,13435
华润二十四城二期 2室2厅 68.4平米,2016.05.15,83,12135
华润二十四城二期 2室2厅 68.23平米,2016.05.10,86,12605
华润二十四城二期 5室2厅 116.53平米,2016.05.08,165,14160
华润二十四城一期 2室2厅 90.16平米,2016.05.06,98.5,10926
华润二十四城三期 3室2厅 89.29平米,2016.05.05,110,12320
华润二十四城五期 1室1厅 49.07平米,2016.04.30,52.5,10700
华润二十四城二期 3室2厅 77.81平米,2016.04.29,102,13109
华润二十四城五期 3室2厅 87.15平米,2016.04.28,95,10901
华润二十四城二期 2室2厅 68.4平米,2016.04.26,86.2,12603
华润二十四城二期 2室2厅 68.4平米,2016.04.23,84.5,12354
华润二十四城三期 4室2厅 128.16平米,2016.04.21,185,14436
华润二十四城一期 2室2厅 90.17平米,2016.04.21,88.6,9826
华润二十四城一期 2室2厅 90.16平米,2016.04.19,103.5,11480
华润二十四城五期 3室2厅 95.69平米,2016.04.18,121,12645
华润二十四城三期 2室2厅 89平米,2016.04.17,135,15169
华润二十四城二期 3室2厅 83.39平米,2016.04.17,104,12472
华润二十四城二期 2室2厅 56.23平米,2016.04.17,75.5,13427
华润二十四城一期 2室2厅 86.16平米,2016.04.09,93,10794
华润二十四城二期 3室1厅 74.28平米,2016.04.09,135,18175
华润二十四城四期 4室2厅 145.26平米,2016.04.08,157,10809
华润二十四城二期 3室2厅 73.63平米,2016.04.08,95.8,13012
华润二十四城五期 3室2厅 95.48平米,2016.04.07,108.1,11322
华润二十四城一期 3室2厅 124.83平米,2016.04.04,206,16503
华润二十四城四期 3室2厅 86.92平米,2016.04.03,102,11735
华润二十四城六期 2室2厅 69.95平米,2016.04.01,80,11437
华润二十四城一期 2室2厅 90.16平米,2016.04.01,98,10870
华润二十四城四期 3室2厅 88.2平米,2016.03.26,120,13606
华润二十四城五期 2室2厅 86.77平米,2016.03.26,115,13254
华润二十四城一期 3室2厅 124.85平米,2016.03.25,134,10733
华润二十四城四期 3室2厅 89.49平米,2016.03.25,101,11287
华润二十四城二期 3室2厅 88.3平米,2016.03.25,109.5,12401
华润二十四城三期 2室2厅 89.07平米,2016.03.24,127,14259
华润二十四城三期 3室2厅 89.43平米,2016.03.24,123.8,13844
华润二十四城二期 2室2厅 65.28平米,2016.03.23,86,13175
华润二十四城二期 3室2厅 80.97平米,2016.03.21,97,11980
华润二十四城一期 3室2厅 124.85平米,2016.03.19,143.5,11494
华润二十四城一期 2室2厅 90.16平米,2016.03.18,88,9761
华润二十四城二期 3室2厅 74.75平米,2016.03.16,90,12041
华润二十四城二期 3室2厅 79.53平米,2016.03.16,95,11946
华润二十四城一期 2室2厅 90.16平米,2016.03.15,96.6,10715
华润二十四城二期 2室1厅 65.28平米,2016.03.15,85,13021
华润二十四城四期 3室2厅 88.2平米,2016.03.14,112.3,12733
华润二十四城二期 3室2厅 88.3平米,2016.03.13,133,15063
华润二十四城四期 3室2厅 135.77平米,2016.03.13,175.5,12927
华润二十四城一期 2室2厅 89.75平米,2016.03.12,95,10585
华润二十四城二期 1室2厅 56.23平米,2016.03.10,77,13694
华润二十四城二期 3室2厅 86.11平米,2016.03.10,106,12310
华润二十四城二期 2室1厅 54.6平米,2016.03.08,74,13554
华润二十四城二期 2室2厅 54.6平米,2016.03.08,71,13004
华润二十四城四期 3室2厅 88.34平米,2016.03.07,99,11207
华润二十四城一期 2室2厅 86.16平米,2016.03.07,90,10446
华润二十四城一期 3室2厅 124.85平米,2016.03.06,124,9932
华润二十四城三期 4室2厅 128.16平米,2016.03.06,168,13109
华润二十四城三期 4室2厅 128.16平米,2016.03.06,168,13109
华润二十四城二期 2室2厅 68.4平米,2016.03.05,82.9,12117
华润二十四城二期 3室2厅 83.39平米,2016.03.04,91,10913
华润二十四城二期 3室2厅 73.63平米,2016.03.02,89,12088
华润二十四城三期 3室2厅 89.21平米,2016.03.01,136,15245
华润二十四城五期 3室2厅 96平米,2016.02.29,124,12917
华润二十四城二期 3室2厅 88.48平米,2016.02.28,113.9,12873
华润二十四城二期 2室2厅 56.23平米,2016.02.26,72,12805
华润二十四城二期 2室2厅 68.4平米,2016.02.25,84.3,12325
华润二十四城四期 3室2厅 88.2平米,2016.02.22,110,12472
华润二十四城二期 3室2厅 73.63平米,2016.02.20,89.6,12169
华润二十四城三期 4室2厅 128.14平米,2016.02.19,165,12877
华润二十四城三期 4室2厅 128.14平米,2016.02.18,170,13267
华润二十四城一期 3室2厅 124.85平米,2016.02.04,131,10493
华润二十四城四期 3室2厅 86.37平米,2016.01.31,98.5,11405
华润二十四城五期 1室1厅 50.05平米,2016.01.28,48,9591
华润二十四城三期 4室2厅 146.84平米,2016.01.28,222.9,15180
华润二十四城六期 3室2厅 107.24平米,2016.01.28,123,11470
华润二十四城三期 4室2厅 143.62平米,2016.01.28,166,11559
华润二十四城四期 3室2厅 86.37平米,2016.01.24,95,11000
华润二十四城三期 3室2厅 89.21平米,2016.01.19,138.5,15526
华润二十四城一期 2室2厅 89.75平米,2016.01.18,88,9806
华润二十四城二期 3室2厅 74.66平米,2016.01.16,91,12189
华润二十四城二期 3室2厅 79.53平米,2016.01.07,92.2,11594
华润二十四城二期 2室2厅 56.23平米,2016.01.06,68,12094
华润二十四城二期 3室2厅 85.44平米,2016.01.06,123.6,14467
华润二十四城一期 3室2厅 89.04平米,2016.01.05,101.6,11411
华润二十四城四期 4室2厅 145.16平米,2016.01.04,144.6,9962
华润二十四城一期 2室1厅 89.75平米,2015.12.29,106,11811
华润二十四城二期 3室2厅 79.53平米,2015.12.29,99.6,12524
华润二十四城二期 3室2厅 74.29平米,2015.12.25,92,12384
华润二十四城三期 4室2厅 128.47平米,2015.12.22,165,12844
华润二十四城五期 3室2厅 95.48平米,2015.12.22,95.5,10003
华润二十四城二期 2室2厅 65.28平米,2015.12.20,82,12562
华润二十四城二期 2室2厅 68.23平米,2015.12.20,85.2,12480
华润二十四城三期 2室1厅 89.29平米,2015.12.18,140,15680
华润二十四城二期 3室2厅 77.92平米,2015.12.18,96,12321
华润二十四城二期 5室2厅 116.53平米,2015.12.16,186.6,16014
华润二十四城四期 3室2厅 86.92平米,2015.12.15,102,11735
华润二十四城二期 2室2厅 68.23平米,2015.12.14,83,12165
华润二十四城二期 3室2厅 73.63平米,2015.12.12,92,12495
华润二十四城二期 3室2厅 74.75平米,2015.12.12,98,13111
华润二十四城二期 3室2厅 88.48平米,2015.12.11,105.5,11924
华润二十四城二期 2室2厅 83.39平米,2015.12.10,93,11153
华润二十四城二期 3室2厅 89.54平米,2015.12.07,162.5,18149
华润二十四城四期 4室2厅 146.28平米,2015.12.06,158,10802
华润二十四城一期 2室2厅 86.17平米,2015.12.06,89,10329
华润二十四城二期 3室2厅 79.53平米,2015.12.06,87,10940
华润二十四城四期 3室1厅 87.41平米,2015.12.05,96,10983
华润二十四城二期 3室2厅 74.74平米,2015.11.30,121.3,16230
华润二十四城一期 3室2厅 116.99平米,2015.11.28,110,9403
华润二十四城一期 2室2厅 86.16平米,2015.11.28,93,10794
华润二十四城四期 3室2厅 88.43平米,2015.11.27,88,9952
华润二十四城四期 3室2厅 88.35平米,2015.11.21,90,10187
华润二十四城一期 4室2厅 144.01平米,2015.11.17,172,11944
华润二十四城三期 4室2厅 128.16平米,2015.11.15,185,14436
华润二十四城一期 2室2厅 90.16平米,2015.11.15,85.5,9484
华润二十四城四期 2室2厅 84.84平米,2015.11.10,106.6,12565
华润二十四城四期 4室2厅 145.17平米,2015.11.09,140,9644
华润二十四城二期 2室2厅 65.3平米,2015.11.08,77.5,11869
华润二十四城二期 2室2厅 68.4平米,2015.11.08,78.5,11477
华润二十四城四期 3室2厅 86.92平米,2015.11.05,83,9550
华润二十四城二期 3室2厅 74.75平米,2015.11.02,86,11506
华润二十四城二期 2室1厅 56.23平米,2015.10.30,62.5,11116
华润二十四城一期 2室2厅 89平米,2015.10.24,210,23596
华润二十四城四期 4室2厅 146.28平米,2015.10.06,133.6,9133
华润二十四城二期 3室2厅 76.62平米,2015.10.04,94,12269
华润二十四城一期 2室1厅 90.17平米,2015.09.30,85,9427
华润二十四城二期 2室2厅 55.61平米,2015.09.29,71,12768
华润二十四城二期 5室2厅 117平米,2015.09.24,173.2,14804
华润二十四城二期 3室2厅 83.39平米,2015.09.20,103,12352
华润二十四城二期 3室2厅 89平米,2015.09.11,100.1,11238
华润二十四城二期 3室2厅 77.52平米,2015.09.10,96,12384
华润二十四城三期 5室2厅 198平米,2015.09.10,356,17980
华润二十四城二期 2室2厅 56.23平米,2015.09.07,74.8,13303
华润二十四城三期 2室2厅 89平米,2015.09.07,104.9,11787
华润二十四城一期 3室2厅 125平米,2015.09.07,118.5,9480
华润二十四城二期 2室2厅 68平米,2015.09.02,106,15589
华润二十四城二期 2室2厅 55.51平米,2015.08.24,68,12251
华润二十四城二期 3室2厅 83.39平米,2015.08.21,86,10313
华润二十四城二期 2室2厅 68.4平米,2015.08.20,78.5,11477
华润二十四城一期 2室2厅 86.16平米,2015.08.18,83,9634
华润二十四城一期 2室2厅 90.17平米,2015.08.16,100,11091
华润二十四城三期 3室1厅 89平米,2015.08.13,101,11349
华润二十四城二期 2室2厅 74.75平米,2015.08.05,85,11372
华润二十四城一期 3室2厅 89平米,2015.08.04,88,9888
华润二十四城一期 2室2厅 86.16平米,2015.08.03,85.5,9924
华润二十四城二期 2室2厅 68.4平米,2015.08.02,77.8,11375
华润二十四城二期 3室2厅 79.53平米,2015.07.29,95.5,12009
华润二十四城二期 5室2厅 83.39平米,2015.07.25,165,19787
华润二十四城一期 2室1厅 89平米,2015.07.23,83,9326
华润二十四城一期 3室2厅 89平米,2015.07.22,88.7,9967
华润二十四城二期 3室2厅 73.39平米,2015.07.21,90.9,12386
华润二十四城二期 1室1厅 29平米,2015.07.21,17,5863
华润二十四城二期 5室2厅 116.53平米,2015.07.21,156,13388
华润二十四城二期 4室2厅 90.22平米,2015.07.20,143,15848
华润二十四城一期 5室2厅 144平米,2015.07.18,177,12292
华润二十四城二期 2室2厅 68.4平米,2015.07.13,80,11696
华润二十四城二期 3室2厅 89平米,2015.07.13,96.6,10854
华润二十四城四期 3室2厅 89平米,2015.07.12,83,9325
华润二十四城二期 3室2厅 89平米,2015.07.12,103,11574
华润二十四城二期 3室2厅 73.73平米,2015.07.09,82.3,11163
华润二十四城二期 2室2厅 68.4平米,2015.07.09,94,13740
华润二十四城四期 4室2厅 145.17平米,2015.07.06,150,10333
华润二十四城二期 2室2厅 65平米,2015.07.06,79,12154
华润二十四城二期 3室2厅 74平米,2015.07.06,92,12422
华润二十四城二期 3室2厅 88平米,2015.06.29,116,13182
华润二十四城二期 3室2厅 74.66平米,2015.06.24,87,11653
华润二十四城一期 2室2厅 90.16平米,2015.06.23,94,10426
华润二十四城一期 2室2厅 86.17平米,2015.06.23,83,9633
华润二十四城四期 3室2厅 88.34平米,2015.06.20,83,9396
华润二十四城二期 2室2厅 65平米,2015.06.19,80,12308
华润二十四城一期 3室2厅 89.85平米,2015.06.11,93,10351
华润二十四城二期 3室2厅 74.75平米,2015.06.09,94,12576
华润二十四城二期 3室2厅 73.73平米,2015.06.07,91,12343
华润二十四城二期 3室2厅 88.48平米,2015.06.03,103,11642
华润二十四城四期 3室2厅 127平米,2015.05.23,126,9922
华润二十四城一期 2室2厅 90.17平米,2015.05.18,93,10314
华润二十四城四期 4室2厅 147平米,2015.05.14,136,9252
华润二十四城二期 1室1厅 28.06平米,2015.05.14,12,4277
华润二十四城二期 2室1厅 54.6平米,2015.05.12,64,11722
华润二十四城一期 3室2厅 124.83平米,2015.05.11,220,17624
华润二十四城二期 3室2厅 88.94平米,2015.05.11,94,10569
华润二十四城一期 2室2厅 90.17平米,2015.05.10,92,10203
华润二十四城一期 2室2厅 86.16平米,2015.05.05,89,10330
华润二十四城三期 3室2厅 89.2平米,2015.04.26,118,13229
华润二十四城二期 3室2厅 83.39平米,2015.04.24,85,10194
华润二十四城二期 3室2厅 73.63平米,2015.04.24,89,12088
华润二十四城一期 3室2厅 89平米,2015.04.20,85,9551
华润二十四城一期 2室2厅 86.16平米,2015.04.19,83,9634
华润二十四城二期 4室2厅 68.23平米,2015.04.16,112,16416
华润二十四城二期 --室--厅 88平米,2015.04.07,90,10228
华润二十四城二期 2室2厅 65.28平米,2015.04.07,76,11643
华润二十四城二期 --室--厅 68.4平米,2015.04.03,76,11112
华润二十四城二期 3室2厅 84.59平米,2015.04.02,96,11349
华润二十四城二期 3室2厅 79平米,2015.03.30,96,12152
华润二十四城二期 3室2厅 79.53平米,2015.03.22,88,11066
未知小区 2室2厅 90.16平米,2015.03.16,81,8985
华润二十四城二期 3室2厅 79平米,2015.03.14,83,10507
华润二十四城一期 2室2厅 90平米,2015.03.13,83.5,9278
华润二十四城四期 3室2厅 89平米,2015.03.08,85,9551
华润二十四城二期 2室2厅 68.4平米,2015.03.02,76.8,11229
华润二十四城四期 3室2厅 136平米,2015.03.02,185,13603
华润二十四城二期 2室2厅 65平米,2015.02.27,76.8,11816
未知小区 2室2厅 90.16平米,2015.02.03,83.9,9304
华润二十四城二期 2室2厅 68平米,2015.02.02,74,10883
华润二十四城四期 3室2厅 89平米,2015.01.26,86,9663
华润二十四城二期 5室2厅 116平米,2015.01.19,153.5,13233
华润二十四城二期 4室2厅 74.28平米,2015.01.10,123.9,16681
华润二十四城二期 2室2厅 65平米,2015.01.09,110,16924
华润二十四城二期 3室2厅 80.97平米,2014.12.31,86.5,10683
华润二十四城二期 2室2厅 65平米,2014.12.29,73,11231
华润二十四城二期 4室2厅 89.54平米,2014.12.28,142,15859
华润二十四城一期 3室2厅 89平米,2014.12.28,104,11686
未知小区 2室2厅 90.16平米,2014.12.28,89,9872
未知小区 2室2厅 89.75平米,2014.12.28,86.5,9638
华润二十四城二期 3室2厅 83平米,2014.12.26,85,10241
华润二十四城二期 1室4厅 85平米,2014.12.21,121,14236
华润二十四城三期 3室2厅 89平米,2014.12.14,107,12023
华润二十四城二期 3室2厅 83平米,2014.12.05,85,10241
华润二十四城二期 3室2厅 88平米,2014.11.30,97,11023
华润二十四城一期 5室2厅 144.03平米,2014.11.30,187,12984
华润二十四城三期 4室2厅 186平米,2014.11.25,210,11291
华润二十四城四期 3室2厅 88.34平米,2014.11.21,81,9170
华润二十四城三期 4室2厅 147.22平米,2014.11.20,150,10189
华润二十四城二期 3室2厅 79平米,2014.11.14,81,10254
华润二十四城四期 3室2厅 89平米,2014.11.12,85,9551
华润二十四城二期 2室2厅 65平米,2014.11.09,73,11231
未知小区 2室2厅 88.36平米,2014.11.05,98,11091
华润二十四城二期 2室2厅 68平米,2014.10.27,75,11030
华润二十四城二期 3室2厅 88平米,2014.10.19,92,10455
华润二十四城二期 2室1厅 54.6平米,2014.09.01,68,12455
华润二十四城三期 3室2厅 114平米,2014.08.31,122,10702
未知小区 2室2厅 86.17平米,2014.08.27,99,11489
华润二十四城二期 2室2厅 68.4平米,2014.08.23,78.5,11477
华润二十四城二期 3室2厅 80.97平米,2014.08.19,84,10375
华润二十四城二期 2室2厅 55.51平米,2014.08.18,61,10990
华润二十四城二期 3室2厅 88.48平米,2014.08.16,95.5,10794
华润二十四城二期 2室2厅 56.23平米,2014.08.13,67.8,12058
未知小区 2室2厅 90.17平米,2014.07.14,83,9205
未知小区 3室2厅 117平米,2014.07.13,115,9830
华润二十四城二期 3室2厅 88.48平米,2014.06.28,95,10737
华润二十四城一期 3室2厅 124.83平米,2014.06.22,140,11216
华润二十四城二期 2室2厅 65.3平米,2014.06.12,60,9189
华润二十四城二期 3室2厅 74平米,2014.05.29,80.5,10879
华润二十四城一期 2室2厅 86平米,2014.05.06,98.5,11454
华润二十四城一期 2室2厅 86.17平米,2014.04.15,103,11954
未知小区 3室2厅 116.99平米,2014.03.21,110,9403
华润二十四城一期 2室2厅 88.35平米,2014.03.04,92,10414
华润二十四城一期 3室2厅 143.76平米,2014.02.24,175,12174
华润二十四城一期 2室2厅 86.16平米,2014.02.22,92.5,10736
华润二十四城一期 5室2厅 143.78平米,2014.02.21,180,12520
未知小区 3室2厅 117平米,2014.02.19,117,10000
华润二十四城一期 3室2厅 125平米,2014.01.24,122,9760
华润二十四城二期 3室1厅 83平米,2014.01.19,91,10964
华润二十四城三期 2室2厅 89.27平米,2014.01.18,104,11651
华润二十四城一期 3室2厅 125平米,2014.01.17,130,10400
华润二十四城二期 2室1厅 68平米,2014.01.17,80,11765
华润二十四城二期 2室1厅 65平米,2014.01.12,83.8,12893
华润二十四城一期 2室2厅 90.13平米,2013.12.10,91.5,10153
华润二十四城三期 2室2厅 89平米,2013.12.07,110.5,12416
未知小区 2室2厅 90.17平米,2013.12.06,95,10536
华润二十四城二期 4室2厅 89.54平米,2013.12.06,133.5,14910
华润二十四城三期 3室2厅 89平米,2013.11.29,132.2,14854
华润二十四城一期 2室1厅 90.17平米,2013.11.15,94,10425
未知小区 3室2厅 104.91平米,2013.11.13,118,11248
华润二十四城一期 3室2厅 89平米,2013.11.08,128,14383
华润二十四城二期 3室2厅 83平米,2013.11.05,92,11085
未知小区 3室2厅 89.84平米,2013.10.22,96.5,10742
未知小区 3室2厅 89平米,2013.10.14,100,11236
华润二十四城二期 3室2厅 83平米,2013.10.10,91,10964
华润二十四城一期 5室2厅 144平米,2013.10.04,190,13195
华润二十四城二期 3室2厅 89平米,2013.09.17,106,11911
未知小区 3室1厅 89平米,2013.09.15,107.2,12045
未知小区 3室2厅 89平米,2013.09.04,103.7,11652
未知小区 2室2厅 90.18平米,2013.08.28,104,11531
华润二十四城一期 2室2厅 90.17平米,2013.08.26,90,9982
华润二十四城二期 3室2厅 83平米,2013.08.19,89,10723
华润二十四城二期 2室1厅 56平米,2013.08.15,70,12500
华润二十四城二期 3室2厅 89平米,2013.07.30,103,11574
华润二十四城二期 2室1厅 68.09平米,2013.07.29,83.4,12249
华润二十四城二期 2室2厅 65.3平米,2013.07.22,83.5,12788
华润二十四城二期 2室1厅 65平米,2013.07.18,84.8,13047
华润二十四城二期 2室1厅 68平米,2013.07.18,110.4,16236
华润二十四城二期 6室2厅 79平米,2013.07.16,146,18482
华润二十四城一期 3室2厅 125平米,2013.07.14,133,10640
未知小区 2室2厅 86平米,2013.07.14,84.6,9838
未知小区 3室2厅 116.99平米,2013.07.10,113,9659
华润二十四城一期 2室2厅 86.16平米,2013.07.07,85,9866
华润二十四城二期 3室2厅 89平米,2013.06.26,95,10675
华润二十四城一期 2室2厅 90.16平米,2013.06.25,91,10094
华润二十四城二期 3室2厅 74平米,2013.06.24,89,12028
华润二十四城一期 2室2厅 86平米,2013.06.08,102,11861
华润二十四城二期 3室2厅 89平米,2013.06.08,101,11349
华润二十四城一期 3室2厅 105平米,2013.06.05,121,11524
未知小区 2室2厅 90.17平米,2013.06.04,91,10093
华润二十四城一期 3室2厅 104.91平米,2013.06.02,118,11248
华润二十四城一期 2室2厅 89.76平米,2013.06.01,90.7,10103
华润二十四城二期 4室2厅 89平米,2013.05.19,203,22809
华润二十四城二期 3室2厅 74平米,2013.05.19,89,12028
华润二十四城一期 5室2厅 144平米,2013.05.15,174,12084
未知小区 3室2厅 89.85平米,2013.05.12,98.5,10963
华润二十四城一期 5室2厅 144平米,2013.04.23,168,11667
未知小区 3室2厅 90.6平米,2013.04.20,148,16336
未知小区 2室2厅 89平米,2013.04.06,99,11124
华润二十四城二期 3室2厅 83平米,2013.04.06,103,12410
华润二十四城二期 3室2厅 81平米,2013.04.05,100,12344
华润二十四城二期 2室1厅 56.23平米,2013.03.31,71.5,12716
华润二十四城一期 2室1厅 86.17平米,2013.03.29,90,10445
华润二十四城二期 3室2厅 75平米,2013.03.26,91,12134
未知小区 2室2厅 86.68平米,2013.03.24,93.4,10770
华润二十四城一期 2室2厅 89平米,2013.03.23,96,10787
华润二十四城二期 3室2厅 83平米,2013.03.20,89,10723
华润二十四城二期 3室1厅 74平米,2013.03.19,92.5,12500
华润二十四城一期 3室2厅 89平米,2013.03.16,95.5,10731
华润二十四城二期 2室2厅 56平米,2013.03.10,70,12500
华润二十四城一期 2室2厅 86.16平米,2013.03.09,90.3,10481
华润二十四城二期 3室2厅 78平米,2013.03.09,97,12436
华润二十四城二期 3室1厅 75平米,2013.03.06,86.5,11534
华润二十四城二期 2室1厅 68平米,2013.03.06,82.8,12177
华润二十四城二期 2室1厅 68平米,2013.03.05,83,12206
未知小区 2室2厅 89平米,2013.02.27,96,10787
华润二十四城二期 3室2厅 75平米,2013.02.23,96,12800
华润二十四城一期 2室2厅 86.16平米,2013.02.21,88,10214
华润二十四城一期 3室2厅 90.17平米,2013.02.19,150,16636
华润二十四城二期 5室2厅 117平米,2013.02.07,145,12394
华润二十四城一期 5室2厅 144平米,2013.02.05,192,13334
华润二十四城二期 3室2厅 89平米,2013.02.03,98.8,11102
华润二十四城二期 3室2厅 83平米,2013.02.02,85,10241
华润二十四城二期 3室2厅 80平米,2013.02.01,90,11250
华润二十四城二期 3室2厅 89平米,2013.01.27,96.5,10843
华润二十四城一期 2室2厅 86平米,2013.01.23,89.7,10428
华润二十四城二期 4室2厅 90平米,2013.01.21,125,13889
华润二十四城二期 2室2厅 65平米,2013.01.21,77,11847
华润二十四城二期 3室3厅 83平米,2013.01.20,138,16627
华润二十四城二期 5室1厅 117平米,2013.01.16,138,11795
华润二十四城二期 3室2厅 89平米,2013.01.04,95,10675
华润二十四城二期 2室2厅 56平米,2012.12.30,65,11608
华润二十四城一期 2室2厅 90.16平米,2012.12.27,85,9428
华润二十四城二期 4室2厅 83平米,2012.12.25,138.3,16663
未知小区 2室2厅 90.16平米,2012.12.23,85,9428
华润二十四城二期 3室2厅 77.41平米,2012.12.23,94.5,12208
未知小区 3室2厅 117平米,2012.12.13,97,8291
华润二十四城一期 5室2厅 144平米,2012.12.06,171,11875
未知小区 2室2厅 86平米,2012.11.11,98,11396
华润二十四城二期 3室2厅 80平米,2012.11.05,91.6,11450
华润二十四城一期 2室2厅 90平米,2012.10.28,88.5,9834
华润二十四城二期 2室2厅 65平米,2012.10.13,79.8,12277
华润二十四城二期 2室1厅 68平米,2012.10.08,105.5,15515
华润二十四城二期 2室2厅 68.75平米,2012.08.16,77,11200
华润二十四城二期 3室2厅 89平米,2012.08.14,102,11461
华润二十四城二期 3室1厅 83平米,2012.08.11,90,10844
华润二十四城二期 2室2厅 68.36平米,2012.08.05,83.8,12259
华润二十四城二期 3室2厅 79.77平米,2012.07.22,98,12286
华润二十四城二期 2室1厅 55平米,2012.07.01,62,11273
华润二十四城一期 2室2厅 89平米,2012.06.30,108,12135
华润二十四城一期 2室2厅 86平米,2012.06.30,88,10233
华润二十四城一期 3室2厅 125平米,2012.06.28,133.8,10704
华润二十四城二期 2室2厅 67平米,2012.06.18,76.5,11418
未知小区 3室2厅 89平米,2012.06.16,105,11798
华润二十四城二期 2室1厅 56平米,2012.06.15,66.5,11875
华润二十四城一期 3室2厅 125平米,2012.06.14,124,9920
华润二十四城二期 2室2厅 56.23平米,2012.06.13,66,11738
华润二十四城二期 3室2厅 89平米,2012.06.10,96.3,10821
华润二十四城一期 2室2厅 89.97平米,2012.06.03,88,9782
华润二十四城二期 3室2厅 89平米,2012.05.30,104,11686
华润二十四城二期 2室2厅 65平米,2012.05.29,76.2,11724
未知小区 3室2厅 117平米,2012.05.26,106,9060
华润二十四城二期 3室2厅 81平米,2012.05.24,82,10124
华润二十四城一期 3室2厅 89平米,2012.05.24,90,10113
华润二十四城二期 3室2厅 83平米,2012.05.20,89,10723
华润二十四城二期 2室2厅 56平米,2012.05.20,63.9,11411
华润二十四城二期 3室2厅 89平米,2012.05.19,96.5,10843
华润二十四城二期 3室2厅 74平米,2012.05.14,87,11757
华润二十四城二期 3室2厅 77平米,2012.05.14,117,15195
华润二十四城二期 4室2厅 90平米,2012.05.03,120,13334
华润二十四城二期 2室2厅 68平米,2012.04.29,77,11324
华润二十四城二期 2室2厅 79平米,2012.04.17,75,9494
未知小区 2室2厅 86平米,2012.04.14,85.5,9942
华润二十四城一期 3室1厅 89平米,2012.04.09,94.5,10618
华润二十四城二期 2室1厅 68平米,2012.04.09,76,11177
华润二十四城二期 3室2厅 74平米,2012.04.08,83,11217
华润二十四城一期 5室1厅 144平米,2012.04.05,160,11112
华润二十四城二期 3室2厅 82平米,2012.03.18,80,9757
华润二十四城二期 2室2厅 55平米,2012.02.19,59,10728
华润二十四城二期 2室2厅 74平米,2012.02.07,82,11082
华润二十四城二期 3室2厅 75平米,2012.01.17,81,10800
华润二十四城二期 3室2厅 89平米,2011.08.25,100,11236
华润二十四城二期 3室2厅 80平米,2011.05.16,87.3,10913
红枫岭二期 2室2厅 87.23平米,2018.03.14,141.5,16222
红枫岭三期 3室1厅 90.4平米,2018.03.04,174.9,19348
红枫岭三期 3室2厅 90.27平米,2018.03.03,169,18722
红枫岭二期 2室2厅 89.47平米,2018.02.24,155,17325
红枫岭二期 2室2厅 87.39平米,2018.02.12,140,16021
红枫岭三期 2室2厅 89平米,2018.02.11,148,16630
红枫岭三期 2室1厅 88.81平米,2018.02.10,152.6,17175
红枫岭二期 2室2厅 88.55平米,2018.02.09,175,19763
红枫岭二期 2室2厅 86.99平米,2018.02.09,141.8,16301
红枫岭三期 2室2厅 89.86平米,2018.02.06,148,16471
红枫岭三期 3室2厅 110.06平米,2018.02.04,207.6,18863
红枫岭三期 2室2厅 89平米,2018.02.03,152,17079
红枫岭二期 2室2厅 70.26平米,2018.01.24,120,17080
红枫岭二期 2室2厅 89.1平米,2018.01.17,155,17397
红枫岭二期 2室2厅 89.29平米,2018.01.08,142.5,15960
红枫岭三期 2室2厅 89.48平米,2018.01.08,140,15646
红枫岭二期 2室2厅 89.1平米,2018.01.07,157,17621
红枫岭三期 2室1厅 89.96平米,2018.01.06,149.6,16630
红枫岭三期 3室2厅 110.77平米,2017.12.29,205,18507
红枫岭三期 2室2厅 90.98平米,2017.12.24,148,16268
红枫岭二期 2室2厅 86.24平米,2017.12.23,138,16002
红枫岭二期 2室2厅 87.99平米,2017.12.22,150,17048
红枫岭二期 2室2厅 88.04平米,2017.12.20,142,16130
红枫岭三期 2室2厅 89.86平米,2017.12.20,155.5,17305
红枫岭二期 2室2厅 88.1平米,2017.12.17,145.5,16516
红枫岭二期 3室2厅 118.68平米,2017.12.17,200,16853
红枫岭二期 2室1厅 89.42平米,2017.12.14,145,16216
红枫岭三期 2室1厅 89.5平米,2017.12.10,148,16537
红枫岭三期 2室2厅 88.54平米,2017.12.09,146,16490
红枫岭三期 2室1厅 87.43平米,2017.12.07,142,16242
红枫岭二期 2室2厅 88.1平米,2017.12.04,154,17481
红枫岭二期 2室2厅 88.55平米,2017.11.26,153,17279
红枫岭三期 2室2厅 89.49平米,2017.11.23,146,16315
红枫岭三期 2室2厅 91.33平米,2017.11.15,137,15001
红枫岭二期 2室2厅 89.14平米,2017.11.12,150,16828
红枫岭二期 2室2厅 89.12平米,2017.11.12,146,16383
红枫岭三期 3室2厅 90.07平米,2017.11.09,153.8,17076
红枫岭二期 3室2厅 88.9平米,2017.11.04,149,16761
红枫岭三期 2室2厅 89.09平米,2017.10.27,145,16276
红枫岭二期 2室2厅 88.16平米,2017.10.26,138,15654
红枫岭二期 3室2厅 109.12平米,2017.10.23,143.9,13188
红枫岭三期 2室2厅 89.22平米,2017.10.22,131,14683
红枫岭二期 2室2厅 87.83平米,2017.10.21,137,15599
红枫岭三期 2室2厅 89平米,2017.10.18,140,15731
枫瑞苑 2室2厅 86.19平米,2017.10.18,141.8,16453
红枫岭二期 2室1厅 89.47平米,2017.10.15,142,15872
红枫岭二期 2室2厅 87.77平米,2017.10.14,135,15382
红枫岭三期 2室1厅 89.49平米,2017.10.13,137,15309
红枫岭二期 2室2厅 89平米,2017.10.10,140,15731
红枫岭二期 3室1厅 118.68平米,2017.10.08,179,15083
红枫岭二期 2室2厅 89平米,2017.10.07,130,14607
红枫岭二期 2室2厅 89.3平米,2017.10.01,128,14334
红枫岭三期 2室2厅 86.6平米,2017.09.30,130,15012
红枫岭二期 2室2厅 89.34平米,2017.09.30,140,15671
红枫岭三期 2室2厅 89.81平米,2017.09.29,129.2,14381
红枫岭二期 2室2厅 87.57平米,2017.09.29,136,15531
红枫岭三期 2室2厅 89平米,2017.09.24,138,15506
红枫岭三期 3室2厅 90.05平米,2017.09.24,140,15547
红枫岭三期 2室2厅 89.49平米,2017.09.24,140,15645
红枫岭二期 2室2厅 89.19平米,2017.09.23,125,14016
红枫岭三期 2室1厅 89.22平米,2017.09.23,127,14235
红枫岭三期 3室2厅 89.95平米,2017.09.20,133.5,14842
红枫岭三期 3室2厅 90平米,2017.09.20,138,15334
红枫岭三期 2室2厅 88.94平米,2017.09.12,126.5,14224
红枫岭三期 2室2厅 88.88平米,2017.09.11,125,14064
红枫岭三期 2室2厅 88.63平米,2017.09.11,138,15571
红枫岭二期 2室1厅 89.37平米,2017.09.10,120,13426
红枫岭二期 3室1厅 111平米,2017.09.09,166,14955
红枫岭三期 3室2厅 125.56平米,2017.09.07,178,14177
枫祥苑 3室2厅 87.93平米,2017.09.07,119,13534
红枫岭三期 3室2厅 132.91平米,2017.09.05,184.5,13882
红枫岭二期 2室2厅 88.16平米,2017.09.04,118,13385
枫祥苑 3室2厅 89.49平米,2017.09.04,122.8,13723
红枫岭三期 3室2厅 90.34平米,2017.09.03,129,14280
红枫岭三期 2室2厅 89.97平米,2017.09.03,133.5,14839
红枫岭三期 2室2厅 86.4平米,2017.09.03,126,14584
红枫岭三期 2室1厅 90.53平米,2017.09.02,115,12703
红枫岭二期 3室2厅 134.38平米,2017.09.02,180,13395
红枫岭三期 2室2厅 91.28平米,2017.09.01,115,12599
红枫岭三期 2室2厅 89平米,2017.08.31,117.4,13192
红枫岭二期 2室2厅 89.1平米,2017.08.31,138.5,15545
红枫岭二期 2室2厅 88.77平米,2017.08.31,119,13406
红枫岭三期 3室1厅 88.74平米,2017.08.27,129,14537
红枫岭三期 2室1厅 86.75平米,2017.08.27,124,14294
红枫岭三期 3室2厅 89.94平米,2017.08.23,132,14677
红枫岭二期 2室2厅 88.06平米,2017.08.22,115,13060
红枫岭二期 2室2厅 88平米,2017.08.16,125.2,14228
红枫岭二期 2室2厅 89.12平米,2017.08.14,122,13690
红枫岭三期 2室2厅 89平米,2017.08.09,117.6,13214
红枫岭三期 2室2厅 90平米,2017.08.09,125,13889
红枫岭三期 3室2厅 90.12平米,2017.08.08,130,14426
枫瑞苑 3室2厅 89平米,2017.08.08,132,14832
红枫岭三期 2室2厅 88.5平米,2017.08.06,114.5,12938
红枫岭二期 1室1厅 69.9平米,2017.08.05,97.2,13906
红枫岭三期 2室2厅 89.49平米,2017.08.03,115,12851
红枫岭三期 2室2厅 84.79平米,2017.08.02,112,13210
红枫岭三期 2室1厅 88.6平米,2017.07.31,107,12077
红枫岭三期 2室2厅 86.75平米,2017.07.31,109.5,12623
红枫岭三期 2室2厅 88.88平米,2017.07.31,120,13502
红枫岭二期 2室2厅 89.05平米,2017.07.30,106,11904
红枫岭二期 2室2厅 86.99平米,2017.07.30,108,12416
红枫岭二期 2室1厅 89.22平米,2017.07.29,116.5,13058
红枫岭三期 3室2厅 90.27平米,2017.07.29,129.5,14346
红枫岭三期 2室2厅 88.64平米,2017.07.28,111,12523
红枫岭三期 3室2厅 110.7平米,2017.07.26,152,13731
枫祥苑 3室2厅 89.49平米,2017.07.24,116.5,13019
红枫岭二期 2室2厅 89.06平米,2017.07.23,103.8,11656
红枫岭三期 3室2厅 124.63平米,2017.07.23,160,12839
红枫岭三期 2室2厅 89.49平米,2017.07.15,110,12292
红枫岭三期 2室2厅 86.4平米,2017.07.11,118.8,13750
红枫岭三期 2室2厅 88.63平米,2017.07.09,109.5,12355
红枫岭二期 2室2厅 87.57平米,2017.07.08,126,14389
红枫岭三期 2室2厅 88.6平米,2017.07.01,99.8,11259
红枫岭三期 3室2厅 133.15平米,2017.06.29,152,11416
红枫岭三期 2室2厅 88.89平米,2017.06.26,115,12938
红枫岭三期 2室2厅 88.73平米,2017.06.22,114,12848
枫瑞苑 3室2厅 89.88平米,2017.06.18,111.5,12406
红枫岭二期 2室2厅 88.56平米,2017.06.12,108,12196
红枫岭三期 2室2厅 87.39平米,2017.06.11,110,12588
红枫岭三期 2室2厅 88.97平米,2017.06.09,108,12139
红枫岭二期 2室2厅 88.75平米,2017.06.01,105,11831
红枫岭三期 3室2厅 90.14平米,2017.06.01,115,12758
红枫岭二期 2室2厅 89.3平米,2017.05.27,120,13438
红枫岭三期 2室1厅 89.95平米,2017.05.26,115.5,12841
红枫岭三期 3室2厅 88.18平米,2017.05.23,115,13042
枫瑞苑 2室1厅 85.65平米,2017.05.22,110.5,12902
红枫岭三期 2室1厅 87.39平米,2017.05.22,105,12016
红枫岭二期 2室2厅 88.38平米,2017.05.16,106,11994
红枫岭三期 2室2厅 89.01平米,2017.05.14,126,14156
红枫岭二期 2室2厅 88.55平米,2017.05.07,105,11858
枫瑞苑 3室2厅 89.91平米,2017.05.07,118,13125
红枫岭三期 3室2厅 110.33平米,2017.05.03,135.8,12309
红枫岭三期 3室2厅 110.77平米,2017.04.29,134.8,12170
红枫岭二期 2室2厅 85.03平米,2017.04.28,91,10703
红枫岭三期 2室2厅 89.7平米,2017.04.26,94,10480
红枫岭二期 2室2厅 89.34平米,2017.04.25,105,11753
红枫岭三期 3室2厅 90.18平米,2017.04.22,119,13196
红枫岭二期 2室2厅 89.1平米,2017.04.21,109,12234
红枫岭三期 2室2厅 89平米,2017.04.21,89,10000
红枫岭三期 2室2厅 88.66平米,2017.04.20,104,11731
红枫岭二期 2室2厅 87.77平米,2017.04.18,118.6,13513
枫瑞苑 2室2厅 85.6平米,2017.04.16,107,12500
红枫岭三期 2室2厅 86.7平米,2017.04.13,110,12688
红枫岭二期 2室2厅 89.42平米,2017.04.11,89,9954
红枫岭二期 2室2厅 87.83平米,2017.04.07,100,11386
红枫岭二期 2室2厅 89平米,2017.04.07,95,10675
红枫岭三期 2室2厅 89.36平米,2017.04.07,94.5,10576
红枫岭三期 2室2厅 89.01平米,2017.04.03,100,11235
红枫岭二期 3室2厅 111平米,2017.04.02,136,12253
红枫岭三期 2室2厅 89平米,2017.03.30,90,10113
红枫岭三期 2室2厅 86.89平米,2017.03.30,90,10358
红枫岭三期 2室2厅 90平米,2017.03.29,117.5,13056
红枫岭三期 2室1厅 90.35平米,2017.03.26,89,9851
红枫岭三期 2室2厅 87.68平米,2017.03.24,105,11976
红枫岭二期 2室2厅 89.42平米,2017.03.22,96,10736
枫祥苑 3室2厅 89.92平米,2017.03.21,97,10788
红枫岭二期 3室2厅 111平米,2017.03.21,120,10811
红枫岭三期 2室2厅 88.64平米,2017.03.21,119.8,13516
红枫岭二期 3室2厅 122平米,2017.03.20,139.8,11460
红枫岭二期 2室2厅 87.63平米,2017.03.20,87.6,9997
红枫岭二期 3室2厅 122.18平米,2017.03.19,150,12277
红枫岭二期 2室2厅 88.71平米,2017.03.17,100,11273
红枫岭二期 2室2厅 88.9平米,2017.03.16,87,9787
红枫岭二期 2室2厅 88.16平米,2017.03.14,89,10096
枫瑞苑 3室2厅 87.89平米,2017.03.14,95,10809
枫祥苑 3室2厅 89.9平米,2017.03.13,85.2,9478
红枫岭二期 2室2厅 88.92平米,2017.03.13,103,11584
红枫岭三期 3室2厅 90.3平米,2017.03.12,100,11075
红枫岭三期 2室2厅 88.6平米,2017.03.10,90,10159
红枫岭二期 2室2厅 88.13平米,2017.03.09,84,9532
红枫岭二期 2室2厅 88.98平米,2017.03.09,93,10452
红枫岭三期 2室2厅 86.19平米,2017.03.09,95,11023
枫祥苑 3室2厅 89.92平米,2017.03.08,90,10009
红枫岭二期 2室2厅 89平米,2017.03.07,81.5,9158
红枫岭二期 2室2厅 88.92平米,2017.03.06,85,9560
枫祥苑 3室2厅 89.5平米,2017.03.05,88,9833
红枫岭三期 3室2厅 90.23平米,2017.03.05,103,11416
红枫岭二期 2室2厅 89.15平米,2017.03.05,94,10545
红枫岭三期 3室2厅 87.77平米,2017.03.05,83.2,9480
红枫岭二期 2室2厅 88.06平米,2017.03.01,85.9,9755
红枫岭二期 3室2厅 122平米,2017.03.01,131,10738
红枫岭三期 2室2厅 88.63平米,2017.02.27,87,9817
红枫岭二期 2室2厅 89.3平米,2017.02.27,89.8,10056
红枫岭三期 2室2厅 87平米,2017.02.27,92,10575
红枫岭二期 2室2厅 89.3平米,2017.02.26,91,10191
红枫岭二期 2室2厅 89平米,2017.02.25,82,9214
红枫岭三期 2室2厅 88.63平米,2017.02.25,94.9,10708
红枫岭二期 2室2厅 89平米,2017.02.23,80,8989
枫祥苑 2室2厅 89平米,2017.02.22,75,8427
红枫岭二期 2室2厅 88平米,2017.02.22,86,9773
红枫岭二期 2室2厅 88.16平米,2017.02.21,74.9,8496
红枫岭三期 2室2厅 90.21平米,2017.02.21,90,9977
红枫岭三期 2室2厅 90.21平米,2017.02.19,80,8869
红枫岭二期 2室2厅 88.64平米,2017.02.19,81.6,9206
红枫岭三期 2室2厅 89平米,2017.02.19,88,9888
红枫岭三期 2室2厅 89.48平米,2017.02.19,81,9053
红枫岭三期 2室2厅 86.75平米,2017.02.14,82.5,9511
红枫岭二期 2室2厅 86.51平米,2017.02.14,80,9248
红枫岭三期 2室2厅 88.88平米,2017.02.12,78.8,8866
枫祥苑 3室2厅 89.83平米,2017.02.08,75.5,8405
红枫岭三期 2室2厅 90平米,2017.02.08,88.3,9806
红枫岭二期 2室2厅 89.42平米,2017.02.08,76,8500
红枫岭二期 2室2厅 89平米,2017.02.07,74.5,8371
红枫岭二期 2室2厅 88.55平米,2017.02.06,75,8470
红枫岭二期 2室2厅 89平米,2017.02.06,81,9102
红枫岭三期 2室2厅 88.64平米,2017.02.06,93.5,10549
红枫岭三期 2室2厅 89.64平米,2017.02.06,80.1,8934
红枫岭三期 2室2厅 88.53平米,2017.02.04,86,9715
红枫岭二期 3室2厅 122平米,2017.01.23,118,9673
红枫岭三期 2室2厅 90.21平米,2017.01.18,85,9423
红枫岭三期 2室2厅 89.09平米,2017.01.18,85.4,9586
红枫岭二期 2室2厅 86.24平米,2017.01.17,71,8233
红枫岭三期 2室2厅 89.66平米,2017.01.16,94.5,10540
红枫岭三期 3室2厅 123平米,2017.01.16,103,8374
红枫岭二期 2室2厅 86.45平米,2017.01.15,74,8560
红枫岭二期 2室2厅 88.1平米,2017.01.15,74,8400
红枫岭二期 2室2厅 69.94平米,2017.01.12,68,9723
红枫岭二期 2室2厅 89平米,2017.01.10,92,10338
红枫岭二期 2室2厅 89.48平米,2017.01.10,82,9165
红枫岭二期 2室2厅 88.1平米,2017.01.10,73,8287
红枫岭二期 3室2厅 111.6平米,2017.01.09,121,10843
红枫岭二期 2室2厅 87.17平米,2017.01.09,71,8146
红枫岭二期 2室2厅 89.12平米,2017.01.08,78,8753
红枫岭二期 2室2厅 89平米,2017.01.08,73,8203
红枫岭二期 3室2厅 134平米,2017.01.07,112,8359
红枫岭二期 2室2厅 89.35平米,2017.01.06,72,8059
枫瑞苑 3室2厅 89.17平米,2017.01.05,89,9981
红枫岭二期 3室2厅 111.9平米,2017.01.02,114,10188
红枫岭三期 2室2厅 89平米,2016.12.31,81,9102
红枫岭二期 2室2厅 89.46平米,2016.12.31,75,8384
红枫岭三期 2室2厅 88.75平米,2016.12.28,78,8789
红枫岭三期 2室2厅 86.9平米,2016.12.28,84,9667
红枫岭二期 2室2厅 88平米,2016.12.28,73,8296
红枫岭三期 2室2厅 87平米,2016.12.28,75,8621
红枫岭二期 2室2厅 89平米,2016.12.26,74.8,8405
红枫岭二期 3室2厅 121.14平米,2016.12.26,118,9741
红枫岭二期 2室2厅 89.48平米,2016.12.25,74,8271
红枫岭二期 2室2厅 89平米,2016.12.24,87,9776
红枫岭二期 2室2厅 87.77平米,2016.12.23,71,8090
红枫岭三期 2室2厅 88.98平米,2016.12.20,81,9104
红枫岭二期 3室2厅 118.3平米,2016.12.19,111,9383
红枫岭二期 2室2厅 89平米,2016.12.19,75,8427
红枫岭三期 2室2厅 89.49平米,2016.12.17,85,9499
红枫岭二期 2室2厅 86.8平米,2016.12.17,80,9217
红枫岭三期 3室2厅 90.95平米,2016.12.16,88,9676
红枫岭三期 2室1厅 91.02平米,2016.12.15,70.8,7779
红枫岭三期 3室2厅 125平米,2016.12.15,130,10400
红枫岭三期 2室2厅 88.72平米,2016.12.13,74,8341
枫祥苑 3室2厅 89.83平米,2016.12.13,81.4,9062
红枫岭二期 3室2厅 111.9平米,2016.12.13,110,9831
红枫岭三期 2室2厅 86.6平米,2016.12.12,79,9123
红枫岭三期 2室2厅 86.75平米,2016.12.12,95,10952
红枫岭三期 3室2厅 90.04平米,2016.12.12,92.3,10251
枫祥苑 3室2厅 88.68平米,2016.12.11,73.5,8289
红枫岭二期 2室2厅 89.4平米,2016.12.10,74.8,8367
红枫岭二期 2室2厅 88.49平米,2016.12.10,73,8250
枫瑞苑 2室2厅 84.86平米,2016.12.10,83.6,9852
红枫岭三期 2室2厅 85.85平米,2016.12.06,78.8,9179
枫祥苑 3室1厅 89.49平米,2016.12.05,76.5,8549
红枫岭二期 2室2厅 86.24平米,2016.12.03,74,8581
红枫岭三期 2室2厅 86.19平米,2016.12.03,74,8586
红枫岭二期 2室1厅 89.06平米,2016.12.02,75.2,8444
红枫岭二期 3室2厅 111.9平米,2016.12.02,123.8,11064
红枫岭三期 3室2厅 90.53平米,2016.12.02,91,10052
红枫岭二期 2室2厅 89.06平米,2016.12.01,73.8,8287
红枫岭二期 2室2厅 88.46平米,2016.11.29,73.5,8309
红枫岭三期 2室2厅 86.89平米,2016.11.29,79.8,9185
红枫岭二期 2室2厅 89平米,2016.11.28,72.8,8180
红枫岭三期 2室2厅 90.35平米,2016.11.27,90.2,9984
红枫岭三期 3室2厅 90.53平米,2016.11.26,83,9169
红枫岭三期 3室2厅 89.56平米,2016.11.24,81.5,9101
红枫岭三期 2室2厅 90.35平米,2016.11.24,77.8,8608
红枫岭二期 2室2厅 84.66平米,2016.11.21,75.9,8959
红枫岭二期 2室2厅 88.31平米,2016.11.20,76,8607
枫瑞苑 2室2厅 86.5平米,2016.11.19,81,9365
红枫岭三期 2室2厅 89.95平米,2016.11.18,72.9,8105
红枫岭二期 2室2厅 88.16平米,2016.11.17,69.6,7895
红枫岭二期 2室2厅 89.48平米,2016.11.16,76,8494
红枫岭二期 2室2厅 85.03平米,2016.11.10,67.8,7974
红枫岭三期 3室2厅 110.77平米,2016.11.10,108,9750
红枫岭三期 2室2厅 85.95平米,2016.11.07,90,10472
红枫岭二期 3室2厅 88.98平米,2016.11.06,79.8,8969
枫祥苑 2室2厅 85.08平米,2016.11.06,83,9756
红枫岭三期 3室2厅 110.77平米,2016.11.05,108,9750
枫瑞苑 3室2厅 89.68平米,2016.11.05,80,8921
红枫岭二期 3室2厅 122.09平米,2016.11.03,115,9420
红枫岭二期 2室2厅 87.89平米,2016.11.02,73,8306
红枫岭三期 2室2厅 88.5平米,2016.10.31,79,8927
红枫岭三期 2室2厅 90.18平米,2016.10.31,96,10646
红枫岭二期 2室2厅 88.49平米,2016.10.31,74.5,8420
红枫岭三期 2室2厅 87.96平米,2016.10.30,78.5,8925
红枫岭二期 2室2厅 88.06平米,2016.10.29,71.6,8131
红枫岭三期 2室2厅 86.41平米,2016.10.29,70,8101
红枫岭二期 2室2厅 89.12平米,2016.10.28,67,7518
红枫岭二期 2室2厅 88.59平米,2016.10.27,66,7451
枫祥苑 3室2厅 88平米,2016.10.26,74.8,8500
红枫岭三期 2室2厅 89平米,2016.10.25,71,7978
红枫岭二期 2室2厅 87.63平米,2016.10.24,77,8787
红枫岭二期 2室2厅 87.77平米,2016.10.24,78,8887
红枫岭二期 2室2厅 88.04平米,2016.10.23,94,10677
红枫岭三期 2室2厅 90.35平米,2016.10.22,90,9962
红枫岭三期 2室2厅 88.4平米,2016.10.22,82,9277
红枫岭三期 2室2厅 90.35平米,2016.10.19,76,8412
红枫岭三期 2室1厅 86平米,2016.10.18,81.5,9477
红枫岭三期 3室2厅 90.1平米,2016.10.18,74.8,8302
红枫岭二期 2室1厅 88平米,2016.10.17,71,8069
红枫岭二期 2室2厅 89.06平米,2016.10.16,81,9095
红枫岭三期 2室2厅 88.02平米,2016.10.15,83.5,9487
红枫岭二期 3室2厅 89.29平米,2016.10.15,74.5,8344
红枫岭二期 2室2厅 89.35平米,2016.10.15,72.6,8126
红枫岭二期 2室2厅 88.55平米,2016.10.13,75,8470
红枫岭三期 2室2厅 88.97平米,2016.10.12,72.8,8183
红枫岭三期 2室2厅 88.11平米,2016.10.10,85,9648
红枫岭二期 2室2厅 86.65平米,2016.10.10,74,8541
红枫岭二期 3室2厅 111.6平米,2016.10.10,99,8871
红枫岭二期 2室2厅 89.1平米,2016.10.10,78.6,8822
红枫岭二期 3室2厅 110.55平米,2016.10.09,95,8594
枫祥苑 2室2厅 87.89平米,2016.10.09,76.9,8750
红枫岭三期 3室2厅 90.95平米,2016.10.09,94.7,10411
枫祥苑 2室1厅 87.89平米,2016.10.09,70.7,8045
红枫岭二期 2室2厅 87.63平米,2016.10.08,73,8331
红枫岭二期 2室2厅 89.3平米,2016.10.08,76,8511
红枫岭二期 2室2厅 89.52平米,2016.10.08,72,8043
红枫岭二期 2室2厅 88.55平米,2016.10.07,73,8244
红枫岭二期 2室2厅 89.34平米,2016.10.07,69.5,7780
红枫岭二期 2室2厅 89.15平米,2016.10.07,73,8189
红枫岭二期 2室2厅 87.83平米,2016.10.07,81,9223
红枫岭二期 2室2厅 89.1平米,2016.10.07,85,9540
红枫岭二期 2室2厅 87.77平米,2016.10.07,76.3,8694
红枫岭二期 2室2厅 88.55平米,2016.10.07,73,8244
红枫岭二期 2室2厅 89.16平米,2016.10.06,73,8188
红枫岭二期 2室2厅 89.05平米,2016.10.05,82.2,9231
红枫岭二期 2室2厅 87.63平米,2016.10.05,78,8902
红枫岭二期 2室2厅 89.22平米,2016.10.04,86,9640
红枫岭二期 2室2厅 88平米,2016.10.03,83,9432
红枫岭三期 2室2厅 89.01平米,2016.10.03,74,8313
红枫岭二期 2室2厅 88.55平米,2016.10.03,66,7454
红枫岭二期 3室2厅 112.05平米,2016.10.02,115,10264
红枫岭二期 2室1厅 84.97平米,2016.10.01,64.5,7591
红枫岭二期 2室2厅 89.29平米,2016.10.01,74.5,8344
红枫岭二期 3室2厅 110.85平米,2016.09.30,92,8300
红枫岭二期 2室2厅 89.34平米,2016.09.29,72,8060
红枫岭二期 2室2厅 89.35平米,2016.09.29,67,7499
红枫岭二期 2室2厅 87.63平米,2016.09.29,68,7760
红枫岭二期 2室2厅 87.57平米,2016.09.28,81.8,9342
红枫岭三期 2室2厅 88.88平米,2016.09.27,81,9114
红枫岭三期 2室2厅 87.83平米,2016.09.27,76.5,8711
红枫岭二期 3室2厅 134.39平米,2016.09.27,88.5,6586
红枫岭二期 3室2厅 118.76平米,2016.09.27,110,9263
红枫岭三期 2室2厅 89.96平米,2016.09.26,69.5,7726
红枫岭三期 3室2厅 90.53平米,2016.09.26,87,9611
红枫岭三期 2室2厅 86.75平米,2016.09.25,71.7,8266
红枫岭二期 2室2厅 88.04平米,2016.09.24,69,7838
红枫岭二期 2室2厅 89.1平米,2016.09.24,74,8306
红枫岭三期 3室2厅 110.59平米,2016.09.24,94,8500
红枫岭三期 2室2厅 88.6平米,2016.09.22,75,8466
枫祥苑 3室2厅 88平米,2016.09.21,69.8,7932
红枫岭二期 2室2厅 88.06平米,2016.09.21,70,7950
红枫岭三期 2室2厅 86.75平米,2016.09.18,76,8761
红枫岭二期 2室2厅 89.1平米,2016.09.17,71.5,8025
红枫岭二期 2室2厅 89.06平米,2016.09.17,77.8,8736
红枫岭二期 2室2厅 89.16平米,2016.09.16,68.7,7706
红枫岭三期 3室2厅 110.33平米,2016.09.16,99.8,9046
红枫岭二期 2室2厅 87.32平米,2016.09.13,65,7444
红枫岭三期 3室2厅 90.76平米,2016.09.13,84.4,9298
红枫岭三期 3室2厅 90.27平米,2016.09.13,84,9306
红枫岭三期 2室2厅 88.81平米,2016.09.12,73.9,8322
红枫岭二期 1室2厅 64.43平米,2016.09.12,50,7761
红枫岭二期 2室2厅 89.48平米,2016.09.11,72,8047
红枫岭三期 2室2厅 89平米,2016.09.10,75,8427
红枫岭三期 2室2厅 90平米,2016.09.03,84.3,9362
红枫岭三期 2室2厅 90.22平米,2016.09.02,70,7759
红枫岭三期 2室2厅 88.89平米,2016.08.31,68,7650
红枫岭二期 2室2厅 89.42平米,2016.08.29,83,9283
红枫岭三期 2室2厅 88.6平米,2016.08.29,69,7786
红枫岭三期 2室2厅 89.01平米,2016.08.29,70,7865
红枫岭三期 2室2厅 88.69平米,2016.08.27,76,8570
红枫岭二期 2室2厅 87.83平米,2016.08.26,69,7857
红枫岭二期 2室2厅 88平米,2016.08.25,70,7955
红枫岭二期 3室2厅 108.96平米,2016.08.25,88,8077
红枫岭二期 2室2厅 89.4平米,2016.08.24,71.5,7998
红枫岭三期 2室2厅 89.01平米,2016.08.24,66.5,7472
红枫岭三期 3室2厅 133.13平米,2016.08.23,100,7512
红枫岭二期 2室2厅 88.06平米,2016.08.22,66.8,7586
枫祥苑 2室2厅 84.75平米,2016.08.22,72.7,8579
红枫岭三期 3室2厅 132.89平米,2016.08.21,96.9,7291
红枫岭二期 2室2厅 88平米,2016.08.21,70.9,8055
红枫岭二期 2室2厅 89.28平米,2016.08.21,64.3,7203
红枫岭三期 2室2厅 90.22平米,2016.08.20,73,8092
红枫岭二期 2室2厅 89.05平米,2016.08.18,65.2,7317
红枫岭二期 3室2厅 134.38平米,2016.08.18,116,8633
红枫岭三期 2室2厅 88.38平米,2016.08.17,65.3,7389
红枫岭三期 2室2厅 89.49平米,2016.08.16,77,8605
红枫岭二期 3室2厅 86.18平米,2016.08.15,90.5,10502
红枫岭三期 3室2厅 90.53平米,2016.08.14,83.7,9244
红枫岭三期 2室2厅 89平米,2016.08.13,75,8427
枫祥苑 3室2厅 88平米,2016.08.08,73.9,8398
红枫岭三期 2室2厅 88.6平米,2016.08.07,77,8691
枫瑞苑 2室2厅 89.6平米,2016.07.28,80,8929
红枫岭二期 2室2厅 89.16平米,2016.07.28,70,7852
红枫岭二期 3室2厅 88.1平米,2016.07.27,72,8173
枫瑞苑 2室2厅 86.5平米,2016.07.26,80,9249
红枫岭三期 2室2厅 88.17平米,2016.07.25,77,8734
红枫岭二期 3室2厅 122.09平米,2016.07.25,89.6,7339
红枫岭二期 2室2厅 89.52平米,2016.07.24,67,7485
红枫岭三期 2室2厅 89.49平米,2016.07.22,76.5,8549
红枫岭二期 2室2厅 89.3平米,2016.07.21,70,7839
红枫岭三期 2室2厅 90.35平米,2016.07.20,75.7,8379
红枫岭二期 1室2厅 64.39平米,2016.07.18,51.5,7999
红枫岭二期 2室2厅 88.06平米,2016.07.17,71.5,8120
红枫岭二期 2室2厅 88.55平米,2016.07.17,66,7454
红枫岭二期 2室2厅 89.3平米,2016.07.17,71,7951
红枫岭二期 2室2厅 89.1平米,2016.07.16,73.5,8250
红枫岭二期 2室2厅 89.48平米,2016.07.16,66.8,7466
红枫岭二期 3室2厅 111.9平米,2016.07.14,86.3,7713
红枫岭二期 3室2厅 111.9平米,2016.07.14,86.3,7713
红枫岭三期 3室2厅 90.38平米,2016.07.11,70.5,7801
红枫岭三期 2室2厅 87.18平米,2016.07.10,78,8948
红枫岭三期 2室2厅 89.7平米,2016.07.10,82.8,9231
枫祥苑 3室2厅 84.85平米,2016.07.04,83.8,9877
红枫岭二期 2室2厅 89.47平米,2016.07.03,73,8160
红枫岭三期 3室2厅 90.53平米,2016.07.02,88.6,9787
红枫岭三期 2室2厅 89.35平米,2016.06.30,68.6,7678
红枫岭三期 2室2厅 89.49平米,2016.06.30,68,7599
红枫岭三期 2室2厅 86.75平米,2016.06.30,81.8,9430
红枫岭三期 3室2厅 90.18平米,2016.06.29,85.2,9448
红枫岭三期 2室2厅 88.97平米,2016.06.29,67.5,7587
红枫岭二期 2室2厅 87.83平米,2016.06.27,74,8426
红枫岭二期 3室2厅 134.47平米,2016.06.24,96,7140
红枫岭二期 3室2厅 134.39平米,2016.06.23,114.8,8543
红枫岭二期 3室2厅 134.38平米,2016.06.21,96.5,7182
红枫岭二期 2室2厅 88.77平米,2016.06.19,73.5,8280
枫祥苑 3室2厅 89.84平米,2016.06.19,79,8794
红枫岭三期 3室2厅 110.77平米,2016.06.18,98,8848
红枫岭三期 2室2厅 89.22平米,2016.06.18,82,9191
红枫岭二期 3室2厅 89.16平米,2016.06.15,64,7179
红枫岭三期 2室2厅 89.49平米,2016.06.15,69.6,7778
红枫岭三期 2室2厅 88.88平米,2016.06.14,74,8326
红枫岭二期 2室2厅 89.3平米,2016.06.13,71,7951
枫祥苑 3室2厅 89.48平米,2016.06.12,81.8,9142
红枫岭二期 3室2厅 121.23平米,2016.06.11,93,7672
红枫岭三期 2室2厅 88.06平米,2016.06.11,76.1,8642
红枫岭三期 2室2厅 89.86平米,2016.06.11,67.6,7523
红枫岭三期 3室2厅 90.06平米,2016.06.10,83,9217
红枫岭三期 2室2厅 90平米,2016.06.10,66,7334
红枫岭三期 2室2厅 86平米,2016.06.08,81.8,9512
枫瑞苑 3室2厅 89.88平米,2016.06.07,70.6,7855
红枫岭二期 2室2厅 89.42平米,2016.06.06,75,8388
红枫岭三期 2室2厅 88.89平米,2016.06.05,70.7,7954
红枫岭三期 3室2厅 90.11平米,2016.06.04,79,8768
红枫岭三期 3室2厅 90.36平米,2016.05.31,83.9,9286
红枫岭二期 2室2厅 89.42平米,2016.05.30,74,8276
红枫岭二期 2室2厅 89.84平米,2016.05.29,68,7570
枫瑞苑 3室2厅 89.88平米,2016.05.29,72,8011
红枫岭二期 2室2厅 89.1平米,2016.05.29,83,9316
红枫岭二期 2室2厅 88.55平米,2016.05.27,69.6,7860
红枫岭三期 2室2厅 87.97平米,2016.05.27,78,8867
红枫岭三期 2室2厅 89.86平米,2016.05.23,74.8,8319
红枫岭三期 2室1厅 89.64平米,2016.05.22,70.6,7876
红枫岭三期 2室2厅 88.94平米,2016.05.21,71,7983
红枫岭三期 2室2厅 88.81平米,2016.05.20,69,7770
红枫岭二期 3室2厅 121.23平米,2016.05.08,93,7672
红枫岭三期 3室2厅 110.59平米,2016.05.06,103,9314
红枫岭三期 2室2厅 89.95平米,2016.05.03,87.7,9750
红枫岭二期 3室2厅 133.1平米,2016.04.30,96,7213
红枫岭二期 2室2厅 88.6平米,2016.04.29,71,8014
红枫岭三期 3室2厅 110.5平米,2016.04.29,96.5,8734
红枫岭二期 2室2厅 89.45平米,2016.04.29,78,8720
红枫岭三期 2室2厅 88.63平米,2016.04.28,82.8,9343
红枫岭三期 3室2厅 90.3平米,2016.04.28,78,8638
红枫岭二期 2室2厅 89.35平米,2016.04.20,73.5,8227
红枫岭二期 2室2厅 87.57平米,2016.04.20,81.6,9319
红枫岭二期 2室2厅 89.15平米,2016.04.20,71.5,8021
红枫岭二期 2室2厅 89.34平米,2016.04.17,73.5,8227
红枫岭三期 2室2厅 88.81平米,2016.04.14,69,7770
枫瑞苑 3室2厅 88.13平米,2016.04.12,81.2,9214
红枫岭三期 2室2厅 90.35平米,2016.04.12,68,7527
红枫岭三期 3室2厅 89.95平米,2016.04.09,76,8450
红枫岭三期 2室2厅 88.63平米,2016.04.09,73.3,8271
红枫岭二期 2室2厅 89.4平米,2016.04.08,80,8949
红枫岭三期 2室2厅 87.95平米,2016.04.05,76.5,8699
红枫岭二期 3室2厅 138.44平米,2016.04.03,92.5,6682
红枫岭三期 2室2厅 86.9平米,2016.04.01,77,8861
枫瑞苑 2室2厅 86平米,2016.03.28,64.1,7454
红枫岭二期 2室2厅 88.55平米,2016.03.23,75,8470
红枫岭二期 2室2厅 89.15平米,2016.03.21,67,7516
红枫岭二期 3室2厅 122.09平米,2016.03.21,97,7945
红枫岭三期 2室2厅 90.22平米,2016.03.21,65.8,7294
红枫岭二期 2室2厅 89.12平米,2016.03.19,87.4,9803
红枫岭二期 3室2厅 111.9平米,2016.03.19,89.8,8026
枫祥苑 3室2厅 89.48平米,2016.03.17,77,8606
红枫岭三期 3室2厅 90.05平米,2016.03.17,79.5,8829
红枫岭三期 3室2厅 90.27平米,2016.03.16,77,8530
红枫岭二期 3室2厅 122.18平米,2016.03.15,94,7694
红枫岭二期 2室2厅 89.6平米,2016.03.14,64,7143
红枫岭二期 3室2厅 122.18平米,2016.03.14,94,7694
红枫岭三期 3室2厅 90.38平米,2016.03.13,75.8,8382
红枫岭二期 2室2厅 89.22平米,2016.03.13,75,8407
红枫岭二期 3室2厅 112.05平米,2016.03.11,91,8122
红枫岭三期 2室2厅 88.81平米,2016.03.10,68.6,7725
红枫岭三期 2室2厅 89.7平米,2016.03.10,81,9031
枫瑞苑 2室2厅 86平米,2016.03.10,69,8024
红枫岭二期 2室2厅 89.06平米,2016.03.06,78.5,8815
红枫岭二期 2室2厅 88.1平米,2016.03.04,63,7151
红枫岭二期 2室2厅 89.29平米,2016.03.04,75,8400
红枫岭二期 2室2厅 89.12平米,2016.03.03,86,9650
红枫岭二期 2室2厅 88.06平米,2016.03.02,72,8177
红枫岭三期 2室2厅 88.56平米,2016.03.02,78,8808
红枫岭三期 2室2厅 87.39平米,2016.02.29,74.8,8560
红枫岭三期 3室2厅 132.96平米,2016.02.28,113,8499
红枫岭三期 3室2厅 88.65平米,2016.02.27,75.9,8562
红枫岭三期 2室2厅 88.63平米,2016.02.20,74.5,8406
红枫岭二期 3室2厅 111.67平米,2016.02.17,85,7612
红枫岭二期 2室2厅 89.1平米,2016.02.03,84,9428
红枫岭三期 2室1厅 88.17平米,2016.02.03,72.5,8223
红枫岭三期 3室2厅 88.98平米,2016.02.01,81,9104
红枫岭三期 2室2厅 88.6平米,2016.01.29,74.5,8409
枫祥苑 2室2厅 89.73平米,2016.01.29,75,8359
红枫岭三期 2室2厅 89.95平米,2016.01.27,74,8227
红枫岭三期 2室2厅 88.81平米,2016.01.27,66,7432
红枫岭二期 2室2厅 87.99平米,2016.01.23,73,8297
红枫岭三期 2室2厅 88.9平米,2016.01.22,65.8,7402
红枫岭二期 2室2厅 88.49平米,2016.01.22,67.5,7628
红枫岭二期 2室2厅 89.13平米,2016.01.17,75.6,8482
红枫岭三期 2室2厅 88.86平米,2016.01.17,73.8,8306
枫瑞苑 2室2厅 86.5平米,2016.01.15,70.5,8151
红枫岭三期 3室1厅 90.4平米,2016.01.15,81,8961
红枫岭二期 2室2厅 89.1平米,2016.01.14,74,8306
红枫岭二期 2室2厅 89.1平米,2016.01.10,77.5,8699
红枫岭二期 3室2厅 111.67平米,2016.01.10,85,7612
红枫岭三期 2室2厅 89平米,2016.01.08,65.5,7360
红枫岭三期 2室2厅 87.18平米,2016.01.08,72,8259
红枫岭二期 3室2厅 111.08平米,2016.01.03,80.5,7248
红枫岭三期 3室2厅 111.25平米,2016.01.03,79.2,7120
红枫岭三期 2室2厅 88.53平米,2016.01.01,74,8359
红枫岭二期 2室2厅 88.49平米,2015.12.29,66.3,7487
枫祥苑 3室2厅 89.73平米,2015.12.28,68,7579
红枫岭三期 2室2厅 90.84平米,2015.12.26,75,8257
红枫岭三期 3室2厅 132.85平米,2015.12.20,95.5,7189
红枫岭三期 2室2厅 86.75平米,2015.12.20,66.6,7678
红枫岭三期 3室2厅 90.01平米,2015.12.20,80,8888
枫祥苑 3室2厅 84.85平米,2015.12.12,76.6,9028
红枫岭三期 3室2厅 110.77平米,2015.12.06,83.6,7548
红枫岭三期 2室2厅 88.34平米,2015.12.05,76.5,8660
红枫岭三期 2室2厅 89.17平米,2015.12.05,73.8,8277
红枫岭二期 2室2厅 89.22平米,2015.12.05,70,7846
红枫岭三期 3室2厅 110.34平米,2015.12.05,90,8157
红枫岭三期 2室2厅 88.63平米,2015.12.01,74.8,8440
红枫岭三期 3室2厅 110.77平米,2015.12.01,93.8,8468
红枫岭三期 2室2厅 86.4平米,2015.12.01,64.5,7466
红枫岭二期 2室2厅 88平米,2015.11.29,72.6,8250
红枫岭三期 2室2厅 89.14平米,2015.11.29,62.8,7046
红枫岭三期 2室2厅 86.92平米,2015.11.25,63.7,7327
枫祥苑 3室2厅 89.92平米,2015.11.24,66.2,7363
红枫岭二期 3室2厅 111平米,2015.11.23,93,8379
红枫岭二期 2室2厅 89.15平米,2015.11.22,66.6,7471
枫瑞苑 2室2厅 84.86平米,2015.11.21,70.7,8332
红枫岭三期 2室2厅 89.86平米,2015.11.20,70.6,7857
红枫岭二期 2室2厅 87.57平米,2015.11.18,72.7,8302
红枫岭三期 2室2厅 89.95平米,2015.11.18,65.3,7255
枫瑞苑 3室2厅 88.8平米,2015.11.16,74.5,8390
红枫岭三期 2室2厅 87.84平米,2015.11.15,77.5,8823
红枫岭二期 2室2厅 89.15平米,2015.11.13,75.8,8503
红枫岭三期 3室2厅 90.13平米,2015.11.09,83,9209
红枫岭三期 2室2厅 90平米,2015.11.09,75,8334
红枫岭二期 2室2厅 89.1平米,2015.11.09,67,7520
红枫岭三期 2室2厅 89.64平米,2015.11.08,75,8367
红枫岭二期 2室2厅 87.94平米,2015.11.07,75,8529
红枫岭三期 2室2厅 89.49平米,2015.11.07,72,8046
红枫岭二期 3室2厅 124.85平米,2015.11.07,87,6969
红枫岭三期 3室2厅 90.4平米,2015.11.07,78.5,8684
红枫岭二期 2室2厅 87.77平米,2015.11.02,62.8,7156
红枫岭二期 2室2厅 87.57平米,2015.11.02,63,7195
红枫岭三期 2室2厅 88平米,2015.10.31,66.6,7569
红枫岭二期 3室2厅 118.67平米,2015.10.31,78,6573
红枫岭三期 2室2厅 89平米,2015.10.30,68.4,7686
枫祥苑 3室2厅 89.5平米,2015.10.27,77,8604
枫瑞苑 2室2厅 87平米,2015.10.27,70,8046
枫瑞苑 3室2厅 89平米,2015.10.25,76,8540
红枫岭三期 3室2厅 89.11平米,2015.10.25,72,8080
红枫岭三期 2室2厅 88.8平米,2015.10.25,72.5,8165
红枫岭三期 2室2厅 89.9平米,2015.10.19,63,7008
红枫岭三期 2室2厅 87平米,2015.10.19,71,8161
枫瑞苑 2室2厅 85.58平米,2015.10.18,68.6,8016
红枫岭三期 2室2厅 90.01平米,2015.10.17,65.8,7311
红枫岭二期 3室2厅 112平米,2015.10.16,91.7,8188
红枫岭二期 2室2厅 89平米,2015.10.04,70.5,7922
红枫岭二期 2室2厅 87.7平米,2015.09.27,61.8,7047
红枫岭二期 2室2厅 88.92平米,2015.09.26,68.5,7704
红枫岭二期 3室2厅 110.65平米,2015.09.25,82.5,7456
红枫岭三期 2室2厅 89平米,2015.09.21,69.2,7776
红枫岭二期 3室2厅 134.23平米,2015.09.20,102,7599
红枫岭三期 2室2厅 86.12平米,2015.09.18,61.6,7153
红枫岭三期 2室2厅 89平米,2015.09.18,64,7192
红枫岭二期 2室2厅 89.22平米,2015.09.14,68,7622
红枫岭三期 3室2厅 111平米,2015.09.12,85.5,7703
红枫岭三期 3室2厅 90平米,2015.09.09,82.8,9200
红枫岭二期 2室2厅 89.13平米,2015.09.09,67.7,7594
红枫岭二期 3室2厅 111平米,2015.09.08,93.8,8451
红枫岭二期 2室2厅 86.45平米,2015.09.07,62,7172
红枫岭二期 3室2厅 111平米,2015.09.07,85,7658
红枫岭三期 2室2厅 88.5平米,2015.08.31,72.7,8215
红枫岭二期 3室2厅 111平米,2015.08.31,86.3,7775
红枫岭二期 3室2厅 111平米,2015.08.30,95.8,8631
枫祥苑 3室2厅 89平米,2015.08.30,71,7978
枫祥苑 3室2厅 89平米,2015.08.30,69.5,7809
红枫岭三期 2室2厅 90.02平米,2015.08.28,63.5,7054
红枫岭二期 2室2厅 89平米,2015.08.27,78.9,8866
红枫岭二期 3室2厅 111平米,2015.08.22,76.9,6928
红枫岭三期 2室2厅 89平米,2015.08.21,73.6,8270
红枫岭三期 3室2厅 111平米,2015.08.17,78.1,7035
红枫岭二期 2室2厅 89.1平米,2015.08.16,70,7857
红枫岭二期 2室2厅 89平米,2015.08.13,68,7641
红枫岭三期 2室2厅 83平米,2015.08.09,64.8,7808
红枫岭二期 2室2厅 89平米,2015.08.08,64,7192
红枫岭二期 2室2厅 88.48平米,2015.08.05,63,7121
红枫岭三期 2室2厅 89平米,2015.08.04,66,7416
红枫岭二期 2室2厅 89平米,2015.08.01,64.5,7248
红枫岭二期 3室2厅 118平米,2015.07.25,86,7289
红枫岭三期 2室2厅 86平米,2015.07.22,71.5,8314
红枫岭三期 2室2厅 88平米,2015.07.20,69,7841
枫祥苑 3室2厅 89平米,2015.07.16,71,7978
红枫岭二期 2室2厅 87.57平米,2015.07.15,65.5,7480
红枫岭二期 3室2厅 111平米,2015.07.09,84.5,7613
红枫岭二期 3室2厅 122平米,2015.07.09,85.6,7017
红枫岭二期 3室2厅 122.09平米,2015.07.08,82,6717
红枫岭二期 2室2厅 89平米,2015.07.06,65,7304
枫祥苑 3室2厅 87平米,2015.07.05,75.5,8679
红枫岭二期 2室2厅 89平米,2015.06.28,71,7978
红枫岭三期 2室2厅 89平米,2015.06.26,63,7079
枫祥苑 2室2厅 86平米,2015.06.21,61,7094
枫瑞苑 2室2厅 86平米,2015.06.13,76,8838
红枫岭三期 2室2厅 91平米,2015.06.11,64,7033
红枫岭三期 2室2厅 89平米,2015.06.08,69,7753
红枫岭三期 2室2厅 89平米,2015.06.08,65,7304
红枫岭三期 3室2厅 90平米,2015.05.30,74,8223
红枫岭二期 3室2厅 111平米,2015.05.29,79,7118
红枫岭二期 2室2厅 88平米,2015.05.24,63,7160
红枫岭二期 2室2厅 89.14平米,2015.05.24,64,7180
红枫岭三期 2室2厅 89平米,2015.05.21,73,8203
红枫岭二期 2室2厅 89.19平米,2015.05.18,64,7176
枫瑞苑 2室2厅 86.69平米,2015.05.11,65,7498
红枫岭三期 3室2厅 89平米,2015.05.09,75,8427
红枫岭三期 3室2厅 110平米,2015.04.27,82,7455
枫祥苑 3室2厅 89平米,2015.04.26,72,8090
红枫岭二期 2室2厅 89.4平米,2015.04.21,66,7383
红枫岭三期 3室2厅 91平米,2015.04.19,76,8352
红枫岭三期 3室2厅 132.96平米,2015.04.18,91,6845
红枫岭二期 2室2厅 89平米,2015.04.18,72,8090
红枫岭三期 2室2厅 89平米,2015.04.17,65,7304
红枫岭三期 3室2厅 90.22平米,2015.04.13,69,7648
红枫岭三期 2室2厅 89.17平米,2015.04.13,64,7178
红枫岭三期 2室2厅 89.36平米,2015.04.13,66,7386
红枫岭三期 3室2厅 89.7平米,2015.04.13,69,7693
红枫岭二期 3室2厅 111平米,2015.04.10,82,7388
红枫岭二期 2室2厅 89.06平米,2015.04.09,60,6738
红枫岭三期 2室2厅 88.63平米,2015.04.09,70,7899
红枫岭二期 2室2厅 89.12平米,2015.04.06,62.9,7058
红枫岭二期 3室2厅 122平米,2015.04.06,79.7,6533
红枫岭三期 3室2厅 214.63平米,2015.04.06,90,4194
红枫岭三期 2室2厅 89平米,2015.04.03,69.8,7843
红枫岭三期 3室2厅 110.59平米,2015.03.29,108,9766
红枫岭二期 2室2厅 88.92平米,2015.03.28,58,6523
红枫岭三期 2室2厅 88平米,2015.03.16,60,6819
红枫岭二期 2室2厅 89平米,2015.03.06,66,7416
红枫岭三期 2室2厅 90平米,2015.03.05,66,7334
红枫岭二期 2室2厅 88平米,2015.02.28,58,6591
红枫岭三期 3室2厅 90平米,2015.02.06,67,7445
红枫岭三期 2室2厅 88.5平米,2015.01.31,74.6,8430
红枫岭二期 2室2厅 88平米,2015.01.28,71,8069
红枫岭二期 2室2厅 89平米,2015.01.23,60.5,6798
红枫岭三期 3室2厅 90平米,2014.12.22,70,7778
红枫岭二期 2室2厅 88平米,2014.12.21,69,7841
红枫岭三期 2室2厅 89.22平米,2014.12.18,73.1,8191
红枫岭二期 2室2厅 88平米,2014.12.15,62.5,7103
红枫岭二期 3室2厅 111平米,2014.12.11,78,7028
红枫岭二期 3室2厅 134平米,2014.11.28,90,6717
红枫岭二期 2室2厅 88平米,2014.11.25,63.5,7216
红枫岭三期 2室2厅 89平米,2014.11.22,64.3,7225
红枫岭三期 2室2厅 88平米,2014.11.16,69.2,7864
红枫岭二期 3室2厅 111平米,2014.11.15,80,7208
红枫岭三期 2室2厅 87平米,2014.11.15,71,8161
红枫岭三期 3室2厅 90平米,2014.11.07,76.5,8499
红枫岭三期 2室2厅 89平米,2014.11.01,72,8090
红枫岭二期 2室2厅 88平米,2014.10.26,63.9,7262
红枫岭三期 3室2厅 111平米,2014.10.19,79,7118
红枫岭二期 2室2厅 89平米,2014.10.16,65,7304
枫瑞苑 2室2厅 84平米,2014.10.08,67,7977
红枫岭三期 --室--厅 90平米,2014.09.29,66.6,7400
红枫岭三期 2室2厅 87平米,2014.09.26,65,7471
红枫岭三期 3室2厅 90平米,2014.09.23,70,7778
红枫岭三期 2室2厅 89平米,2014.09.22,65.5,7360
枫祥苑 2室2厅 89.98平米,2014.09.21,60.3,6702
红枫岭三期 3室2厅 132.89平米,2014.09.19,90,6773
枫祥苑 2室2厅 89平米,2014.09.09,65,7304
红枫岭二期 2室2厅 89平米,2014.08.30,75,8427
红枫岭二期 2室2厅 87.77平米,2014.08.07,69,7862
枫瑞苑 2室2厅 85平米,2014.08.06,73.6,8659
红枫岭二期 2室2厅 89.14平米,2014.07.26,64.5,7236
枫瑞苑 3室2厅 88.4平米,2014.07.23,85.5,9672
枫瑞苑 3室2厅 89平米,2014.07.12,72.5,8147
红枫岭三期 2室2厅 88.97平米,2014.07.09,65.8,7396
红枫岭二期 3室2厅 111平米,2014.07.07,82,7388
红枫岭二期 2室2厅 89.14平米,2014.06.28,71.8,8055
红枫岭三期 2室2厅 89平米,2014.06.28,71.5,8034
红枫岭二期 3室2厅 134平米,2014.06.20,99.8,7448
红枫岭三期 3室2厅 90平米,2014.06.17,78,8667
红枫岭二期 2室2厅 89平米,2014.06.10,66,7416
红枫岭二期 3室2厅 112.05平米,2014.06.08,84.5,7542
红枫岭二期 2室2厅 64.38平米,2014.06.04,50,7767
红枫岭三期 3室2厅 90.13平米,2014.05.31,73,8100
红枫岭三期 2室2厅 89平米,2014.05.30,69,7753
红枫岭二期 2室2厅 88.8平米,2014.05.27,65,7320
红枫岭二期 2室2厅 86.18平米,2014.05.11,62,7195
红枫岭三期 2室2厅 88平米,2014.05.07,59.7,6785
红枫岭二期 2室2厅 88.1平米,2014.05.05,63,7151
红枫岭二期 2室2厅 87.85平米,2014.04.26,66,7513
红枫岭二期 3室2厅 111平米,2014.04.25,90.8,8181
红枫岭二期 2室2厅 88.96平米,2014.04.15,72,8094
红枫岭二期 2室2厅 89平米,2014.04.06,72,8090
红枫岭三期 2室2厅 86.41平米,2014.04.03,65,7523
红枫岭二期 3室2厅 111平米,2014.04.02,85,7658
红枫岭三期 3室2厅 89.5平米,2014.03.02,84.5,9442
红枫岭二期 2室2厅 89平米,2014.02.20,80,8989
红枫岭二期 2室2厅 88.33平米,2014.02.20,70.5,7982
红枫岭三期 2室2厅 89.77平米,2014.02.19,72,8021
红枫岭二期 2室2厅 89平米,2014.02.16,77,8652
红枫岭二期 2室2厅 89平米,2014.02.13,68,7641
红枫岭二期 3室2厅 111.9平米,2014.01.28,84.5,7552
红枫岭二期 2室2厅 87.29平米,2014.01.26,68.5,7848
红枫岭三期 2室2厅 90.2平米,2014.01.17,78,8648
红枫岭二期 2室2厅 88.6平米,2014.01.16,70,7901
红枫岭三期 3室2厅 90.35平米,2014.01.03,70,7748
红枫岭三期 3室2厅 134平米,2013.12.30,107,7986
红枫岭三期 3室2厅 88.89平米,2013.12.10,65,7313
红枫岭二期 1室2厅 68.78平米,2013.12.02,55.5,8070
红枫岭二期 2室2厅 87.99平米,2013.11.30,69,7842
红枫岭三期 2室2厅 89.9平米,2013.11.29,73.5,8176
红枫岭三期 2室2厅 67.54平米,2013.11.26,70.5,10439
红枫岭三期 3室2厅 90.13平米,2013.11.23,70.5,7823
红枫岭二期 2室2厅 88.49平米,2013.11.17,70,7911
红枫岭二期 3室2厅 134.47平米,2013.11.10,95,7065
红枫岭二期 2室2厅 86.44平米,2013.11.04,69,7983
红枫岭二期 3室2厅 111平米,2013.11.04,88,7928
红枫岭二期 3室2厅 122平米,2013.11.02,87,7132
红枫岭三期 2室2厅 88.6平米,2013.10.23,71.8,8104
红枫岭二期 2室2厅 86.66平米,2013.10.14,70,8078
红枫岭三期 3室2厅 111.31平米,2013.10.06,100,8984
红枫岭三期 2室2厅 89平米,2013.10.05,68,7641
红枫岭二期 2室2厅 87.77平米,2013.09.30,73,8318
红枫岭三期 3室2厅 110.06平米,2013.09.23,86.5,7860
红枫岭二期 2室2厅 89平米,2013.09.15,84,9439
红枫岭二期 3室2厅 111平米,2013.09.12,90,8109
红枫岭二期 2室2厅 88平米,2013.09.10,67,7614
红枫岭三期 2室2厅 88.69平米,2013.09.09,69.8,7871
红枫岭三期 3室2厅 90平米,2013.09.08,70,7778
红枫岭三期 2室2厅 86.19平米,2013.09.02,73,8470
红枫岭二期 2室2厅 88平米,2013.08.28,76.7,8716
红枫岭二期 3室2厅 122.09平米,2013.08.28,86,7044
红枫岭二期 3室2厅 122.09平米,2013.08.28,93.6,7667
红枫岭二期 2室2厅 89.22平米,2013.08.27,72.5,8126
红枫岭三期 3室2厅 90平米,2013.08.25,72.5,8056
红枫岭三期 2室2厅 89平米,2013.08.25,70,7866
红枫岭三期 2室2厅 89平米,2013.08.22,64,7192
红枫岭三期 2室2厅 89平米,2013.08.19,80,8989
红枫岭二期 2室2厅 88平米,2013.08.18,70,7955
红枫岭二期 2室2厅 87.5平米,2013.08.17,66,7543
红枫岭三期 2室2厅 88.5平米,2013.08.12,72,8136
红枫岭二期 2室2厅 87.4平米,2013.08.11,67,7666
红枫岭三期 3室2厅 90平米,2013.08.10,65.5,7278
红枫岭三期 2室2厅 88.59平米,2013.08.10,78.6,8873
红枫岭二期 2室2厅 89平米,2013.08.08,76,8540
红枫岭二期 2室2厅 89.24平米,2013.08.08,77,8629
红枫岭三期 2室2厅 90.22平米,2013.08.07,64.2,7116
红枫岭三期 2室2厅 89平米,2013.08.07,78,8765
红枫岭三期 2室2厅 87.41平米,2013.08.06,66,7551
红枫岭二期 3室2厅 134.37平米,2013.07.30,106.6,7934
红枫岭二期 2室2厅 89平米,2013.07.30,65,7304
红枫岭二期 2室2厅 88.41平米,2013.07.25,72.2,8167
红枫岭三期 2室2厅 88.68平米,2013.07.17,71.6,8074
红枫岭二期 2室2厅 89平米,2013.07.15,68.6,7708
红枫岭三期 3室2厅 91平米,2013.07.07,71,7803
红枫岭三期 2室2厅 89平米,2013.06.29,79,8877
红枫岭三期 2室2厅 89.95平米,2013.06.27,70.5,7838
红枫岭三期 2室2厅 89平米,2013.06.27,72,8090
红枫岭三期 2室1厅 87.41平米,2013.06.26,79,9038
红枫岭二期 2室2厅 87.3平米,2013.06.24,70,8019
红枫岭三期 2室2厅 87.39平米,2013.06.21,68.2,7805
红枫岭二期 3室2厅 111.9平米,2013.06.18,83,7418
红枫岭三期 2室2厅 88.98平米,2013.06.08,72,8092
红枫岭二期 2室2厅 89.12平米,2013.06.03,73.7,8270
红枫岭三期 3室1厅 89平米,2013.05.26,68,7641
红枫岭三期 2室2厅 88.63平米,2013.05.22,77,8688
红枫岭二期 2室2厅 89.06平米,2013.05.19,67,7524
红枫岭三期 2室2厅 89平米,2013.05.15,71,7978
红枫岭二期 --室--厅 111平米,2013.05.14,88,7928
红枫岭二期 2室2厅 88.5平米,2013.05.05,66,7458
红枫岭二期 2室2厅 88.5平米,2013.04.22,68.5,7741
红枫岭三期 3室2厅 125.56平米,2013.04.18,98,7806
红枫岭二期 2室2厅 88.56平米,2013.04.11,72,8131
红枫岭二期 2室2厅 89.14平米,2013.04.08,73,8190
红枫岭二期 2室2厅 89.1平米,2013.04.07,65,7296
红枫岭二期 2室2厅 87平米,2013.04.06,62.5,7184
红枫岭二期 2室2厅 86.18平米,2013.04.03,65.5,7601
红枫岭二期 2室2厅 87.32平米,2013.04.02,65.1,7456
红枫岭二期 2室2厅 88.05平米,2013.03.31,65,7383
红枫岭二期 3室2厅 134平米,2013.03.30,83,6195
红枫岭二期 2室2厅 89.08平米,2013.03.29,66.8,7499
红枫岭三期 2室2厅 89平米,2013.03.29,67,7529
红枫岭三期 3室2厅 90平米,2013.03.25,66,7334
红枫岭三期 2室2厅 88.97平米,2013.03.24,72.8,8183
红枫岭三期 2室2厅 89.96平米,2013.03.24,67,7448
红枫岭二期 2室2厅 89.1平米,2013.03.20,66.8,7498
红枫岭三期 2室2厅 88.11平米,2013.03.20,73.9,8388
红枫岭三期 3室2厅 125平米,2013.03.19,83.8,6704
红枫岭三期 3室2厅 90.4平米,2013.03.12,72,7965
红枫岭二期 2室2厅 89平米,2013.03.10,66,7416
红枫岭二期 2室2厅 89平米,2013.03.10,67,7529
红枫岭二期 2室2厅 89.48平米,2013.03.10,69,7712
红枫岭三期 3室2厅 111平米,2013.03.10,105,9460
红枫岭二期 3室2厅 134.39平米,2013.03.09,87,6474
红枫岭二期 2室2厅 89平米,2013.03.09,67,7529
红枫岭二期 2室2厅 88.5平米,2013.03.09,69.5,7854
红枫岭三期 2室2厅 89平米,2013.03.09,73.5,8257
红枫岭二期 2室2厅 89.08平米,2013.03.08,75.5,8476
红枫岭三期 2室2厅 87.97平米,2013.03.08,68,7730
红枫岭二期 2室2厅 88平米,2013.03.07,65.3,7415
红枫岭二期 2室2厅 89平米,2013.03.06,74,8315
红枫岭三期 2室2厅 89.31平米,2013.03.06,74.7,8359
红枫岭二期 3室2厅 111平米,2013.03.05,85,7658
红枫岭三期 3室2厅 90平米,2013.03.05,69.5,7723
红枫岭三期 3室2厅 90.33平米,2013.03.04,69.5,7695
红枫岭二期 3室2厅 122平米,2013.03.02,83,6804
红枫岭二期 2室2厅 89平米,2013.03.02,64.5,7245
红枫岭二期 2室2厅 89.42平米,2013.03.02,65.5,7325
红枫岭二期 2室1厅 89平米,2013.03.01,64,7192
红枫岭二期 2室2厅 89平米,2013.02.28,65,7304
红枫岭三期 2室2厅 89.5平米,2013.02.26,68,7598
红枫岭三期 3室2厅 90平米,2013.02.25,68,7556
红枫岭三期 2室2厅 89平米,2013.02.23,83.5,9383
红枫岭三期 2室2厅 89.96平米,2013.02.20,73,8115
红枫岭三期 2室2厅 89平米,2013.02.17,73.5,8259
红枫岭三期 2室2厅 90.05平米,2013.02.15,72,7996
红枫岭三期 3室2厅 90.5平米,2013.02.05,71.6,7912
红枫岭三期 2室2厅 88.6平米,2013.01.27,75.5,8522
红枫岭二期 3室2厅 122平米,2013.01.26,80,6556
红枫岭二期 3室2厅 134.37平米,2013.01.24,95,7071
枫祥苑 3室2厅 88.4平米,2013.01.24,72,8145
红枫岭二期 2室2厅 89.13平米,2013.01.09,65,7293
红枫岭三期 3室2厅 134平米,2013.01.08,98,7314
红枫岭二期 2室2厅 88平米,2013.01.05,73,8296
红枫岭二期 3室2厅 111平米,2013.01.02,88.5,7973
红枫岭三期 3室2厅 90.05平米,2012.12.30,82,9107
红枫岭三期 2室2厅 89.01平米,2012.12.15,75,8427
红枫岭三期 2室2厅 85.5平米,2012.12.11,64.5,7544
红枫岭三期 2室2厅 89平米,2012.12.09,63,7079
红枫岭三期 2室2厅 88.11平米,2012.12.05,63,7151
红枫岭二期 2室1厅 88.99平米,2012.12.01,65,7305
红枫岭三期 3室2厅 89平米,2012.11.03,68,7641
红枫岭三期 2室2厅 90.21平米,2012.11.02,64,7095
红枫岭三期 2室2厅 90.02平米,2012.11.01,98,10887
红枫岭三期 3室2厅 89.94平米,2012.10.29,72,8006
红枫岭二期 3室2厅 122平米,2012.10.28,86.8,7115
红枫岭三期 3室2厅 90平米,2012.10.28,70,7778
红枫岭三期 2室2厅 88.6平米,2012.10.27,69,7788
红枫岭二期 2室2厅 88.1平米,2012.10.22,63,7151
红枫岭二期 2室1厅 89.1平米,2012.10.21,66,7408
红枫岭二期 2室2厅 89平米,2012.10.18,67,7529
红枫岭三期 2室2厅 86平米,2012.10.18,62.1,7218
红枫岭二期 3室2厅 134平米,2012.10.14,89,6642
红枫岭二期 2室2厅 89平米,2012.10.01,63.2,7102
红枫岭三期 3室2厅 125平米,2012.09.27,81,6480
红枫岭二期 2室2厅 86.65平米,2012.09.14,68.6,7913
红枫岭三期 2室2厅 88.97平米,2012.09.10,73,8206
红枫岭三期 2室2厅 89.41平米,2012.09.05,66,7382
红枫岭二期 3室2厅 111平米,2012.09.02,98,8829
红枫岭二期 2室2厅 88.31平米,2012.08.30,78.6,8901
红枫岭三期 2室2厅 89平米,2012.08.30,73.5,8259
红枫岭二期 2室2厅 89平米,2012.08.28,68.3,7675
红枫岭三期 2室2厅 88平米,2012.08.27,66,7500
红枫岭二期 2室2厅 87.58平米,2012.08.26,63.8,7285
红枫岭二期 2室2厅 89.1平米,2012.08.24,62,6954
红枫岭三期 2室2厅 89平米,2012.08.20,71,7978
红枫岭二期 2室2厅 87.77平米,2012.08.08,62,7064
红枫岭三期 2室2厅 88.66平米,2012.08.07,77,8685
红枫岭三期 2室2厅 89平米,2012.08.06,70,7866
红枫岭三期 2室2厅 89平米,2012.08.05,72,8090
红枫岭二期 2室2厅 88.38平米,2012.07.29,62,7016
红枫岭二期 2室2厅 89.25平米,2012.07.28,61,6835
红枫岭二期 2室2厅 87.32平米,2012.07.21,72,8246
红枫岭二期 2室2厅 88平米,2012.07.19,70.2,7978
红枫岭二期 2室2厅 88.1平米,2012.07.17,62,7038
红枫岭三期 2室2厅 87平米,2012.07.17,68.5,7874
红枫岭三期 3室2厅 125平米,2012.07.13,74.5,5960
红枫岭二期 3室2厅 111.9平米,2012.07.08,95,8490
红枫岭二期 --室--厅 89平米,2012.06.29,64,7192
红枫岭二期 3室2厅 118.68平米,2012.06.24,71.3,6007
红枫岭三期 3室2厅 125.52平米,2012.06.24,83.5,6653
红枫岭二期 3室2厅 112.14平米,2012.06.23,87,7759
红枫岭三期 2室2厅 89.97平米,2012.06.23,72.6,8070
红枫岭三期 2室2厅 90.35平米,2012.06.21,68,7527
红枫岭二期 2室2厅 88.1平米,2012.06.19,62,7038
红枫岭二期 3室2厅 122平米,2012.06.19,82.6,6771
红枫岭三期 2室2厅 87平米,2012.06.16,67.5,7759
红枫岭二期 2室2厅 87.94平米,2012.06.15,65.3,7421
红枫岭二期 2室2厅 89.01平米,2012.06.11,69.5,7809
红枫岭二期 2室2厅 89平米,2012.06.10,66,7416
红枫岭三期 2室2厅 89.08平米,2012.06.09,72.6,8150
红枫岭三期 3室2厅 88.56平米,2012.06.08,73,8243
红枫岭二期 2室2厅 88.09平米,2012.06.06,63.5,7209
红枫岭二期 2室2厅 89平米,2012.06.04,75,8427
红枫岭二期 2室2厅 88.5平米,2012.06.01,64,7232
红枫岭二期 1室2厅 70平米,2012.05.21,53,7572
红枫岭三期 3室2厅 111平米,2012.05.20,80.8,7280
红枫岭二期 2室2厅 89平米,2012.05.19,65,7304
红枫岭三期 2室2厅 89平米,2012.05.15,68,7641
红枫岭三期 2室2厅 90平米,2012.05.14,73,8112
红枫岭三期 2室2厅 90平米,2012.05.12,72.5,8056
红枫岭三期 2室2厅 89平米,2012.05.10,63,7079
红枫岭二期 2室2厅 89平米,2012.05.08,64,7192
红枫岭三期 3室2厅 89平米,2012.05.01,72,8090
红枫岭二期 2室2厅 88平米,2012.04.28,63.8,7250
红枫岭二期 3室2厅 134平米,2012.04.18,89,6642
红枫岭三期 2室2厅 89平米,2012.04.16,64.5,7248
红枫岭二期 2室2厅 88平米,2012.04.10,76,8637
红枫岭二期 2室2厅 88平米,2012.04.08,62,7046
红枫岭二期 2室2厅 86平米,2012.03.20,64,7442
红枫岭三期 2室2厅 87平米,2012.03.04,64.3,7391
红枫岭三期 2室2厅 89平米,2012.03.02,64.5,7248
红枫岭三期 2室2厅 68平米,2012.02.27,55,8089
红枫岭二期 2室2厅 84平米,2011.05.26,69.8,8310
红枫岭二期 2室2厅 89平米,2011.05.03,65.3,7338
红枫岭二期 2室2厅 88平米,2010.11.23,58,6591
红枫岭三期 2室2厅 88平米,2010.06.13,52,5910
红枫岭三期 2室2厅 90平米,2010.06.03,53.8,5978
新鸿路342号院 2室1厅 55.47平米,2018.01.25,90,16225
新鸿路五冶住宅区 3室1厅 73.65平米,2018.01.16,95,12899
新鸿路五冶住宅区 1室1厅 49.53平米,2017.12.14,55,11105
新鸿路35号 2室1厅 52.78平米,2017.11.11,92,17431
新鸿路35号 3室2厅 75.48平米,2017.10.31,89,11792
新鸿路342号院 1室1厅 34平米,2017.10.24,48,14118
新鸿路五冶住宅区 2室1厅 62.05平米,2017.10.12,76,12249
新鸿路342号院 2室1厅 53.8平米,2017.09.19,65.8,12231
新鸿路五冶住宅区 2室1厅 69.6平米,2017.09.17,88,12644
新鸿路301号 2室2厅 51.2平米,2017.09.10,61.5,12012
新鸿路五冶住宅区 1室1厅 48.76平米,2017.08.27,63,12921
新鸿路301号 2室2厅 94.99平米,2017.08.06,97,10212
新鸿路五冶住宅区 2室1厅 68.2平米,2017.07.17,67.8,9942
新鸿路342号院 2室1厅 55.9平米,2017.06.26,63,11271
成华大道新鸿路22号 2室1厅 64.54平米,2017.04.17,61,9452
新鸿路五冶住宅区 2室2厅 69.6平米,2017.03.20,60,8621
新鸿路五冶住宅区 2室1厅 69.35平米,2017.03.14,63,9085
新鸿路414号 2室1厅 52平米,2017.03.02,48,9231
新鸿路五冶住宅区 2室1厅 69.6平米,2017.03.01,61,8765
新鸿路五冶住宅区 2室1厅 62.05平米,2017.02.22,58,9348
新鸿路五冶住宅区 2室1厅 60.77平米,2017.02.07,55.5,9133
新鸿路五冶住宅区 2室1厅 74.33平米,2017.01.16,58,7804
新鸿路五冶住宅区 3室2厅 73.65平米,2017.01.05,60,8147
新鸿路五冶住宅区 2室1厅 69.35平米,2017.01.05,59,8508
新鸿路五冶住宅区 1室1厅 40.16平米,2017.01.05,37.5,9338
新鸿路342号院 2室1厅 58.15平米,2016.12.11,51,8771
新鸿路五冶住宅区 2室1厅 69.35平米,2016.11.21,58.5,8436
新鸿路五冶住宅区 3室1厅 85.18平米,2016.10.09,64.8,7608
新鸿路414号 1室0厅 38.28平米,2016.09.30,28.8,7524
新鸿路五冶住宅区 2室1厅 74.33平米,2016.09.28,56.7,7629
新鸿路342号院 2室1厅 59.96平米,2016.09.21,49.1,8189
新鸿路130号 3室1厅 66.49平米,2016.08.28,56.6,8513
新鸿路414号 2室1厅 62.6平米,2016.07.25,47,7508
成华大道新鸿路22号 2室1厅 64.54平米,2016.06.07,48,7438
新鸿路119号 3室2厅 118.54平米,2016.06.06,82.5,6960
成华大道新鸿路20号 3室2厅 123.44平米,2016.05.21,87,7048
新鸿路119号 3室1厅 81.09平米,2016.05.17,65,8016
新鸿路五冶住宅区 2室2厅 61.5平米,2016.04.21,47,7643
新鸿路342号院 2室1厅 66.1平米,2016.04.19,46,6960
新鸿路301号 2室1厅 63.19平米,2016.04.15,45,7122
新鸿路342号院 2室1厅 66.6平米,2016.04.13,52.8,7928
新鸿路342号院 1室1厅 47.65平米,2016.03.21,36.5,7661
新鸿路五冶住宅区 2室1厅 58.74平米,2016.03.13,46,7832
新鸿路301号 1室1厅 32.26平米,2016.01.13,28.1,8711
新鸿路35号 1室1厅 52.78平米,2016.01.02,42.5,8053
新鸿路342号院 2室1厅 55.46平米,2015.11.06,41,7393
新鸿路小区 3室1厅 72.69平米,2015.10.13,59,8117
新鸿路317号 1室1厅 60.75平米,2015.09.11,46,7573
新鸿路五冶住宅区 2室1厅 58.5平米,2015.08.11,42.5,7265
新鸿路301号 2室2厅 94.99平米,2013.08.27,69,7264
新鸿路317号 2室1厅 62.84平米,2013.08.03,55,8753
