华润凤凰城二期 1室1厅 56.27平米,2018.03.07,142.6,25343
华润凤凰城二期 1室1厅 56.27平米,2018.03.06,145,25769
华润凤凰城三期 3室2厅 105.97平米,2018.02.10,310,29254
华润凤凰城一期 3室2厅 139.54平米,2018.02.09,376,26946
华润凤凰城二期 3室2厅 100.8平米,2018.02.06,285,28274
华润凤凰城一期 2室2厅 88.58平米,2018.02.06,221,24950
华润凤凰城一期 3室2厅 99.46平米,2018.02.04,270.5,27197
华润凤凰城三期 4室1厅 152.03平米,2018.02.03,455,29929
华润凤凰城一期 4室2厅 173.35平米,2018.01.31,460,26536
华润凤凰城一期 3室2厅 131.27平米,2018.01.29,350,26663
华润凤凰城二期 5室2厅 153.57平米,2018.01.22,425,27675
华润凤凰城二期 2室1厅 58平米,2018.01.18,138,23794
华润凤凰城一期 3室2厅 139.57平米,2018.01.12,355,25436
华润凤凰城一期 3室2厅 131平米,2018.01.11,470,35878
华润凤凰城一期 2室2厅 89.02平米,2017.12.23,225,25276
华润凤凰城一期 3室2厅 131.7平米,2017.12.22,292,22172
华润凤凰城一期 3室2厅 132平米,2017.12.20,370,28031
华润凤凰城二期 4室2厅 157.71平米,2017.12.14,446,28280
华润凤凰城一期 2室2厅 104.47平米,2017.12.13,230,22016
华润凤凰城一期 3室2厅 124平米,2017.12.11,270,21775
华润凤凰城三期 3室2厅 183.5平米,2017.12.09,468,25505
华润凤凰城一期 2室2厅 89.77平米,2017.12.08,235,26179
华润凤凰城三期 3室2厅 85.68平米,2017.12.02,227,26494
华润凤凰城三期 2室2厅 85.94平米,2017.11.29,220.8,25693
华润凤凰城一期 3室2厅 129.84平米,2017.11.19,280,21566
华润凤凰城一期 3室2厅 136.52平米,2017.11.17,310,22708
华润凤凰城二期 1室1厅 56.27平米,2017.11.13,133,23637
华润凤凰城三期 2室2厅 87.24平米,2017.11.12,209,23957
华润凤凰城三期 3室2厅 124平米,2017.10.30,285,22984
华润凤凰城二期 1室1厅 56平米,2017.10.25,140,25000
华润凤凰城一期 2室2厅 75.64平米,2017.10.25,174,23004
华润凤凰城二期 3室2厅 111.34平米,2017.10.24,266,23891
华润凤凰城一期 3室2厅 141.02平米,2017.10.24,340,24111
华润凤凰城一期 2室2厅 90.1平米,2017.10.15,210,23308
华润凤凰城三期 3室2厅 124.09平米,2017.10.15,285,22968
华润凤凰城二期 4室2厅 127.07平米,2017.10.14,280,22036
华润凤凰城一期 4室2厅 173.31平米,2017.10.09,410,23658
华润凤凰城一期 3室2厅 125.21平米,2017.10.01,273,21804
华润凤凰城一期 4室2厅 148.02平米,2017.09.27,290,19592
华润凤凰城一期 3室1厅 138.47平米,2017.09.25,338,24410
华润凤凰城一期 3室2厅 121.61平米,2017.09.17,252,20722
华润凤凰城三期 3室2厅 106.05平米,2017.09.17,258,24329
华润凤凰城二期 3室2厅 111平米,2017.09.15,260,23424
华润凤凰城二期 2室1厅 56.27平米,2017.09.10,119,21149
华润凤凰城一期 3室2厅 134.5平米,2017.09.07,270,20075
华润凤凰城二期 1室1厅 56.08平米,2017.09.01,110,19615
华润凤凰城三期 3室2厅 123.99平米,2017.08.30,290,23389
华润凤凰城三期 3室2厅 182.87平米,2017.08.29,430,23514
华润凤凰城三期 3室2厅 106平米,2017.08.27,245,23114
华润凤凰城二期 1室1厅 56.27平米,2017.08.22,100,17772
华润凤凰城二期 4室2厅 146.34平米,2017.08.20,369,25216
华润凤凰城二期 3室2厅 96.99平米,2017.08.19,195,20106
华润凤凰城三期 3室2厅 152.03平米,2017.08.19,371,24404
华润凤凰城一期 3室1厅 132.09平米,2017.08.19,260,19684
华润凤凰城一期 3室2厅 141.07平米,2017.08.18,248.5,17616
华润凤凰城一期 3室2厅 124平米,2017.08.14,280,22581
华润凤凰城一期 3室2厅 100.16平米,2017.08.10,212,21167
华润凤凰城一期 3室2厅 124平米,2017.08.06,236.8,19097
华润凤凰城二期 4室1厅 126.28平米,2017.08.03,278,22015
华润凤凰城三期 3室2厅 106平米,2017.07.30,246,23208
华润凤凰城一期 2室2厅 90.1平米,2017.07.26,198,21976
华润凤凰城一期 3室2厅 100平米,2017.07.19,223,22300
华润凤凰城一期 3室2厅 131.23平米,2017.07.06,263.8,20103
华润凤凰城二期 1室1厅 56.27平米,2017.06.21,108.5,19283
华润凤凰城三期 4室2厅 157平米,2017.06.20,317,20192
华润凤凰城二期 5室2厅 153平米,2017.06.17,330,21569
华润凤凰城二期 4室2厅 130.35平米,2017.06.13,280,21481
华润凤凰城三期 3室2厅 85.61平米,2017.06.07,210,24530
华润凤凰城二期 1室1厅 56.27平米,2017.05.23,102,18127
华润凤凰城二期 2室1厅 56.27平米,2017.05.18,101,17950
华润凤凰城二期 2室1厅 94平米,2017.05.17,220,23405
华润凤凰城一期 3室1厅 136.03平米,2017.03.29,222,16320
华润凤凰城一期 3室2厅 137.69平米,2017.03.23,252,18302
华润凤凰城一期 3室2厅 129.26平米,2017.03.20,262,20270
华润凤凰城二期 1室1厅 56.27平米,2017.03.19,99,17594
华润凤凰城三期 3室2厅 151.97平米,2017.03.17,335,22044
华润凤凰城三期 4室2厅 157.29平米,2017.03.16,345,21935
华润凤凰城二期 6室2厅 157.88平米,2017.03.15,308,19509
华润凤凰城一期 3室2厅 134平米,2017.03.15,268,20000
华润凤凰城一期 3室2厅 130平米,2017.03.12,240,18462
华润凤凰城一期 4室2厅 161.9平米,2017.03.10,310,19148
华润凤凰城一期 3室2厅 141.02平米,2017.03.10,337.5,23933
华润凤凰城一期 2室2厅 88.64平米,2017.03.09,173,19518
华润凤凰城三期 3室2厅 85.68平米,2017.03.06,185,21592
华润凤凰城二期 1室1厅 56平米,2017.03.06,91,16250
华润凤凰城二期 1室1厅 56平米,2017.03.06,97,17322
华润凤凰城一期 2室2厅 104.47平米,2017.03.06,160,15316
华润凤凰城一期 3室2厅 133.44平米,2017.03.03,273,20459
华润凤凰城二期 3室2厅 126.86平米,2017.02.28,268,21126
华润凤凰城二期 1室1厅 56平米,2017.02.25,93,16608
华润凤凰城二期 1室1厅 56.27平米,2017.02.23,100,17772
华润凤凰城二期 1室1厅 56平米,2017.02.22,97,17322
华润凤凰城三期 1室0厅 123.99平米,2017.02.17,230,18550
华润凤凰城一期 3室2厅 146.8平米,2017.02.14,303,20641
华润凤凰城三期 4室2厅 155平米,2017.02.13,355,22904
华润凤凰城二期 3室2厅 124.23平米,2017.01.22,195,15697
华润凤凰城二期 3室2厅 94平米,2017.01.22,185,19681
华润凤凰城一期 3室2厅 131.31平米,2017.01.15,230,17516
华润凤凰城一期 3室2厅 99平米,2017.01.08,198,20000
华润凤凰城一期 2室1厅 89平米,2016.12.28,160,17978
华润凤凰城一期 3室2厅 130.25平米,2016.12.19,234,17966
华润凤凰城一期 3室2厅 145平米,2016.12.16,265,18276
华润凤凰城一期 3室2厅 131.7平米,2016.12.04,270,20502
华润凤凰城二期 2室1厅 56.27平米,2016.12.03,88,15639
华润凤凰城三期 3室2厅 85.2平米,2016.12.01,170,19954
华润凤凰城一期 4室2厅 162.14平米,2016.11.30,308,18996
华润凤凰城二期 5室2厅 148.71平米,2016.11.28,316,21250
华润凤凰城二期 4室2厅 136.25平米,2016.11.25,211,15487
华润凤凰城二期 3室2厅 94.06平米,2016.11.18,197,20945
华润凤凰城一期 3室2厅 124.69平米,2016.11.13,188,15078
华润凤凰城三期 3室2厅 105.97平米,2016.11.09,182,17175
华润凤凰城二期 1室1厅 56.27平米,2016.10.31,81,14395
华润凤凰城二期 2室2厅 96.99平米,2016.10.24,145,14950
华润凤凰城一期 3室1厅 98.96平米,2016.10.22,160,16169
华润凤凰城一期 2室1厅 90.1平米,2016.10.21,172,19090
华润凤凰城二期 4室2厅 135.4平米,2016.10.21,216,15953
华润凤凰城一期 2室2厅 104.47平米,2016.10.20,168,16082
华润凤凰城三期 3室2厅 85.68平米,2016.10.15,158,18441
华润凤凰城一期 2室2厅 88.55平米,2016.10.12,165,18634
华润凤凰城三期 3室2厅 85.61平米,2016.10.09,157,18339
华润凤凰城二期 4室2厅 157.53平米,2016.10.08,344,21838
华润凤凰城三期 4室2厅 156.96平米,2016.10.08,303,19305
华润凤凰城二期 5室2厅 157.53平米,2016.10.08,340,21584
华润凤凰城三期 4室2厅 259.25平米,2016.09.30,485,18708
华润凤凰城三期 2室2厅 79.03平米,2016.09.28,137,17336
华润凤凰城三期 4室2厅 152.03平米,2016.09.26,278,18286
华润凤凰城三期 4室2厅 182.93平米,2016.09.25,358,19571
华润凤凰城二期 1室2厅 56.27平米,2016.09.25,78,13862
华润凤凰城三期 2室2厅 87.24平米,2016.09.24,138,15819
华润凤凰城一期 3室2厅 121.61平米,2016.09.24,176,14473
华润凤凰城一期 3室2厅 131.37平米,2016.09.20,195,14844
华润凤凰城一期 2室1厅 89平米,2016.09.15,136,15281
华润凤凰城一期 3室2厅 139.57平米,2016.09.14,223,15978
华润凤凰城三期 3室2厅 182.2平米,2016.09.13,310,17015
华润凤凰城三期 3室2厅 105.92平米,2016.09.13,187,17655
华润凤凰城一期 2室2厅 76平米,2016.09.07,104,13685
华润凤凰城三期 3室2厅 85.68平米,2016.09.06,138,16107
华润凤凰城二期 4室2厅 135.4平米,2016.09.06,202,14919
华润凤凰城三期 3室2厅 123.99平米,2016.09.05,180,14518
华润凤凰城一期 3室2厅 140.68平米,2016.09.04,199,14146
华润凤凰城二期 2室1厅 56.27平米,2016.09.04,82,14573
华润凤凰城一期 2室2厅 90.1平米,2016.09.01,125,13874
华润凤凰城二期 3室2厅 122.67平米,2016.08.31,156.6,12766
华润凤凰城二期 3室2厅 104.52平米,2016.08.24,104,9951
华润凤凰城二期 3室2厅 100.8平米,2016.08.21,153,15179
华润凤凰城一期 2室2厅 89.77平米,2016.08.20,127,14148
华润凤凰城三期 3室2厅 124.09平米,2016.08.18,166,13378
华润凤凰城二期 2室1厅 56.27平米,2016.08.17,74.5,13240
华润凤凰城三期 3室2厅 105.92平米,2016.08.14,157,14823
华润凤凰城一期 3室2厅 124.69平米,2016.08.13,155,12431
华润凤凰城一期 2室2厅 88.64平米,2016.08.13,118,13313
华润凤凰城二期 5室2厅 157.53平米,2016.08.12,235,14918
华润凤凰城一期 3室2厅 121.89平米,2016.08.10,176,14440
华润凤凰城三期 3室2厅 85.61平米,2016.08.08,135,15770
华润凤凰城一期 3室2厅 118.75平米,2016.08.07,140,11790
华润凤凰城三期 3室2厅 105.97平米,2016.08.02,178,16798
华润凤凰城三期 3室2厅 85.68平米,2016.07.26,115,13423
华润凤凰城一期 4室2厅 147平米,2016.07.25,238,16191
华润凤凰城一期 4室2厅 164.63平米,2016.07.23,160,9719
华润凤凰城三期 3室2厅 85.61平米,2016.07.20,122,14251
华润凤凰城二期 1室1厅 56.27平米,2016.07.18,77,13685
华润凤凰城三期 4室2厅 182.87平米,2016.07.16,300,16406
华润凤凰城一期 3室2厅 141.05平米,2016.07.16,175,12407
华润凤凰城一期 3室2厅 124.41平米,2016.07.08,144.5,11615
华润凤凰城一期 3室2厅 124.41平米,2016.07.04,137,11012
华润凤凰城二期 1室1厅 56平米,2016.07.03,71,12679
华润凤凰城一期 3室2厅 125.21平米,2016.07.02,181.7,14511
华润凤凰城三期 4室2厅 183.06平米,2016.06.30,325,17754
华润凤凰城一期 2室2厅 89.02平米,2016.06.26,118.4,13301
华润凤凰城二期 1室1厅 56.08平米,2016.06.25,68,12126
华润凤凰城一期 3室2厅 139.54平米,2016.06.24,182,13043
华润凤凰城三期 3室2厅 150.03平米,2016.06.21,245,16331
华润凤凰城一期 3室2厅 135.95平米,2016.06.20,148,10887
华润凤凰城一期 3室2厅 134.88平米,2016.06.14,184,13642
华润凤凰城一期 3室2厅 131.37平米,2016.06.14,163,12408
华润凤凰城二期 3室2厅 126.28平米,2016.06.13,145,11483
华润凤凰城一期 3室2厅 141平米,2016.06.08,188,13334
华润凤凰城一期 2室2厅 88.8平米,2016.06.05,109,12275
华润凤凰城一期 3室2厅 136.3平米,2016.06.03,165.5,12143
华润凤凰城二期 3室2厅 127.16平米,2016.06.02,165,12976
华润凤凰城三期 4室2厅 182.2平米,2016.05.29,243,13337
华润凤凰城一期 2室2厅 105平米,2016.05.29,132,12572
华润凤凰城一期 4室2厅 161.86平米,2016.05.24,238,14705
华润凤凰城三期 4室2厅 157.29平米,2016.05.23,192,12207
华润凤凰城三期 3室2厅 123.99平米,2016.05.22,172,13873
华润凤凰城三期 4室2厅 157.16平米,2016.05.19,193,12281
华润凤凰城一期 4室2厅 146.33平米,2016.05.13,171.7,11734
华润凤凰城一期 3室2厅 132.88平米,2016.05.06,182,13697
华润凤凰城二期 1室1厅 56.27平米,2016.05.05,71,12618
华润凤凰城一期 3室2厅 131.21平米,2016.04.28,156.5,11928
华润凤凰城一期 3室2厅 139.54平米,2016.04.27,165,11825
华润凤凰城一期 3室2厅 141.05平米,2016.04.27,170,12053
华润凤凰城一期 2室2厅 88.64平米,2016.04.24,102,11508
华润凤凰城二期 6室1厅 176.63平米,2016.04.22,174,9852
华润凤凰城三期 3室2厅 105.97平米,2016.04.19,138,13023
华润凤凰城一期 2室2厅 88.7平米,2016.04.17,114,12852
华润凤凰城二期 2室2厅 56.27平米,2016.04.17,69,12263
华润凤凰城一期 2室1厅 90.1平米,2016.04.10,105,11654
华润凤凰城三期 4室2厅 156.14平米,2016.03.27,172,11016
华润凤凰城二期 3室2厅 104.04平米,2016.03.20,117,11246
华润凤凰城一期 3室2厅 139.54平米,2016.03.18,174,12470
华润凤凰城一期 3室2厅 146.63平米,2016.03.15,175,11935
华润凤凰城一期 3室2厅 129.76平米,2016.03.11,139,10713
华润凤凰城一期 3室2厅 134.88平米,2016.03.06,154,11418
华润凤凰城一期 3室2厅 124.99平米,2016.03.04,128,10241
华润凤凰城一期 3室2厅 131.18平米,2016.03.03,173,13188
华润凤凰城一期 3室2厅 146.33平米,2016.02.29,153.5,10490
华润凤凰城一期 3室2厅 132.88平米,2016.02.26,141,10612
华润凤凰城一期 3室2厅 132.88平米,2016.02.21,149,11214
华润凤凰城三期 3室2厅 123.99平米,2016.02.21,150,12098
华润凤凰城一期 3室2厅 146.33平米,2016.02.20,161,11003
华润凤凰城一期 3室2厅 131.7平米,2016.02.20,164.6,12499
华润凤凰城一期 3室2厅 134.85平米,2016.02.14,147,10902
华润凤凰城三期 4室2厅 183.05平米,2016.01.31,201.5,11008
华润凤凰城二期 3室2厅 104.04平米,2016.01.30,90,8651
华润凤凰城三期 3室2厅 106.05平米,2016.01.21,155,14616
华润凤凰城三期 3室1厅 85.61平米,2016.01.18,108,12616
华润凤凰城三期 4室2厅 182.93平米,2016.01.17,203,11098
华润凤凰城一期 3室2厅 141.33平米,2016.01.11,151,10685
华润凤凰城一期 4室2厅 173.31平米,2016.01.03,220,12695
华润凤凰城三期 3室2厅 106.05平米,2016.01.02,125,11787
华润凤凰城一期 3室2厅 140.71平米,2015.12.30,170,12082
华润凤凰城二期 4室2厅 135.4平米,2015.12.30,133,9823
华润凤凰城三期 3室2厅 123.99平米,2015.12.26,156,12582
华润凤凰城一期 3室2厅 129.28平米,2015.12.26,187,14465
华润凤凰城二期 3室2厅 104.04平米,2015.12.22,93.5,8987
华润凤凰城一期 2室2厅 89.02平米,2015.12.21,111,12470
华润凤凰城一期 3室2厅 133.64平米,2015.12.16,163,12197
华润凤凰城二期 4室2厅 126.28平米,2015.12.15,165.7,13118
华润凤凰城一期 3室2厅 131.24平米,2015.12.09,158,12040
华润凤凰城三期 3室2厅 124.09平米,2015.12.08,121.5,9792
华润凤凰城一期 3室2厅 126.04平米,2015.11.25,125,9918
华润凤凰城三期 4室2厅 182.93平米,2015.11.25,172,9403
华润凤凰城一期 4室2厅 151.35平米,2015.11.23,150,9911
华润凤凰城三期 3室2厅 124平米,2015.11.23,165,13307
华润凤凰城二期 3室2厅 111.34平米,2015.11.22,125.3,11254
华润凤凰城二期 5室2厅 153.57平米,2015.11.22,158,10289
华润凤凰城一期 3室2厅 131.73平米,2015.11.20,160,12147
华润凤凰城三期 3室2厅 85.61平米,2015.11.19,104,12149
华润凤凰城三期 3室2厅 157.19平米,2015.11.05,190,12088
华润凤凰城二期 5室2厅 157.53平米,2015.11.04,153,9713
华润凤凰城一期 3室2厅 129.84平米,2015.11.01,148,11399
华润凤凰城一期 3室2厅 134平米,2015.10.29,138,10299
华润凤凰城三期 5室2厅 191平米,2015.10.24,248.8,13027
华润凤凰城一期 3室2厅 125平米,2015.10.17,113,9040
华润凤凰城三期 3室2厅 124平米,2015.10.16,145.5,11734
华润凤凰城二期 4室2厅 136平米,2015.10.13,121.5,8934
华润凤凰城三期 3室2厅 106平米,2015.10.13,130,12265
华润凤凰城二期 3室2厅 101平米,2015.10.12,116,11486
华润凤凰城二期 4室2厅 131.28平米,2015.10.08,160,12188
华润凤凰城一期 2室2厅 76.58平米,2015.10.07,85,11100
华润凤凰城二期 5室2厅 157.87平米,2015.09.23,144,9122
华润凤凰城二期 5室2厅 159平米,2015.09.22,175,11007
华润凤凰城三期 4室2厅 157.44平米,2015.09.16,180,11433
华润凤凰城二期 3室2厅 130.35平米,2015.09.14,126,9667
华润凤凰城一期 3室2厅 132平米,2015.09.13,159.5,12084
华润凤凰城一期 3室2厅 98平米,2015.09.10,96,9796
华润凤凰城一期 4室2厅 173平米,2015.09.05,180,10405
华润凤凰城三期 3室2厅 124平米,2015.08.29,158,12742
华润凤凰城一期 3室2厅 136.06平米,2015.08.28,148,10878
华润凤凰城一期 3室2厅 141平米,2015.08.22,152,10781
华润凤凰城二期 4室2厅 157平米,2015.08.20,216,13758
华润凤凰城一期 3室2厅 125.7平米,2015.08.19,105,8354
华润凤凰城二期 2室1厅 56平米,2015.08.19,62,11072
华润凤凰城一期 3室2厅 128.97平米,2015.08.18,139,10778
华润凤凰城一期 3室2厅 124平米,2015.08.13,107,8630
华润凤凰城一期 3室2厅 118.7平米,2015.08.12,122,10279
华润凤凰城一期 3室2厅 141平米,2015.08.09,145,10284
华润凤凰城一期 3室2厅 124平米,2015.08.05,107.8,8694
华润凤凰城一期 3室2厅 134平米,2015.08.01,147,10971
华润凤凰城一期 3室2厅 141平米,2015.07.26,142,10071
华润凤凰城一期 3室2厅 134平米,2015.07.25,158,11792
华润凤凰城三期 3室2厅 124平米,2015.07.21,147,11855
华润凤凰城三期 3室2厅 106平米,2015.07.21,123,11604
华润凤凰城三期 4室2厅 183平米,2015.07.13,179,9782
华润凤凰城二期 1室1厅 56平米,2015.07.05,63,11250
华润凤凰城三期 4室2厅 157平米,2015.07.01,150,9555
华润凤凰城三期 4室2厅 183平米,2015.06.29,169,9235
华润凤凰城一期 3室2厅 134平米,2015.06.29,135,10075
华润凤凰城二期 3室2厅 111平米,2015.06.29,123,11082
华润凤凰城二期 3室2厅 136平米,2015.06.22,148,10883
华润凤凰城一期 3室2厅 118平米,2015.06.21,120,10170
华润凤凰城三期 3室2厅 85.61平米,2015.06.20,103,12032
华润凤凰城一期 3室2厅 136平米,2015.06.16,135,9927
华润凤凰城一期 2室2厅 89.2平米,2015.06.15,104,11660
华润凤凰城二期 3室2厅 127平米,2015.06.09,120,9449
华润凤凰城二期 4室2厅 136.25平米,2015.05.29,115,8441
华润凤凰城二期 1室1厅 56平米,2015.05.22,56,10000
华润凤凰城三期 4室2厅 152平米,2015.05.19,162,10658
华润凤凰城一期 3室2厅 141平米,2015.05.18,181,12837
华润凤凰城一期 4室2厅 162平米,2015.05.14,163,10062
华润凤凰城二期 4室2厅 146平米,2015.05.12,163,11165
华润凤凰城三期 3室2厅 124平米,2015.05.11,107,8630
华润凤凰城二期 1室1厅 56平米,2015.05.06,50,8929
华润凤凰城一期 2室2厅 88平米,2015.05.03,93,10569
华润凤凰城一期 3室2厅 121平米,2015.04.28,132,10910
华润凤凰城一期 3室2厅 141平米,2015.04.25,160,11348
华润凤凰城二期 4室2厅 157平米,2015.04.23,138,8790
华润凤凰城一期 3室2厅 141.02平米,2015.04.21,146,10354
华润凤凰城二期 4室2厅 130平米,2015.04.20,112,8616
华润凤凰城一期 3室2厅 136平米,2015.04.19,123,9045
华润凤凰城一期 3室2厅 141平米,2015.04.18,129,9149
华润凤凰城二期 4室2厅 136平米,2015.04.13,160,11765
华润凤凰城一期 3室2厅 124平米,2015.04.12,135,10888
华润凤凰城一期 3室2厅 123平米,2015.04.07,105,8537
华润凤凰城三期 4室2厅 155平米,2015.03.22,165,10646
华润凤凰城三期 3室2厅 105平米,2015.03.20,124.8,11886
华润凤凰城二期 3室2厅 111平米,2015.03.17,109,9820
华润凤凰城一期 3室2厅 131平米,2015.03.09,127,9695
华润凤凰城三期 3室2厅 124平米,2015.03.08,136.5,11009
华润凤凰城三期 3室2厅 85平米,2015.02.25,86,10118
华润凤凰城三期 4室2厅 155平米,2015.02.08,145,9355
华润凤凰城三期 3室2厅 85平米,2015.02.06,98.5,11589
华润凤凰城二期 2室1厅 56平米,2015.01.24,60,10715
华润凤凰城一期 3室2厅 129平米,2015.01.21,155,12016
华润凤凰城一期 3室2厅 141平米,2015.01.08,138,9788
华润凤凰城二期 5室2厅 159平米,2014.12.31,142,8931
华润凤凰城三期 3室2厅 123平米,2014.12.31,152,12358
华润凤凰城一期 3室2厅 137平米,2014.12.30,129,9417
华润凤凰城二期 5室2厅 153平米,2014.12.28,169,11046
华润凤凰城一期 3室2厅 132平米,2014.12.28,125,9470
华润凤凰城一期 3室2厅 132平米,2014.12.28,153,11591
华润凤凰城一期 3室2厅 130平米,2014.12.26,142,10924
华润凤凰城二期 5室3厅 153平米,2014.12.19,154.5,10099
华润凤凰城一期 4室2厅 146平米,2014.12.17,138,9453
华润凤凰城三期 4室2厅 155平米,2014.12.08,145,9355
华润凤凰城二期 1室1厅 56平米,2014.12.07,60,10715
华润凤凰城三期 4室2厅 141平米,2014.12.03,125,8866
华润凤凰城一期 4室2厅 162平米,2014.11.30,154,9507
华润凤凰城一期 3室2厅 134.85平米,2014.11.26,138,10234
华润凤凰城二期 1室1厅 56平米,2014.11.23,54.8,9786
华润凤凰城二期 2室2厅 56.27平米,2014.11.22,51,9064
华润凤凰城二期 1室1厅 56平米,2014.11.19,56,10000
华润凤凰城一期 3室2厅 141平米,2014.11.17,130,9220
华润凤凰城三期 3室2厅 105平米,2014.11.16,136,12953
华润凤凰城一期 3室2厅 141平米,2014.11.09,145,10284
华润凤凰城三期 4室2厅 183平米,2014.11.04,162,8853
华润凤凰城一期 4室2厅 173平米,2014.10.23,165,9538
华润凤凰城一期 3室2厅 134平米,2014.10.21,118,8806
华润凤凰城一期 3室2厅 153平米,2014.10.19,127,8301
华润凤凰城一期 3室2厅 131平米,2014.10.19,112,8550
华润凤凰城一期 3室2厅 123.7平米,2014.10.18,108,8731
华润凤凰城一期 3室2厅 129.76平米,2014.10.15,106,8169
华润凤凰城三期 3室2厅 106.05平米,2014.10.14,103,9713
华润凤凰城一期 3室2厅 146平米,2014.10.09,136,9316
华润凤凰城一期 3室2厅 129平米,2014.10.07,148,11473
华润凤凰城二期 5室2厅 157平米,2014.09.30,146,9300
华润凤凰城一期 3室2厅 118平米,2014.09.28,110,9323
华润凤凰城一期 3室2厅 134.85平米,2014.09.22,120,8899
华润凤凰城一期 2室2厅 90.48平米,2014.09.19,88,9726
华润凤凰城一期 4室2厅 153.89平米,2014.09.02,131,8513
华润凤凰城一期 3室2厅 134.27平米,2014.08.27,128,9534
华润凤凰城一期 4室2厅 141.05平米,2014.08.26,120,8508
华润凤凰城二期 1室1厅 56平米,2014.08.24,55.6,9929
华润凤凰城一期 3室2厅 133.33平米,2014.08.20,118,8851
华润凤凰城一期 3室2厅 140.68平米,2014.08.17,132,9383
华润凤凰城二期 3室2厅 111平米,2014.08.14,113,10181
华润凤凰城一期 2室1厅 75.5平米,2014.08.06,84,11126
华润凤凰城一期 4室2厅 173平米,2014.07.29,145,8382
华润凤凰城一期 3室2厅 139平米,2014.07.16,124,8921
华润凤凰城三期 3室2厅 105.97平米,2014.06.30,115,10853
华润凤凰城二期 3室2厅 127.07平米,2014.06.27,104.1,8187
华润凤凰城一期 3室2厅 133平米,2014.06.24,112.5,8459
华润凤凰城二期 4室2厅 148.71平米,2014.06.11,195,13113
华润凤凰城二期 4室2厅 153.57平米,2014.06.10,150,9768
华润凤凰城一期 3室2厅 132.13平米,2014.06.08,125,9461
华润凤凰城一期 4室2厅 162平米,2014.05.30,156,9630
华润凤凰城二期 4室2厅 136.74平米,2014.05.25,104,7606
华润凤凰城三期 3室2厅 124.09平米,2014.05.24,104,8382
华润凤凰城一期 3室2厅 132平米,2014.05.17,124,9394
华润凤凰城二期 1室1厅 56平米,2014.05.13,61,10893
华润凤凰城一期 4室2厅 148平米,2014.05.12,134,9055
华润凤凰城一期 4室2厅 155平米,2014.04.30,135,8710
华润凤凰城二期 5室2厅 146.34平米,2014.04.29,145,9909
华润凤凰城一期 3室2厅 134平米,2014.04.27,124,9254
华润凤凰城一期 3室2厅 141平米,2014.04.25,154,10922
华润凤凰城一期 3室2厅 141平米,2014.04.23,150,10639
华润凤凰城二期 3室2厅 130.35平米,2014.04.21,124,9513
华润凤凰城一期 3室2厅 131平米,2014.04.16,117,8932
华润凤凰城一期 2室2厅 104.47平米,2014.04.02,88,8424
华润凤凰城二期 5室2厅 157.53平米,2014.04.01,135,8570
华润凤凰城一期 3室2厅 124平米,2014.03.31,98,7904
华润凤凰城三期 4室2厅 151.97平米,2014.03.23,146,9608
华润凤凰城三期 3室2厅 106平米,2014.03.22,94,8868
华润凤凰城一期 3室2厅 133.72平米,2014.03.19,114,8526
华润凤凰城二期 4室2厅 157.88平米,2014.03.15,143,9058
华润凤凰城一期 3室2厅 130.14平米,2014.03.14,118,9068
华润凤凰城一期 3室2厅 132.09平米,2014.03.10,116,8782
华润凤凰城三期 4室2厅 152.03平米,2014.03.09,169.8,11169
华润凤凰城一期 3室2厅 133平米,2014.03.02,115,8647
华润凤凰城二期 3室2厅 100.6平米,2014.03.01,98.8,9822
华润凤凰城二期 5室2厅 157.5平米,2014.02.25,131,8318
华润凤凰城三期 3室2厅 105.97平米,2014.02.25,116,10947
华润凤凰城三期 3室2厅 106.5平米,2014.02.19,103.2,9691
华润凤凰城三期 4室2厅 183平米,2014.02.17,168,9181
华润凤凰城一期 3室2厅 132.7平米,2014.02.16,109.8,8275
华润凤凰城一期 3室2厅 124.98平米,2014.01.22,98.3,7866
华润凤凰城一期 3室2厅 140.99平米,2014.01.01,134,9505
华润凤凰城二期 4室2厅 136.25平米,2013.12.23,105,7707
华润凤凰城一期 4室2厅 146.67平米,2013.12.16,135,9205
华润凤凰城一期 3室2厅 133平米,2013.12.15,120,9023
华润凤凰城一期 3室2厅 122平米,2013.12.10,115,9427
华润凤凰城三期 4室2厅 152.03平米,2013.12.08,154,10130
华润凤凰城二期 1室1厅 56.27平米,2013.11.17,65,11552
华润凤凰城三期 3室2厅 85.2平米,2013.11.09,85,9977
华润凤凰城一期 3室2厅 141平米,2013.11.08,139.5,9894
华润凤凰城三期 3室2厅 106.05平米,2013.11.07,106,9996
华润凤凰城二期 3室2厅 126.27平米,2013.10.17,125.6,9947
华润凤凰城一期 3室2厅 134平米,2013.10.11,113,8433
华润凤凰城二期 4室2厅 136平米,2013.10.09,150,11030
华润凤凰城三期 4室2厅 164平米,2013.10.04,235,14330
华润凤凰城三期 3室2厅 106平米,2013.09.28,101,9529
华润凤凰城三期 4室2厅 152平米,2013.09.27,146,9606
华润凤凰城一期 3室2厅 138.47平米,2013.09.10,117,8450
华润凤凰城一期 3室2厅 139平米,2013.09.08,120,8634
华润凤凰城一期 3室2厅 132平米,2013.09.07,111.5,8447
华润凤凰城一期 3室2厅 138平米,2013.09.06,125,9058
华润凤凰城二期 3室2厅 104.77平米,2013.09.01,86,8209
华润凤凰城三期 5室2厅 183平米,2013.08.18,168,9181
华润凤凰城一期 3室2厅 139.54平米,2013.08.18,129,9245
华润凤凰城三期 3室2厅 85.2平米,2013.08.16,86,10094
华润凤凰城一期 4室2厅 162平米,2013.08.07,135,8334
华润凤凰城一期 3室2厅 141.05平米,2013.07.29,133,9430
华润凤凰城一期 3室2厅 139.5平米,2013.07.21,125.5,8997
华润凤凰城二期 2室2厅 56平米,2013.07.11,60,10715
华润凤凰城一期 3室2厅 141平米,2013.06.22,130,9220
华润凤凰城一期 3室1厅 123平米,2013.06.16,109,8862
华润凤凰城二期 1室1厅 56平米,2013.05.30,58,10358
华润凤凰城一期 2室1厅 125平米,2013.05.28,98,7840
华润凤凰城一期 3室2厅 125平米,2013.05.21,120,9600
华润凤凰城二期 3室2厅 146.34平米,2013.05.20,128,8747
华润凤凰城一期 2室2厅 88.8平米,2013.05.14,80,9010
华润凤凰城一期 4室2厅 147平米,2013.04.21,128,8708
华润凤凰城一期 3室2厅 146.33平米,2013.04.14,114,7791
华润凤凰城一期 2室2厅 89.77平米,2013.04.07,75.2,8377
华润凤凰城二期 2室2厅 56平米,2013.03.31,75,13393
华润凤凰城二期 --室--厅 102.92平米,2013.03.24,127,12340
华润凤凰城二期 --室--厅 111平米,2013.03.23,111.9,10081
华润凤凰城一期 2室2厅 90平米,2013.03.17,82,9112
华润凤凰城一期 3室2厅 141平米,2013.03.12,156,11064
华润凤凰城一期 3室2厅 131.37平米,2013.03.10,120,9135
华润凤凰城一期 2室2厅 89.77平米,2013.03.10,75.5,8411
华润凤凰城一期 3室2厅 129.28平米,2013.03.10,111,8587
华润凤凰城一期 2室2厅 75.64平米,2013.03.06,75,9916
华润凤凰城二期 1室1厅 56.27平米,2013.03.02,56.5,10041
华润凤凰城一期 3室2厅 129.76平米,2013.02.23,92,7091
华润凤凰城二期 3室2厅 104平米,2013.02.23,82,7885
华润凤凰城三期 3室2厅 87.6平米,2013.02.20,78,8905
华润凤凰城一期 3室2厅 141平米,2013.02.19,132,9362
华润凤凰城一期 2室2厅 88.64平米,2013.02.02,85,9590
华润凤凰城一期 2室2厅 89.04平米,2013.01.31,83,9322
华润凤凰城一期 3室2厅 100平米,2013.01.27,85,8500
华润凤凰城一期 3室2厅 140.71平米,2013.01.27,106,7534
华润凤凰城一期 4室2厅 173平米,2013.01.27,157,9076
华润凤凰城三期 3室1厅 123.99平米,2013.01.27,116,9356
华润凤凰城一期 3室2厅 141平米,2013.01.25,130,9220
华润凤凰城三期 3室2厅 124平米,2013.01.25,106,8549
华润凤凰城一期 3室2厅 141.02平米,2013.01.17,130,9219
华润凤凰城一期 2室1厅 75.77平米,2013.01.11,75,9899
华润凤凰城一期 3室2厅 139平米,2012.12.17,120,8634
华润凤凰城一期 3室2厅 99.79平米,2012.12.14,88,8819
华润凤凰城一期 3室2厅 140.5平米,2012.12.03,155,11033
华润凤凰城二期 1室1厅 56平米,2012.12.01,58,10358
华润凤凰城一期 3室2厅 129.84平米,2012.11.29,109,8395
华润凤凰城二期 1室0厅 56平米,2012.11.12,56,10000
华润凤凰城一期 3室2厅 136平米,2012.10.26,109.5,8052
华润凤凰城一期 3室2厅 134平米,2012.10.22,116.5,8695
华润凤凰城一期 3室2厅 132.69平米,2012.09.20,122,9195
华润凤凰城一期 2室2厅 105平米,2012.09.20,79,7524
华润凤凰城二期 1室1厅 56.27平米,2012.09.08,54.5,9686
华润凤凰城一期 3室2厅 98.96平米,2012.09.05,88,8893
华润凤凰城一期 3室2厅 129.83平米,2012.08.22,103,7934
华润凤凰城一期 3室2厅 134.85平米,2012.07.27,114,8454
华润凤凰城一期 3室2厅 136.03平米,2012.07.26,115,8455
华润凤凰城一期 3室2厅 141平米,2012.06.30,106,7518
华润凤凰城一期 4室2厅 147.15平米,2012.06.29,133,9039
华润凤凰城一期 3室2厅 140.71平米,2012.06.26,130,9239
华润凤凰城一期 3室2厅 132.45平米,2012.06.19,118,8910
华润凤凰城一期 3室2厅 141平米,2012.06.16,112,7944
华润凤凰城一期 3室2厅 123平米,2012.06.13,88,7155
华润凤凰城一期 3室2厅 123平米,2012.06.12,92.5,7521
华润凤凰城一期 3室2厅 131.2平米,2012.06.08,133,10138
华润凤凰城一期 3室2厅 123平米,2012.06.03,92,7480
华润凤凰城一期 3室2厅 133.88平米,2012.05.30,114.5,8553
华润凤凰城一期 3室2厅 134.85平米,2012.05.29,112,8306
华润凤凰城一期 3室2厅 132平米,2012.05.19,115,8713
华润凤凰城二期 1室1厅 56平米,2012.05.13,52.5,9375
华润凤凰城二期 6室2厅 179平米,2012.05.12,220,12291
华润凤凰城一期 3室2厅 130平米,2012.05.10,101.8,7831
华润凤凰城一期 3室2厅 129平米,2012.05.03,136,10543
华润凤凰城一期 2室2厅 90平米,2012.04.30,85,9445
华润凤凰城一期 3室2厅 131平米,2012.04.25,120,9161
华润凤凰城二期 3室2厅 128平米,2012.04.18,105,8204
华润凤凰城一期 3室2厅 131平米,2012.04.15,128,9771
华润凤凰城二期 3室0厅 101平米,2012.04.11,96.5,9555
英郡一期 3室2厅 119.81平米,2018.03.14,238,19865
英郡三期 4室2厅 135.59平米,2018.03.12,280,20651
英郡三期 3室1厅 88.94平米,2018.03.05,198,22263
英郡三期 3室1厅 88.94平米,2018.03.04,198,22263
英郡三期 2室2厅 79.5平米,2018.02.08,203,25535
英郡一期 3室1厅 128平米,2018.02.08,277.5,21680
英郡一期 3室2厅 147.03平米,2018.02.05,299,20336
英郡三期 3室2厅 86.9平米,2018.02.05,210,24166
英郡三期 3室2厅 89.71平米,2018.01.30,195,21737
英郡三期 3室1厅 108.81平米,2018.01.23,7,644
英郡二期 4室2厅 183.25平米,2018.01.17,385,21010
英郡二期 3室2厅 143.63平米,2018.01.04,260,18103
英郡一期 2室1厅 90.2平米,2018.01.02,180,19956
英郡三期 3室2厅 108.81平米,2017.12.21,223.8,20568
英郡一期 3室2厅 121.72平米,2017.12.21,212,17418
英郡一期 3室1厅 120.28平米,2017.12.11,225,18707
英郡三期 1室1厅 58.75平米,2017.12.03,126,21447
英郡一期 3室2厅 121.57平米,2017.11.21,220,18097
英郡三期 2室2厅 81.38平米,2017.11.18,195,23962
英郡三期 3室2厅 86.9平米,2017.11.18,192.5,22152
英郡一期 2室2厅 90.39平米,2017.10.21,150,16595
英郡三期 3室1厅 109.79平米,2017.10.17,187,17033
英郡二期 3室2厅 143.53平米,2017.10.13,270,18812
英郡一期 2室1厅 91.26平米,2017.10.13,164,17971
英郡二期 3室2厅 143.53平米,2017.10.12,280,19509
英郡一期 2室1厅 91.26平米,2017.09.30,165,18081
英郡三期 3室1厅 89.42平米,2017.09.18,170,19012
英郡一期 3室2厅 150.86平米,2017.09.12,251.5,16672
英郡三期 3室2厅 114.24平米,2017.09.07,213,18645
英郡一期 3室1厅 120.25平米,2017.09.06,192,15967
英郡二期 4室2厅 142.94平米,2017.09.03,205,14342
英郡一期 3室2厅 127.44平米,2017.08.30,216,16950
英郡三期 2室1厅 79.5平米,2017.08.29,145,18239
英郡三期 1室1厅 58.71平米,2017.08.16,108,18396
英郡三期 1室1厅 58.75平米,2017.08.15,97,16511
英郡三期 3室1厅 108.83平米,2017.08.10,178.2,16375
英郡一期 3室2厅 121平米,2017.08.08,202,16695
英郡二期 3室2厅 140.7平米,2017.08.08,225,15992
英郡三期 1室1厅 108.81平米,2017.08.07,180,16543
英郡三期 3室2厅 114平米,2017.08.06,200,17544
英郡三期 3室1厅 86.9平米,2017.08.06,155,17837
英郡一期 2室2厅 92.88平米,2017.07.24,160,17227
英郡二期 4室1厅 143.53平米,2017.07.18,230,16025
英郡三期 2室1厅 81.11平米,2017.07.18,135,16645
英郡三期 3室2厅 86.9平米,2017.07.08,160,18412
英郡三期 3室2厅 135.59平米,2017.06.15,193,14235
英郡三期 3室2厅 100.31平米,2017.06.15,170,16948
英郡一期 3室2厅 127.74平米,2017.06.01,209,16362
英郡一期 3室2厅 163.16平米,2017.05.25,235,14404
英郡三期 3室1厅 88.78平米,2017.05.18,143,16108
英郡三期 2室2厅 79.42平米,2017.04.20,139.5,17565
英郡三期 2室2厅 79.16平米,2017.03.24,133,16802
英郡三期 2室2厅 79.37平米,2017.03.24,132,16631
英郡三期 3室2厅 108平米,2017.03.23,165,15278
英郡二期 3室2厅 128.1平米,2017.03.22,183.2,14298
英郡三期 3室2厅 114.25平米,2017.03.20,175,15318
英郡三期 2室1厅 81平米,2017.03.19,123.8,15284
英郡三期 3室2厅 86平米,2017.03.12,149,17326
英郡三期 2室2厅 88.72平米,2017.03.12,130,14653
英郡二期 3室2厅 127.5平米,2017.03.06,208,16314
英郡一期 3室2厅 128.47平米,2017.03.06,187.8,14619
英郡三期 3室2厅 89平米,2017.03.06,139.7,15695
英郡三期 3室2厅 89平米,2017.03.03,129,14495
英郡三期 1室1厅 58平米,2017.03.02,83.8,14449
英郡三期 3室1厅 88.49平米,2017.02.28,130,14691
英郡一期 4室2厅 148.09平米,2017.02.26,178.6,12061
英郡二期 3室2厅 140.71平米,2017.02.21,182.4,12962
英郡三期 3室2厅 86.9平米,2017.02.20,140,16111
英郡三期 2室2厅 81平米,2017.02.19,119,14692
英郡二期 2室2厅 93平米,2017.02.16,135,14517
英郡二期 3室2厅 141.54平米,2017.02.16,163.8,11573
英郡三期 3室2厅 114平米,2017.02.15,167,14650
英郡三期 3室1厅 100平米,2017.02.11,140,14000
英郡三期 2室2厅 79.5平米,2017.02.07,129,16227
英郡三期 2室1厅 80平米,2017.02.05,123,15375
英郡三期 2室1厅 79.5平米,2017.01.17,120,15095
英郡一期 3室2厅 150.89平米,2016.12.31,182,12062
英郡三期 3室2厅 89.71平米,2016.12.19,119,13265
英郡一期 3室2厅 120.28平米,2016.12.19,152.8,12704
英郡一期 2室2厅 90.1平米,2016.12.18,115,12764
英郡一期 3室2厅 148.09平米,2016.12.15,176,11885
英郡一期 2室2厅 90.15平米,2016.12.09,118,13090
英郡三期 3室2厅 89.66平米,2016.12.01,120,13384
英郡二期 2室2厅 92.29平米,2016.11.26,110.3,11952
英郡二期 3室2厅 140.7平米,2016.11.26,145,10306
英郡一期 3室2厅 127.55平米,2016.11.19,157,12309
英郡一期 3室2厅 119.81平米,2016.11.13,120,10016
英郡一期 3室2厅 150.89平米,2016.11.12,218,14448
英郡二期 2室2厅 92.3平米,2016.11.12,131.3,14226
英郡三期 2室2厅 81.33平米,2016.11.10,99,12173
英郡一期 3室2厅 126.99平米,2016.11.06,168,13230
英郡二期 2室2厅 94.02平米,2016.11.06,110,11700
英郡一期 2室2厅 91.26平米,2016.11.05,100,10958
英郡三期 3室2厅 101.71平米,2016.11.03,140.5,13814
英郡三期 3室2厅 89.66平米,2016.10.30,116,12938
英郡三期 4室2厅 135.57平米,2016.10.27,206,15196
英郡一期 3室2厅 147.03平米,2016.10.22,243,16528
英郡一期 3室2厅 147平米,2016.10.21,165,11225
英郡三期 3室2厅 86.9平米,2016.10.15,105,12083
英郡三期 3室2厅 89.71平米,2016.10.07,125.5,13990
英郡一期 3室2厅 147.06平米,2016.10.05,163,11084
英郡三期 3室2厅 86.72平米,2016.10.04,128,14761
英郡三期 3室2厅 109.79平米,2016.10.04,112,10202
英郡二期 3室2厅 140.71平米,2016.10.04,140,9950
英郡三期 3室2厅 114.24平米,2016.10.01,136.8,11975
英郡三期 4室2厅 137.31平米,2016.09.30,180,13110
英郡一期 2室2厅 90.44平米,2016.09.29,101,11168
英郡一期 2室2厅 90.44平米,2016.09.29,115.5,12771
英郡三期 3室2厅 108.83平米,2016.09.27,154,14151
英郡三期 3室2厅 114.25平米,2016.09.26,156,13655
英郡一期 3室2厅 127.44平米,2016.09.25,155,12163
英郡三期 3室2厅 156.09平米,2016.09.25,148,9482
英郡二期 3室2厅 140.7平米,2016.09.24,126,8956
英郡二期 3室2厅 127.56平米,2016.09.24,138.8,10882
英郡一期 3室2厅 147.06平米,2016.09.17,138.5,9418
英郡一期 2室2厅 92.65平米,2016.09.12,103.5,11172
英郡一期 2室2厅 92.65平米,2016.09.11,101.5,10956
英郡二期 3室2厅 143.47平米,2016.09.10,135,9410
英郡一期 3室2厅 128.69平米,2016.09.08,118,9170
英郡三期 3室2厅 108.81平米,2016.09.07,106,9742
英郡三期 3室2厅 108.83平米,2016.09.05,110,10108
英郡三期 3室2厅 88.72平米,2016.09.02,84,9468
英郡三期 4室2厅 170.19平米,2016.09.01,119,6993
英郡二期 3室2厅 140.71平米,2016.09.01,125,8884
英郡二期 3室2厅 145.36平米,2016.08.28,132.9,9143
英郡三期 3室2厅 100.31平米,2016.08.28,97,9671
英郡三期 2室2厅 78.17平米,2016.08.27,88,11258
英郡一期 3室2厅 163.12平米,2016.08.23,155,9503
英郡三期 2室1厅 81.33平米,2016.08.21,80,9837
英郡一期 3室2厅 127.55平米,2016.08.19,146,11447
英郡一期 3室2厅 148.6平米,2016.08.19,137.5,9254
英郡一期 2室2厅 91.36平米,2016.08.14,92,10071
英郡二期 3室2厅 143.53平米,2016.08.13,126,8779
英郡二期 2室2厅 94.02平米,2016.08.11,91,9679
英郡三期 3室2厅 101.71平米,2016.08.11,102,10029
英郡三期 3室2厅 114.25平米,2016.08.10,105,9191
英郡三期 2室2厅 79.16平米,2016.08.07,76,9601
英郡三期 2室1厅 80.13平米,2016.08.06,84,10481
英郡一期 4室2厅 179.48平米,2016.08.06,192,10698
英郡一期 3室2厅 147.91平米,2016.08.06,133,8992
英郡三期 2室1厅 79.5平米,2016.08.01,82,10315
英郡三期 3室2厅 88.72平米,2016.08.01,96,10821
英郡三期 2室2厅 81.38平米,2016.07.31,76,9339
英郡二期 3室2厅 138.8平米,2016.07.25,106,7637
英郡二期 2室2厅 92.3平米,2016.07.25,81,8776
英郡三期 3室2厅 108.84平米,2016.07.23,100,9188
英郡三期 4室2厅 135.59平米,2016.07.20,144.5,10658
英郡一期 3室1厅 126.99平米,2016.07.20,103,8111
英郡三期 4室2厅 135.57平米,2016.07.20,185,13647
英郡一期 3室2厅 127.44平米,2016.07.19,115,9024
英郡三期 1室1厅 58.71平米,2016.07.19,68,11583
英郡二期 4室1厅 182.51平米,2016.07.18,151.5,8301
英郡三期 3室1厅 86.8平米,2016.07.18,96,11060
英郡一期 2室2厅 89.96平米,2016.07.17,88.8,9872
英郡一期 3室2厅 147.03平米,2016.07.16,127,8638
英郡二期 3室2厅 140.7平米,2016.07.14,118.5,8423
英郡三期 2室2厅 79.16平米,2016.07.11,83,10486
英郡二期 3室2厅 127.55平米,2016.07.10,116,9095
英郡三期 3室2厅 86.9平米,2016.07.09,82.5,9494
英郡一期 3室2厅 128.91平米,2016.07.07,120,9309
英郡一期 3室2厅 163.16平米,2016.06.27,150,9194
英郡二期 3室2厅 138.8平米,2016.06.25,107,7709
英郡三期 3室2厅 86.9平米,2016.06.25,82,9437
英郡一期 3室2厅 148.09平米,2016.06.22,130,8779
英郡三期 3室2厅 89.42平米,2016.06.21,94,10513
英郡一期 4室2厅 147平米,2016.06.21,135,9184
英郡二期 3室2厅 140.71平米,2016.06.20,111.8,7946
英郡一期 2室1厅 90.44平米,2016.06.20,79,8736
英郡三期 3室2厅 108.81平米,2016.06.19,94,8639
英郡一期 3室2厅 128.69平米,2016.06.17,108,8393
英郡一期 3室2厅 147.88平米,2016.06.16,132.6,8967
英郡三期 3室2厅 114.24平米,2016.06.15,98,8579
英郡一期 3室2厅 102.12平米,2016.06.14,92,9010
英郡一期 2室1厅 90.44平米,2016.06.09,76,8404
英郡三期 3室2厅 108.81平米,2016.06.08,98,9007
英郡二期 3室2厅 127.56平米,2016.06.08,93,7291
英郡二期 3室2厅 129.97平米,2016.06.07,114,8772
英郡三期 3室2厅 150.53平米,2016.06.02,118,7839
英郡三期 3室2厅 135.57平米,2016.05.26,115,8483
英郡一期 4室2厅 148.6平米,2016.05.23,125,8412
英郡一期 2室2厅 147.06平米,2016.05.19,119,8092
英郡一期 3室2厅 148.09平米,2016.05.16,117,7901
英郡三期 3室1厅 108.83平米,2016.05.15,100,9189
英郡三期 3室2厅 108.83平米,2016.05.09,89,8178
英郡三期 3室2厅 100.31平米,2016.04.30,123,12262
英郡三期 2室2厅 89.31平米,2016.04.25,83,9294
英郡一期 3室2厅 150.85平米,2016.04.25,140,9281
英郡三期 2室1厅 79.66平米,2016.04.25,78,9792
英郡一期 3室2厅 148.6平米,2016.04.23,159,10700
英郡三期 2室1厅 79.5平米,2016.04.22,78,9812
英郡三期 3室1厅 89.66平米,2016.04.20,80,8923
英郡三期 2室2厅 88.94平米,2016.04.20,85,9558
英郡一期 3室2厅 150.89平米,2016.04.19,150,9942
英郡二期 3室2厅 127.55平米,2016.04.18,101,7919
英郡一期 4室2厅 179.49平米,2016.04.17,170,9472
英郡一期 4室2厅 179.49平米,2016.04.16,175,9750
英郡一期 2室2厅 90.39平米,2016.04.16,82,9072
英郡二期 3室2厅 129.97平米,2016.04.13,109,8387
英郡一期 3室2厅 147.03平米,2016.04.11,109,7414
英郡二期 3室2厅 127.55平米,2016.04.11,95,7449
英郡一期 3室2厅 120.25平米,2016.04.10,94,7817
英郡三期 3室2厅 135.59平米,2016.04.10,109,8039
英郡二期 3室2厅 145.36平米,2016.04.09,120,8256
英郡一期 3室2厅 127.44平米,2016.04.06,138,10829
英郡三期 3室1厅 86.9平米,2016.04.03,83,9552
英郡三期 3室2厅 111.81平米,2016.04.01,99,8855
英郡三期 2室2厅 88.49平米,2016.04.01,82,9267
英郡三期 3室2厅 89.66平米,2016.03.31,87,9704
英郡三期 3室2厅 101.71平米,2016.03.31,104,10226
英郡二期 3室2厅 138.8平米,2016.03.26,121.5,8754
英郡三期 3室2厅 135.59平米,2016.03.25,105,7744
英郡一期 3室2厅 120.25平米,2016.03.24,94,7818
英郡三期 4室2厅 135.59平米,2016.03.21,117,8629
英郡三期 3室2厅 108.83平米,2016.03.20,94,8638
英郡一期 2室2厅 90.2平米,2016.03.17,77.5,8593
英郡一期 4室2厅 179.53平米,2016.03.16,153.5,8551
英郡一期 3室2厅 120.25平米,2016.03.16,92.5,7693
英郡一期 2室2厅 92.67平米,2016.03.15,80,8633
英郡一期 3室2厅 127.44平米,2016.03.14,103,8083
英郡二期 3室2厅 127.55平米,2016.03.13,111.5,8742
英郡二期 3室2厅 127.55平米,2016.03.12,94,7370
英郡三期 2室2厅 88.78平米,2016.03.12,87,9800
英郡三期 2室2厅 81.11平米,2016.03.11,69.5,8569
英郡三期 2室1厅 88.72平米,2016.03.10,82,9243
英郡一期 3室2厅 127.07平米,2016.03.10,108,8500
英郡一期 3室2厅 121.13平米,2016.03.10,93,7678
英郡二期 4室2厅 182.51平米,2016.03.09,148,8110
英郡三期 3室2厅 88.72平米,2016.03.09,74,8341
英郡一期 3室2厅 147.06平米,2016.03.08,107,7276
英郡三期 2室1厅 80.44平米,2016.03.07,72.7,9038
英郡三期 3室2厅 100.51平米,2016.03.05,84,8358
英郡三期 3室2厅 108.83平米,2016.03.04,91,8362
英郡一期 3室2厅 128.86平米,2016.03.03,97,7528
英郡三期 3室2厅 88.72平米,2016.02.21,85.5,9638
英郡三期 3室2厅 86.9平米,2016.02.19,81,9322
英郡三期 3室2厅 114.24平米,2016.02.19,102,8929
英郡二期 3室2厅 141.55平米,2016.02.01,125,8831
英郡二期 2室2厅 94.04平米,2016.01.31,81,8614
英郡二期 2室1厅 92.3平米,2016.01.30,75,8126
英郡二期 3室2厅 138.8平米,2016.01.24,106,7637
英郡三期 2室2厅 81.11平米,2016.01.23,76,9370
英郡三期 3室2厅 135.57平米,2016.01.18,105.5,7782
英郡一期 2室2厅 135.57平米,2016.01.17,133,9811
英郡三期 3室2厅 89.96平米,2016.01.17,74.8,8315
英郡一期 3室2厅 128.69平米,2016.01.15,101.8,7911
英郡二期 3室1厅 141.54平米,2016.01.15,119.5,8443
英郡三期 4室2厅 135.57平米,2016.01.14,126,9295
英郡一期 2室2厅 90.44平米,2016.01.09,72.5,8017
英郡三期 2室1厅 79.5平米,2016.01.05,77,9686
英郡二期 3室2厅 145.36平米,2016.01.03,122,8393
英郡三期 3室1厅 135.57平米,2015.12.21,106.5,7856
英郡三期 2室1厅 81.33平米,2015.12.20,81,9960
英郡三期 3室2厅 86.72平米,2015.12.18,85,9802
英郡三期 2室1厅 79.42平米,2015.12.17,70,8814
英郡三期 2室2厅 81.38平米,2015.12.10,74,9094
英郡三期 2室2厅 81.38平米,2015.11.30,73,8971
英郡一期 3室2厅 148.6平米,2015.11.28,113.5,7638
英郡三期 2室1厅 79.16平米,2015.11.27,76,9601
英郡一期 3室2厅 163.12平米,2015.11.14,154.5,9472
英郡三期 3室2厅 135.59平米,2015.11.12,106,7818
英郡一期 2室2厅 91.36平米,2015.11.10,78,8538
英郡二期 3室2厅 143.53平米,2015.11.08,107,7455
英郡三期 3室2厅 135.59平米,2015.11.05,116,8556
英郡二期 3室2厅 138平米,2015.10.29,104.5,7573
英郡二期 3室1厅 143.47平米,2015.10.13,121,8434
英郡三期 3室2厅 100平米,2015.09.30,79.8,7980
英郡二期 3室2厅 138.8平米,2015.09.24,106,7637
英郡三期 1室1厅 58平米,2015.09.19,58,10000
英郡一期 3室2厅 127平米,2015.09.16,145,11418
英郡一期 3室2厅 128.86平米,2015.09.15,100,7761
英郡三期 3室2厅 114平米,2015.09.12,95,8334
英郡一期 3室2厅 128.74平米,2015.09.07,108,8390
英郡一期 2室2厅 92.67平米,2015.09.07,85,9173
英郡三期 3室2厅 135平米,2015.09.04,103,7630
英郡二期 3室2厅 142.53平米,2015.09.03,130,9121
英郡一期 3室2厅 121平米,2015.08.31,90,7439
英郡二期 3室2厅 138.77平米,2015.08.29,110.5,7963
英郡三期 2室2厅 89.57平米,2015.08.28,78,8709
英郡三期 3室2厅 100.5平米,2015.08.19,82,8160
英郡三期 2室1厅 89平米,2015.08.07,80,8989
英郡三期 1室1厅 58.66平米,2015.08.02,56,9547
英郡三期 2室2厅 81.11平米,2015.08.01,72.7,8964
英郡一期 3室2厅 128平米,2015.07.25,103,8047
英郡一期 3室2厅 150.86平米,2015.07.24,119.5,7922
英郡三期 2室2厅 88.4平米,2015.07.24,78,8824
英郡三期 2室2厅 89.34平米,2015.07.24,78,8731
英郡一期 3室2厅 163平米,2015.07.20,128,7853
英郡三期 2室1厅 89平米,2015.07.14,80.6,9057
英郡三期 3室2厅 135平米,2015.07.06,105,7778
英郡二期 3室2厅 141.55平米,2015.06.21,122,8619
英郡三期 2室1厅 79平米,2015.06.14,69,8735
英郡一期 2室2厅 90.4平米,2015.06.08,72,7965
英郡二期 3室2厅 143平米,2015.06.07,105,7343
英郡三期 2室1厅 80.08平米,2015.06.01,76,9491
英郡二期 3室2厅 140.65平米,2015.05.30,104,7395
英郡一期 3室2厅 128平米,2015.05.25,115,8985
英郡二期 2室2厅 94平米,2015.05.17,89,9469
英郡二期 3室2厅 139平米,2015.05.13,106,7626
英郡二期 2室2厅 96平米,2015.05.12,77,8021
英郡二期 2室2厅 94平米,2015.05.10,84,8937
英郡一期 3室2厅 147.03平米,2015.05.09,128,8706
英郡一期 2室1厅 90.39平米,2015.04.29,71,7855
英郡一期 3室2厅 148平米,2015.04.26,104,7028
英郡一期 2室2厅 92平米,2015.04.24,80,8696
英郡一期 3室2厅 121平米,2015.04.16,85,7025
英郡一期 3室2厅 126平米,2015.04.03,87.3,6929
英郡二期 4室2厅 183平米,2015.03.27,140,7651
英郡一期 2室2厅 90平米,2015.03.13,63,7000
英郡一期 3室2厅 150平米,2015.03.08,109,7267
英郡三期 2室2厅 80平米,2015.02.26,63.3,7913
英郡一期 3室2厅 127平米,2015.01.28,108,8504
英郡二期 3室2厅 145平米,2015.01.22,107,7380
英郡一期 3室2厅 121平米,2015.01.22,81,6695
英郡一期 3室2厅 163平米,2014.12.28,128,7853
英郡三期 3室2厅 108平米,2014.12.24,86.7,8026
英郡二期 2室2厅 94平米,2014.12.20,82,8724
英郡一期 3室2厅 147平米,2014.11.18,108,7347
英郡一期 2室1厅 90平米,2014.11.13,73.5,8167
英郡三期 3室2厅 88平米,2014.11.07,78,8864
英郡一期 3室2厅 127平米,2014.11.05,113,8898
英郡一期 3室2厅 127平米,2014.10.12,96,7560
英郡三期 2室2厅 87平米,2014.09.27,81.2,9334
英郡一期 3室2厅 128.59平米,2014.09.22,100,7777
英郡一期 3室2厅 148平米,2014.09.14,126,8514
英郡三期 2室2厅 89.28平米,2014.09.13,79,8849
英郡三期 3室2厅 100平米,2014.09.10,82,8200
英郡三期 3室2厅 135.6平米,2014.08.29,109,8039
英郡一期 3室2厅 128.74平米,2014.07.31,122,9477
英郡三期 3室2厅 108.84平米,2014.07.20,79.5,7305
英郡三期 3室2厅 135.62平米,2014.07.15,103,7595
英郡一期 3室2厅 148平米,2014.07.14,115,7771
英郡一期 3室2厅 147.06平米,2014.07.05,99,6732
英郡一期 3室2厅 147平米,2014.07.02,99,6735
英郡三期 3室2厅 114平米,2014.06.18,93.5,8202
英郡二期 3室2厅 145平米,2014.06.08,110,7587
英郡三期 3室2厅 135.62平米,2014.06.07,103,7595
英郡三期 3室2厅 135.62平米,2014.05.27,98,7227
英郡一期 3室2厅 127平米,2014.05.12,100,7875
英郡二期 3室2厅 138平米,2014.05.07,126,9131
英郡三期 3室2厅 108.84平米,2014.04.19,92,8453
英郡三期 3室2厅 135平米,2014.04.16,104,7704
英郡一期 3室2厅 148平米,2014.04.10,100,6757
英郡一期 3室2厅 128平米,2014.03.31,97,7579
英郡三期 3室2厅 114.28平米,2014.03.20,91.5,8007
英郡一期 2室2厅 92.67平米,2014.03.11,87.8,9470
英郡一期 2室2厅 90.44平米,2014.03.10,71,7851
英郡三期 2室1厅 81.38平米,2014.03.08,68,8356
英郡二期 3室2厅 142平米,2014.02.28,138,9719
英郡一期 3室2厅 127平米,2014.02.23,116,9134
英郡三期 3室2厅 135平米,2014.02.23,104,7701
英郡一期 3室2厅 121.57平米,2014.02.22,89.8,7387
英郡三期 3室2厅 114平米,2014.02.22,93.6,8211
英郡一期 3室2厅 121.95平米,2014.02.15,89,7299
英郡二期 2室2厅 91平米,2014.02.12,71,7803
英郡三期 2室2厅 89平米,2014.01.26,82,9214
英郡二期 3室2厅 145.7平米,2014.01.21,110.8,7605
英郡一期 3室2厅 121平米,2014.01.18,84,6943
英郡二期 4室2厅 182.51平米,2013.12.31,128,7014
英郡三期 2室1厅 88.86平米,2013.12.21,81.5,9172
英郡三期 2室2厅 88.69平米,2013.11.27,80.3,9055
英郡一期 3室2厅 119.81平米,2013.11.18,84,7012
英郡一期 2室2厅 92.64平米,2013.11.09,83,8960
英郡一期 3室2厅 148平米,2013.11.04,112,7568
英郡三期 3室2厅 108.84平米,2013.10.14,93,8545
英郡一期 3室2厅 120平米,2013.10.07,86,7167
英郡三期 3室2厅 135平米,2013.10.05,112,8297
英郡三期 2室2厅 79平米,2013.08.22,73.6,9317
英郡一期 3室2厅 147平米,2013.08.18,108,7347
英郡一期 3室2厅 121平米,2013.08.18,86,7108
英郡一期 3室2厅 121平米,2013.08.05,95.8,7918
英郡一期 3室2厅 147.87平米,2013.08.04,120,8116
英郡一期 3室2厅 120平米,2013.07.19,87,7250
英郡三期 2室2厅 89.62平米,2013.07.10,76,8481
英郡三期 3室2厅 135平米,2013.07.06,106,7852
英郡一期 3室2厅 122平米,2013.07.05,98,8033
英郡三期 2室2厅 80平米,2013.06.21,71.5,8938
英郡一期 3室2厅 150.86平米,2013.06.17,119.8,7942
英郡二期 3室2厅 127平米,2013.06.10,104,8189
英郡一期 3室2厅 127平米,2013.06.10,98,7717
英郡三期 2室1厅 79.65平米,2013.06.03,68,8538
英郡一期 3室2厅 163平米,2013.06.03,129,7915
英郡三期 2室2厅 90.55平米,2013.05.30,74,8173
英郡三期 3室2厅 114平米,2013.05.28,95,8334
英郡三期 2室2厅 79平米,2013.05.28,66,8355
英郡三期 3室2厅 108.84平米,2013.05.06,84,7717
英郡一期 3室2厅 127平米,2013.05.06,98,7717
英郡三期 3室2厅 135平米,2013.04.27,115,8519
英郡三期 2室0厅 79.44平米,2013.04.21,68.8,8661
英郡三期 3室2厅 114.38平米,2013.04.15,90,7869
英郡一期 3室2厅 147平米,2013.04.07,110,7483
英郡三期 1室2厅 58.69平米,2013.04.02,52,8861
英郡三期 2室1厅 79.41平米,2013.03.17,67.5,8501
英郡三期 3室2厅 114.28平米,2013.03.09,91.5,8007
英郡二期 3室2厅 138.8平米,2013.03.07,104.5,7529
英郡三期 2室2厅 89平米,2013.02.26,72.6,8158
英郡三期 2室2厅 81.3平米,2013.01.19,67,8242
英郡一期 3室2厅 147.88平米,2013.01.10,108,7304
英郡一期 3室2厅 128平米,2013.01.09,100,7813
英郡一期 3室2厅 120.28平米,2013.01.06,84.5,7026
英郡二期 --室--厅 127平米,2013.01.05,84,6615
英郡二期 3室2厅 129.97平米,2013.01.03,92,7079
英郡一期 3室2厅 148.6平米,2013.01.01,100,6730
英郡一期 3室2厅 127平米,2012.12.20,96,7560
英郡一期 2室2厅 92.7平米,2012.12.16,94.8,10227
英郡一期 2室2厅 92.67平米,2012.11.23,72,7770
英郡一期 2室1厅 90.44平米,2012.11.09,65,7188
英郡一期 3室2厅 120.28平米,2012.10.21,79,6569
英郡一期 2室2厅 90.44平米,2012.09.22,68,7519
英郡一期 --室--厅 119.81平米,2012.09.14,73.9,6169
英郡二期 3室2厅 140.7平米,2012.09.10,124.1,8819
英郡一期 2室2厅 92.64平米,2012.08.13,80,8636
英郡一期 3室2厅 121.95平米,2012.06.27,85,6971
英郡一期 3室1厅 127平米,2012.06.18,89,7008
英郡一期 3室2厅 128平米,2012.06.15,88,6875
英郡一期 3室2厅 128.74平米,2012.06.15,96,7457
英郡二期 3室2厅 130平米,2012.06.03,110,8462
英郡一期 2室2厅 92.67平米,2012.05.27,77,8310
英郡一期 2室2厅 90平米,2012.05.15,73.5,8167
英郡二期 2室2厅 93平米,2012.04.16,68,7312
英郡二期 2室2厅 92平米,2012.03.13,64,6957
楠香山 3室2厅 88.14平米,2018.03.07,186,21103
楠香山 2室2厅 76.5平米,2018.02.25,151.8,19844
楠香山 2室1厅 81平米,2018.02.24,152.8,18865
楠香山 2室2厅 77.71平米,2018.01.29,139,17888
楠香山 2室2厅 80.91平米,2018.01.17,145,17922
楠香山 2室2厅 85.87平米,2018.01.17,140.5,16362
楠香山 2室1厅 60.26平米,2018.01.14,115,19084
楠香山 2室1厅 76.66平米,2018.01.09,140,18263
楠香山 2室2厅 77.43平米,2017.12.17,132,17048
楠香山 2室2厅 77.43平米,2017.12.05,134.5,17371
楠香山 2室2厅 80.91平米,2017.12.04,153,18910
楠香山 2室2厅 77.71平米,2017.12.03,126.6,16292
楠香山 2室1厅 60.26平米,2017.11.27,102,16927
楠香山 2室2厅 80.91平米,2017.11.19,153,18910
楠香山 2室1厅 60.26平米,2017.11.18,103,17093
楠香山 2室2厅 82平米,2017.10.15,123,15000
楠香山 1室1厅 52.54平米,2017.10.09,79.3,15094
楠香山 3室2厅 88.83平米,2017.10.07,168,18913
楠香山 2室2厅 82平米,2017.09.26,118,14391
楠香山 3室2厅 88平米,2017.09.15,156,17728
楠香山 1室1厅 53平米,2017.09.13,73,13774
楠香山 2室2厅 76.66平米,2017.09.10,117,15263
楠香山 2室1厅 76.48平米,2017.08.21,92,12030
楠香山 1室2厅 53.02平米,2017.08.05,70.9,13373
楠香山 1室1厅 60.26平米,2017.08.02,75,12447
楠香山 4室1厅 123.57平米,2017.07.29,148.5,12018
楠香山 2室2厅 33.03平米,2017.07.26,50,15138
楠香山 2室2厅 77.77平米,2017.07.25,95,12216
楠香山 2室1厅 59.49平米,2017.06.09,67.9,11411
楠香山 1室1厅 60.26平米,2017.05.07,74.7,12397
楠香山 3室2厅 107.89平米,2017.03.19,128,11864
楠香山 2室2厅 77.71平米,2017.03.19,92,11839
楠香山 5室1厅 113平米,2017.03.08,115,10177
楠香山 2室2厅 74.29平米,2017.03.08,86,11577
楠香山 1室1厅 52.6平米,2017.02.28,50,9506
楠香山 2室2厅 85.87平米,2017.02.21,91.8,10691
楠香山 2室2厅 77.7平米,2017.02.19,84,10811
楠香山 2室2厅 80.91平米,2017.02.16,86.6,10704
楠香山 2室2厅 81.84平米,2017.02.08,72,8798
楠香山 2室2厅 82.61平米,2017.01.23,83,10048
楠香山 2室2厅 81.84平米,2017.01.22,84,10264
楠香山 2室2厅 85.28平米,2017.01.14,84.9,9949
楠香山 3室2厅 108.87平米,2017.01.08,109,10012
楠香山 1室1厅 52.54平米,2017.01.08,58.2,11078
楠香山 1室1厅 52.54平米,2016.12.29,50.5,9612
楠香山 2室2厅 77平米,2016.12.19,72,9351
楠香山 1室1厅 52.54平米,2016.11.28,48.6,9251
楠香山 3室2厅 90.72平米,2016.11.14,88.5,9756
楠香山 2室1厅 82.65平米,2016.10.20,78,9435
楠香山 3室1厅 88.83平米,2016.10.16,88,9907
楠香山 2室2厅 76.66平米,2016.10.15,76,9914
楠香山 2室2厅 80.9平米,2016.10.13,66.2,8181
楠香山 2室2厅 81.8平米,2016.10.08,72,8802
楠香山 3室2厅 123.57平米,2016.09.27,100,8093
楠香山 2室2厅 86.21平米,2016.09.26,62,7192
楠香山 2室2厅 77.71平米,2016.09.23,62.3,8017
楠香山 2室2厅 81.83平米,2016.09.22,60,7333
楠香山 3室2厅 123.57平米,2016.09.11,87,7041
楠香山 2室2厅 81.84平米,2016.09.06,65,7943
楠香山 2室1厅 80.91平米,2016.09.04,64.2,7935
楠香山 2室2厅 81.8平米,2016.08.31,72.9,8912
楠香山 2室2厅 86.21平米,2016.08.19,60,6960
楠香山 2室2厅 77.71平米,2016.08.06,64.5,8301
楠香山 2室2厅 82.05平米,2016.07.14,57,6947
楠香山 2室2厅 81.83平米,2016.07.03,67.5,8249
楠香山 2室2厅 81.83平米,2016.06.30,63,7699
楠香山 3室2厅 88.83平米,2016.06.14,81,9119
楠香山 3室2厅 113.99平米,2016.06.11,88,7720
楠香山 2室1厅 60.26平米,2016.06.10,43.5,7219
楠香山 3室2厅 114.99平米,2016.06.07,70,6088
楠香山 2室1厅 77.71平米,2016.05.25,62.8,8082
楠香山 2室2厅 80.91平米,2016.05.12,64.5,7972
楠香山 2室1厅 60.26平米,2016.05.01,42.3,7007
楠香山 2室2厅 86.21平米,2016.04.25,66.6,7726
楠香山 2室1厅 59.49平米,2016.04.16,40,6724
楠香山 2室2厅 81.84平米,2016.04.04,68.6,8383
楠香山 3室2厅 88.53平米,2016.04.04,66,7456
楠香山 2室2厅 81.83平米,2016.03.27,45,5500
楠香山 2室2厅 81.8平米,2016.03.23,62,7580
楠香山 3室2厅 77.78平米,2016.03.13,53,6815
楠香山 2室2厅 81.84平米,2015.12.12,53.5,6538
楠香山 2室2厅 81.83平米,2015.11.26,50,6111
楠香山 1室1厅 52.54平米,2015.11.21,35.3,6715
楠香山 2室2厅 60.26平米,2015.11.04,49,8132
楠香山 2室2厅 81.83平米,2015.09.13,52.5,6416
楠香山 3室2厅 88.83平米,2015.08.22,64.2,7228
楠香山 2室1厅 82.51平米,2015.06.16,58,7030
楠香山 2室2厅 77.77平米,2014.11.24,55,7073
楠香山 2室2厅 77平米,2014.09.09,57.8,7507
楠香山 3室2厅 123.57平米,2014.01.01,73,5908
楠香山 2室2厅 82.68平米,2013.12.07,59,7136
楠香山 2室2厅 80.91平米,2013.11.12,56,6922
楠香山 2室2厅 77平米,2013.10.06,71,9221
楠香山 2室2厅 81平米,2013.10.05,53.2,6568
楠香山 3室2厅 122.3平米,2013.09.21,76,6215
楠香山 3室2厅 90.86平米,2013.09.15,72.2,7947
楠香山 2室2厅 81.8平米,2013.08.17,55.8,6822
楠香山 2室2厅 77平米,2013.07.19,65.6,8520
楠香山 --室--厅 81平米,2013.03.11,54.6,6741
楠香山 2室1厅 77平米,2013.03.01,62.5,8117
楠香山 3室2厅 122平米,2013.01.25,67.6,5541
楠香山 3室2厅 107平米,2012.11.25,65,6075
楠香山 3室2厅 122.3平米,2012.10.28,65.5,5356
楠香山 2室2厅 80.93平米,2012.10.21,50,6179
楠香山 3室2厅 124平米,2012.02.28,65,5242
