阳光翠竹苑 2室2厅 92平米,2018.03.14,890,96740
中华东波小区 3室2厅 124.94平米,2018.03.13,875,70034
香港广场 2室1厅 97.33平米,2018.03.13,810,83223
中南小区 2室2厅 98.68平米,2018.03.12,837,84820
南园小区 2室1厅 64.52平米,2018.03.12,454,70366
祥安公寓 1室1厅 55.63平米,2018.03.12,0.7,117
中福花苑 2室1厅 42.46平米,2018.03.10,372,87612
中福花苑 1室1厅 44.62平米,2018.03.08,420,94129
振华大楼 2室1厅 84.14平米,2018.02.27,545,64773
翠湖天地雅苑 4室2厅 235.38平米,2018.02.26,3300,140199
局门路573弄 2室1厅 44.16平米,2018.02.25,378,85598
老西门新苑 4室2厅 288.3平米,2018.02.23,2150,74576
新家坡园景苑 2室2厅 91.41平米,2018.02.11,795,86971
丽园新村 2室0厅 51.59平米,2018.02.10,380,73658
建国中路18弄 1室1厅 40.33平米,2018.02.10,405,100422
打浦路210弄 1室1厅 41.09平米,2018.02.10,294,71551
凯德茂名公馆 2室2厅 144.18平米,2018.02.09,2130,147733
怡水豪庭 1室1厅 75.93平米,2018.02.08,310,40828
东晖花苑 2室2厅 90.62平米,2018.02.07,714,78791
翠湖天地御苑 5室3厅 434.07平米,2018.02.06,5560,128090
北蒙三小区 1室1厅 42.6平米,2018.02.06,320,75118
大同花园北区 1室2厅 72.23平米,2018.02.05,710,98298
白玉兰家园 3室2厅 107.5平米,2018.02.04,1100,102326
丽园新村 2室1厅 51.11平米,2018.02.04,390,76307
西凌新 1室1厅 31平米,2018.02.04,240,77420
东业大厦 2室2厅 98.92平米,2018.02.02,750,75819
巨鹿路268号 3室2厅 133.4平米,2018.01.31,950,71215
南园新村 1室1厅 34.45平米,2018.01.31,230,66764
同济蓬莱家园 2室2厅 109.46平米,2018.01.30,980,89531
蒙自新村 2室0厅 54平米,2018.01.30,460,85186
南园小区 1室1厅 51.66平米,2018.01.30,360,69687
浦江公馆 3室2厅 193.91平米,2018.01.29,2150,110877
老西门新苑 4室2厅 288.3平米,2018.01.29,2110,73188
西凌新 1室1厅 32.31平米,2018.01.28,270,83566
振华大楼 2室1厅 64.64平米,2018.01.28,525,81220
建德坊 2室2厅 73.11平米,2018.01.27,820,112160
五岭小区 2室1厅 51.2平米,2018.01.27,380,74219
蒙自路430弄 2室1厅 48平米,2018.01.27,360,75000
健乐小区 1室0厅 35.8平米,2018.01.27,417,116481
蒙西小区 1室1厅 32.53平米,2018.01.27,255,78390
威海路163-169号 2室0厅 67.57平米,2018.01.27,510,75478
蒙西小区 1室0厅 37.74平米,2018.01.26,268,71013
中山南一路206号 2室0厅 46.31平米,2018.01.25,493,106457
龙华小区 2室0厅 46平米,2018.01.25,349,75870
海琪园 2室2厅 109.94平米,2018.01.25,1056,96053
中汇公寓 3室2厅 140.47平米,2018.01.25,1180,84004
开城新苑 3室2厅 144.33平米,2018.01.25,1155,80025
光启南路80号 2室0厅 47.39平米,2018.01.24,490,103398
丽园路574弄 2室1厅 46.85平米,2018.01.24,390,83245
海上梦苑 2室2厅 117.48平米,2018.01.23,1186,100954
公馆77 4室2厅 169.95平米,2018.01.22,1650,97088
蒙自路601弄 2室1厅 56.33平米,2018.01.22,365,64797
滨江名人苑 2室2厅 130.57平米,2018.01.22,1098,84093
公馆77 4室2厅 169.95平米,2018.01.22,1650,97088
永业公寓 2室2厅 106.37平米,2018.01.22,1270,119395
越纪公寓 2室1厅 85.87平米,2018.01.21,780,90835
天柱山路小区 1室1厅 36.15平米,2018.01.20,288,79669
惠德公寓 2室2厅 91.79平米,2018.01.20,715,77896
海潮公寓 2室2厅 83平米,2018.01.20,628,75663
百汇大厦 2室0厅 52.81平米,2018.01.20,465,88052
南园小区 1室1厅 46.11平米,2018.01.20,370,80243
祥康里 1室0厅 36.16平米,2018.01.19,382,105642
华盛大公馆 2室2厅 112.29平米,2018.01.19,1162,103483
黄浦众鑫城 4室2厅 159.07平米,2018.01.19,1400,88012
明日星城 2室2厅 97.11平米,2018.01.18,915,94224
华盛大公馆 4室2厅 188.98平米,2018.01.17,1720,91015
华盛大公馆 4室2厅 189.4平米,2018.01.17,1650,87118
大同花园北区 2室1厅 101.93平米,2018.01.16,968,94968
蒙西小区 2室1厅 48.37平米,2018.01.16,383,79182
中福大厦 1室1厅 49.43平米,2018.01.16,200,40462
露香园 3室2厅 222.04平米,2018.01.16,2150,96830
老西门新苑 2室2厅 118.69平米,2018.01.15,1130,95206
市民新村 2室1厅 45.27平米,2018.01.15,430,94986
裕和公寓 2室2厅 80.28平米,2018.01.14,810,100897
五岭小区 1室0厅 25.4平米,2018.01.14,225,88583
豫景公寓 2室2厅 102.83平米,2018.01.13,820,79744
上海滩新昌城 3室2厅 154.97平米,2018.01.13,1539,99310
北蒙三小区 1室1厅 42.42平米,2018.01.13,351.5,82862
思南路115弄 2室1厅 38.21平米,2018.01.12,355,92908
海悦花园 3室2厅 152.62平米,2018.01.12,1390,91076
老西门新苑 4室2厅 288.3平米,2018.01.12,2410,83594
华府天地睿园 3室2厅 158.34平米,2018.01.11,1735,109575
蒙西小区 2室1厅 49.11平米,2018.01.10,410,83487
汇龙新城 2室2厅 107.22平米,2018.01.10,1180,110055
蒙西小区 2室1厅 49.11平米,2018.01.10,410,83487
斜土新村 1室1厅 40平米,2018.01.09,310,77500
上海滩花园 2室2厅 109.01平米,2018.01.09,1050,96322
公馆77 4室2厅 169平米,2018.01.05,890,52663
公馆77 4室2厅 169平米,2018.01.05,900,53255
淡水湾花园 1室1厅 54.94平米,2018.01.05,713,129778
海洲丽园 2室2厅 114平米,2018.01.03,916,80351
天天花园 2室2厅 133.41平米,2017.12.31,780,58467
牯岭路166-176号 1室0厅 22.4平米,2017.12.31,260,116072
新华南园大厦 1室1厅 54.59平米,2017.12.29,404.8,74153
西凌新 1室1厅 25.89平米,2017.12.29,230,88838
金色黄浦 2室2厅 132.11平米,2017.12.29,870,65855
兰馨公寓(卢湾) 4室2厅 350.22平米,2017.12.29,4500,128491
局三小区 2室0厅 48平米,2017.12.29,390,81250
林荫大楼 1室1厅 40.83平米,2017.12.28,338,82783
经纬公寓 3室2厅 172.03平米,2017.12.28,1130,65687
经纬公寓 3室2厅 172.15平米,2017.12.28,1130,65641
济南路8号 2室2厅 147.97平米,2017.12.28,1650,111510
五里桥路260弄 2室1厅 47平米,2017.12.26,345,73405
南园小区 2室1厅 64.52平米,2017.12.23,430,66647
市民新村 2室1厅 46.66平米,2017.12.23,455,97514
西凌新 3室1厅 102.74平米,2017.12.22,680,66187
融创滨江壹号院 4室2厅 251.79平米,2017.12.19,2300,91346
瑞雪大楼 1室1厅 38.91平米,2017.12.19,0.6,144
上海滩新昌城 3室2厅 147.81平米,2017.12.18,1500,101482
士林华苑 1室2厅 88.61平米,2017.12.18,950,107212
南车站路192弄 3室1厅 71.46平米,2017.12.17,557,77946
南车站路192弄 2室1厅 51.74平米,2017.12.17,465,89873
海兴广场 1室1厅 155.88平米,2017.12.17,480,30793
联海小区 1室1厅 31.98平米,2017.12.16,260,81301
中山南路1814弄 2室0厅 48.07平米,2017.12.16,0.6,115
淡水湾花园 3室2厅 129.74平米,2017.12.16,1360,104826
明日星城 2室2厅 96平米,2017.12.15,825,85938
恒丰大楼(黄浦) 1室1厅 38.32平米,2017.12.14,275,71765
德玛公寓 3室2厅 137.9平米,2017.12.14,1075,77956
复地雅园 4室2厅 178平米,2017.12.12,1500,84270
浦江公馆 5室3厅 286.34平米,2017.12.12,2476,86471
瞿溪新村 2室1厅 41.25平米,2017.12.11,290,70304
明日星城 2室2厅 95.82平米,2017.12.10,840,87665
合肥路267-271号(单) 1室1厅 37.69平米,2017.12.10,388,102946
斜土新村 1室1厅 40.9平米,2017.12.09,300,73350
怡水豪庭 1室2厅 89.92平米,2017.12.08,540,60054
海华花园 3室2厅 117.37平米,2017.12.03,920,78385
东淮海公寓 2室2厅 118.69平米,2017.12.03,1080,90994
南车站路192弄 2室1厅 50平米,2017.11.30,448,89600
蒙自路395弄 1室1厅 30.6平米,2017.11.30,240,78432
福海小区 1室1厅 28.95平米,2017.11.30,318,109845
紫荆新苑 2室1厅 80.13平米,2017.11.29,690,86111
瑞金花园 3室2厅 148.09平米,2017.11.29,1200,81032
斜土新村 1室1厅 36.7平米,2017.11.26,305,83107
重建小区 2室1厅 50.05平米,2017.11.25,478,95505
中福城 2室2厅 93.55平米,2017.11.24,860,91930
明日星城 3室2厅 121.68平米,2017.11.23,1070,87936
北蒙三小区 2室0厅 47.78平米,2017.11.22,430,89996
瞿西新村 1室0厅 32.52平米,2017.11.22,252,77491
广西南路44弄 1室0厅 11.5平米,2017.11.20,140,121740
市民新村 1室1厅 29.46平米,2017.11.19,330,112017
桃源新村 1室1厅 33.61平米,2017.11.16,416,123773
瑞金二路410弄 1室0厅 29.76平米,2017.11.15,285,95767
瑞金二路410弄 1室0厅 29.76平米,2017.11.15,285,95767
华丽家族汇景天地(公寓) 3室2厅 214.41平米,2017.11.15,1800,83952
太阳都市花园 3室2厅 148.69平米,2017.11.14,1118,75190
中福花苑 2室2厅 79.98平米,2017.11.14,700,87522
老西门新苑 3室2厅 148.5平米,2017.11.13,1515,102021
绿城黄浦湾 5室2厅 265.86平米,2017.11.12,3200,120365
海潮公寓 2室1厅 66.13平米,2017.11.10,475,71829
国际广场(卢湾) 3室2厅 153.19平米,2017.11.09,930,60709
西凌新 2室2厅 99.8平米,2017.11.08,660,66133
黄浦新苑(公寓) 2室2厅 132.64平米,2017.11.08,1300,98010
斜土新村 1室1厅 34.4平米,2017.11.06,255,74128
瑞雪大楼 1室1厅 43.88平米,2017.11.05,420,95716
融创滨江壹号院 3室2厅 239.91平米,2017.11.03,2020,84199
淮海大厦 2室1厅 67.18平米,2017.11.02,620,92290
局门路405弄 1室1厅 35.56平米,2017.11.01,310,87177
明华大厦 3室2厅 164.39平米,2017.10.27,1100,66915
露香园 3室2厅 209.05平米,2017.10.27,3000,143507
黄浦大楼 2室2厅 87.99平米,2017.10.26,890,101148
山西南路31弄 1室0厅 29.47平米,2017.10.24,285,96709
露香园 5室3厅 463.96平米,2017.10.20,5700,122856
桃源兴城苑 3室2厅 138.45平米,2017.10.18,1298,93753
悦来小区 1室1厅 41.64平米,2017.10.17,370,88857
瞿溪路937弄 1室0厅 28.18平米,2017.10.17,218,77360
黄浦新苑(公寓) 3室2厅 141.1平米,2017.10.16,1190,84338
巴士小区 2室0厅 39.68平米,2017.10.16,393,99043
大同花园南区 2室2厅 105.76平米,2017.10.16,932,88125
德玛公寓 3室2厅 134.2平米,2017.10.15,1100,81968
新家坡园景苑 2室2厅 94.75平米,2017.10.14,790,83378
普育西路46-54号 2室2厅 70.27平米,2017.10.14,480,68308
华府天地 5室2厅 301.23平米,2017.10.09,4100,136109
西凌新 1室0厅 27.66平米,2017.10.09,218,78815
南塘浜路93弄 1室0厅 35.43平米,2017.10.09,285,80441
中福城 2室2厅 98.03平米,2017.10.09,830,84668
南塘公寓 3室1厅 87.76平米,2017.09.30,580,66090
永业公寓 2室2厅 120.65平米,2017.09.29,1215,100705
瑞雪大楼 1室1厅 38.91平米,2017.09.28,410,105372
新闸路272-280号 1室1厅 33.27平米,2017.09.28,280,84160
瑞雪大楼 1室1厅 38.91平米,2017.09.28,410,105372
打浦路303弄 1室0厅 24.94平米,2017.09.28,200,80193
复地雅园 3室2厅 143.26平米,2017.09.27,1220,85160
汇龙新城 2室2厅 117.67平米,2017.09.27,1008,85664
中信福申大楼 3室2厅 134.56平米,2017.09.27,748,55589
祥康里 1室0厅 35.94平米,2017.09.27,385,107123
锦凯华苑 2室2厅 107.27平米,2017.09.27,900,83901
仁宝公寓 2室2厅 85.32平米,2017.09.26,700,82045
五岭小区 2室0厅 48.66平米,2017.09.25,408,83848
瞿溪新村 2室2厅 58.87平米,2017.09.24,455,77289
瞿溪路830弄 2室0厅 54.09平米,2017.09.24,400,73951
瑞金二路410弄 2室1厅 50.48平米,2017.09.24,480,95088
桃源新村 1室1厅 31.7平米,2017.09.24,386,121767
斜土新村 2室1厅 59.2平米,2017.09.24,485,81926
中福花苑 2室2厅 101.44平米,2017.09.23,760,74922
开源大厦 2室2厅 112.87平米,2017.09.22,720,63791
瞿四小区 2室0厅 37.42平米,2017.09.21,290,77499
永业公寓 3室2厅 133.47平米,2017.09.21,1550,116131
融创滨江壹号院 3室2厅 120.41平米,2017.09.21,1130,93847
复兴佳苑 2室2厅 140.27平米,2017.09.19,1195,85193
瑞金二路410弄 1室0厅 31.56平米,2017.09.19,298,94424
上海滩新昌城 1室2厅 60.69平米,2017.09.18,678,111716
阳光翠竹苑 2室2厅 80.28平米,2017.09.18,777,96787
阳光翠竹苑 2室2厅 80.28平米,2017.09.18,777,96787
花园坊 1室1厅 42.98平米,2017.09.17,405,94230
瞿西新村 1室1厅 32.5平米,2017.09.17,307,94462
金南新苑 3室2厅 140.38平米,2017.09.17,400,28495
淡水湾花园 4室2厅 180.19平米,2017.09.17,1880,104335
南园小区 2室1厅 65.57平米,2017.09.17,476,72595
淡水湾花园 3室2厅 176.37平米,2017.09.16,1850,104894
南园小区 2室1厅 71.6平米,2017.09.16,528,73744
斜土路102号 1室0厅 24.97平米,2017.09.16,215,86104
思南公馆 2室2厅 158.1平米,2017.09.15,2000,126503
汇龙新城 4室2厅 196.49平米,2017.09.15,1720,87537
东淮海公寓 2室1厅 76.65平米,2017.09.13,865,112851
上海滩花园 2室2厅 131.26平米,2017.09.12,1495,113897
马当路418弄 2室1厅 40.56平米,2017.09.10,380,93689
陕西南路271弄 2室0厅 48.93平米,2017.09.10,468,95647
连云大楼 1室0厅 44.76平米,2017.09.10,440,98303
西凌新 2室2厅 60.26平米,2017.09.10,470,77996
海华花园 3室2厅 117.89平米,2017.09.10,900,76343
西凌新 2室1厅 56.56平米,2017.09.09,469,82921
西凌新 2室1厅 68.85平米,2017.09.09,575.8,83624
北蒙三小区 1室0厅 27.3平米,2017.09.09,238,87180
南塘浜路93弄 1室0厅 33.11平米,2017.09.08,276,83359
中福城 2室2厅 93.55平米,2017.09.07,832,88937
秀水苑(黄浦) 2室2厅 88.75平米,2017.09.04,660,74367
打浦路339弄 1室1厅 30.45平米,2017.09.03,265,87028
瞿溪路937弄 2室0厅 54.16平米,2017.09.03,415,76625
豫景公寓 1室1厅 69.07平米,2017.09.03,555,80354
丽都大厦 2室2厅 95.95平米,2017.09.02,335,34915
中福花苑 1室1厅 42.46平米,2017.09.02,401.5,94560
北蒙三小区 1室1厅 34.43平米,2017.09.02,300,87134
黄浦众鑫城 4室2厅 159.07平米,2017.09.02,1350,84869
瞿溪坊 2室1厅 75.55平米,2017.09.02,600,79418
东淮海公寓 3室2厅 155.12平米,2017.08.31,1260,81228
南园新村 2室1厅 65.52平米,2017.08.31,480,73261
海华花园 3室2厅 117.37平米,2017.08.30,945,80515
申江新苑 2室2厅 123.76平米,2017.08.30,940,75954
斜土路486弄 3室1厅 43.69平米,2017.08.30,388,88808
老西门新苑 4室2厅 288.3平米,2017.08.30,2360,81860
海潮新村 2室1厅 50.1平米,2017.08.29,412.5,82336
融创滨江壹号院 4室2厅 251.69平米,2017.08.29,3008,119513
汇丽小区 2室0厅 65.5平米,2017.08.29,570,87023
斜土新村 1室1厅 30.5平米,2017.08.29,280,91804
中福城 2室2厅 131.99平米,2017.08.29,1100,83340
南塘浜路93弄 2室0厅 46.63平米,2017.08.27,353,75703
瞿四小区 1室0厅 31.71平米,2017.08.27,250,78840
海洲国际华园 3室2厅 129.94平米,2017.08.26,1180,90812
瞿中小区 2室0厅 49.67平米,2017.08.26,370,74492
金南新苑 2室2厅 140.38平米,2017.08.26,415,29563
黄浦众鑫城 3室2厅 158.44平米,2017.08.25,1260,79526
白玉兰家园 2室2厅 105.76平米,2017.08.25,920,86990
翠湖天地御苑 4室3厅 314.55平米,2017.08.25,4400,139883
中福花苑 1室1厅 49平米,2017.08.24,432.6,88286
惠德公寓 2室2厅 89.39平米,2017.08.24,610,68241
蒙西小区 1室1厅 39.34平米,2017.08.24,350,88968
南园新村 1室1厅 40.36平米,2017.08.23,270,66898
瞿溪路830弄 1室1厅 34.66平米,2017.08.23,285,82228
中福花苑 2室1厅 42.46平米,2017.08.16,448,105512
北蒙三小区 1室0厅 38.1平米,2017.08.15,339,88977
明日星城 3室2厅 125.24平米,2017.08.15,1068,85277
重庆大楼 2室0厅 42.68平米,2017.08.14,290,67948
丽园路1032弄 1室0厅 33.39平米,2017.08.13,298,89249
蒙自新村 1室0厅 32.34平米,2017.08.12,260,80396
老西门新苑 2室2厅 120.2平米,2017.08.12,1200,99834
新家坡园景苑 2室2厅 94.9平米,2017.08.12,770,81139
瑞金二路410弄 2室1厅 58.43平米,2017.08.12,450,77016
中福花苑 2室1厅 42.46平米,2017.08.11,450,105983
山北小区 1室1厅 36.47平米,2017.08.10,306.5,84042
淡水湾花园 3室2厅 176.37平米,2017.08.09,1728,97976
黄浦丽园 2室2厅 108.35平米,2017.08.08,1110,102446
车站支路30-40号 1室1厅 33.21平米,2017.08.06,285,85818
名盛苑 2室2厅 106.45平米,2017.08.06,930,87365
原水小区(卢湾) 2室1厅 69.5平米,2017.08.06,605,87051
桃源新村 2室1厅 52平米,2017.08.06,398,76539
蒙西小区 1室0厅 36.6平米,2017.08.05,315,86066
瞿溪路937弄 1室1厅 41.54平米,2017.08.05,309,74387
西凌新 1室1厅 39.69平米,2017.08.05,305,76846
瞿溪新村 2室0厅 57.73平米,2017.08.04,368,63746
淮海晶华苑 3室2厅 213.88平米,2017.08.03,1810,84627
光启南路286弄 2室0厅 45.2平米,2017.08.01,356,78762
华盛大公馆 2室2厅 112.29平米,2017.07.31,1062,94577
西凌新 2室1厅 66.32平米,2017.07.29,500,75393
悦来小区 2室1厅 59.9平米,2017.07.29,500,83473
锦麟天地雅苑 4室2厅 260.44平米,2017.07.28,2550,97912
金外滩花园 3室2厅 164.6平米,2017.07.28,1600,97206
西凌新 1室1厅 39.41平米,2017.07.28,297,75362
蒙西小区 2室0厅 47.71平米,2017.07.27,435,91176
西凌新 2室1厅 84.42平米,2017.07.27,660,78181
弘辉名苑 1室2厅 81平米,2017.07.26,760,93828
大同花园南区 3室2厅 159.59平米,2017.07.26,1200,75193
永年路178弄 1室0厅 42.38平米,2017.07.25,350,82587
驰骋大楼 2室1厅 70.73平米,2017.07.24,700,98968
翠湖天地雅苑 3室2厅 202.26平米,2017.07.24,2750,135964
南园新村 2室1厅 52.18平米,2017.07.23,430,82408
汇丽小区 1室1厅 41.32平米,2017.07.23,345,83495
融创滨江壹号院 2室2厅 114.59平米,2017.07.23,1380,120430
仁德坊 2室2厅 103.89平米,2017.07.22,860,82780
耀江花园 1室1厅 64.29平米,2017.07.20,815,126770
丽园新村 2室0厅 49.19平米,2017.07.16,348,70747
上海滩花园 3室2厅 153平米,2017.07.16,1725,112746
东泰花苑 2室2厅 100.26平米,2017.07.16,955,95253
蒙自路380弄 1室0厅 28.43平米,2017.07.15,202.5,71228
北蒙三小区 1室0厅 34.4平米,2017.07.14,285,82849
东元坊 2室1厅 70.77平米,2017.07.12,620,87608
斜土新村 1室0厅 37.3平米,2017.07.11,316,84719
瞿溪新村 2室0厅 57.59平米,2017.07.11,446,77445
翠湖天地御苑 1室2厅 91.66平米,2017.07.11,1315,143465
翠湖天地御苑 3室2厅 188.69平米,2017.07.11,2500,132493
马当小区 1室0厅 43.34平米,2017.07.11,449,103600
马当小区 2室1厅 83.68平米,2017.07.09,825,98590
瞿溪路830弄 2室1厅 48.62平米,2017.07.08,378,77746
上海老年大学 1室0厅 30.92平米,2017.07.07,275,88940
丽园新村 1室1厅 23.11平米,2017.07.06,195,84380
老西门新苑 2室2厅 109.08平米,2017.07.05,1080,99010
丽园路1032弄 1室1厅 31.2平米,2017.07.04,268,85898
大同花园南区 2室2厅 108平米,2017.07.03,952,88149
淡水湾花园 2室2厅 87.03平米,2017.07.02,1050,120649
黄浦新苑(公寓) 3室2厅 138.94平米,2017.07.02,1245,89608
怡绿公寓 2室2厅 87.44平米,2017.07.01,740,84630
唐城公寓 2室2厅 112.44平米,2017.06.30,785,69816
瑞雪大楼 1室1厅 43.77平米,2017.06.28,390,89103
汝南街小区 1室0厅 26.87平米,2017.06.27,212,78899
桃源新村 1室1厅 41.54平米,2017.06.27,500,120366
蒙自路601弄 1室1厅 27平米,2017.06.26,225,83334
百溪公寓 1室1厅 35.14平米,2017.06.25,297,84520
马当小区 1室0厅 43.34平米,2017.06.25,480,110753
雅士公寓 2室2厅 109.96平米,2017.06.25,892,81121
陆兴小区 2室1厅 57.69平米,2017.06.24,398,68990
大同花园北区 3室2厅 134.18平米,2017.06.23,1250,93159
瞿溪路1032弄 1室1厅 38.8平米,2017.06.23,297,76547
复兴东路310-354号 1室0厅 35.49平米,2017.06.23,299,84250
淡水湾花园 4室2厅 166.41平米,2017.06.22,1670,100355
蒙西小区 1室0厅 38.81平米,2017.06.22,333,85803
海悦花园 3室2厅 150.45平米,2017.06.20,1280,85079
大同花园北区 2室2厅 98.22平米,2017.06.20,860,87559
绿地名人坊 3室2厅 143.61平米,2017.06.20,1160,80775
桥一小区 2室1厅 47.44平米,2017.06.20,407,85793
五岭小区 1室0厅 31.26平米,2017.06.19,252,80615
海潮公寓 2室0厅 56.21平米,2017.06.18,453,80591
士林华苑 3室2厅 151.81平米,2017.06.18,1340,88269
瞿溪路680弄 3室2厅 90.56平米,2017.06.18,660,72880
南塘浜路93弄 2室0厅 41.22平米,2017.06.18,330,80059
老西门新苑 3室2厅 143.08平米,2017.06.17,1325,92606
丽园路574弄 1室0厅 33.25平米,2017.06.17,295,88722
黄浦新苑(公寓) 3室2厅 129.03平米,2017.06.16,1125,87190
丽都大厦 2室2厅 95.95平米,2017.06.16,384,40021
西凌新 2室0厅 59.14平米,2017.06.16,470,79473
绿城黄浦湾 4室2厅 284.89平米,2017.06.14,3300,115835
明日星城 3室2厅 124.02平米,2017.06.13,974,78536
丽园新村 1室0厅 23.18平米,2017.06.13,205,88439
双钱公寓 3室2厅 152.26平米,2017.06.13,900,59110
明日星城 3室2厅 124.02平米,2017.06.13,974,78536
学院路68-76号(双) 2室0厅 55.32平米,2017.06.12,440,79538
独立时代 1室1厅 36.34平米,2017.06.12,200,55036
香山丽舍(公寓) 3室2厅 264.33平米,2017.06.11,3020,114252
济南路8号 1室2厅 119.62平米,2017.06.11,1150,96138
雾晓大楼 2室1厅 72.86平米,2017.06.11,650,89213
南园新村 1室1厅 48.06平米,2017.06.11,377,78444
大同花园南区 4室2厅 188.97平米,2017.06.10,1560,82553
铁道路776弄 2室0厅 49.62平米,2017.06.10,360,72552
陈家宅小区 2室2厅 81.49平米,2017.06.10,655,80378
长峰馨园 3室2厅 147.47平米,2017.06.08,1320,89510
中福世福汇 1室1厅 55.89平米,2017.06.08,280,50099
翠湖天地雅苑 2室2厅 104.81平米,2017.06.07,1380,131667
永业公寓 3室2厅 155.26平米,2017.06.06,1855,119478
黄家小区 1室0厅 24.29平米,2017.06.05,231,95101
上海滩新昌城 3室2厅 147.81平米,2017.06.05,1350,91334
斜土新村 1室0厅 34平米,2017.06.04,298,87648
南塘浜路123弄 1室0厅 34.87平米,2017.06.04,315,90336
瞿西新村 2室1厅 49.61平米,2017.06.02,378,76195
金鹿大楼 2室1厅 73.34平米,2017.06.02,650,88629
南塘浜路93弄 1室0厅 26.83平米,2017.06.02,230,85725
济南路8号 2室2厅 147.97平米,2017.06.01,20,1352
济南路8号 1室2厅 108平米,2017.06.01,1000,92593
翠湖天地御苑 3室2厅 188.9平米,2017.06.01,2480,131287
银杏家园 2室2厅 117.32平米,2017.05.31,960,81828
南康公寓 1室1厅 51.51平米,2017.05.31,468,90857
东淮海公寓 3室2厅 127.01平米,2017.05.31,1190,93694
桃源新村 1室0厅 31.7平米,2017.05.31,380,119874
海珀日晖 2室2厅 241.51平米,2017.05.31,2330,96477
北方花苑 2室2厅 69.34平米,2017.05.29,590,85088
江南世纪新苑 2室2厅 114.59平米,2017.05.27,798,69640
蓬莱路285弄 1室1厅 34.62平米,2017.05.27,390,112652
融创滨江壹号院 2室2厅 114.96平米,2017.05.27,1390,120912
申江新苑 2室2厅 127.29平米,2017.05.27,930,73062
紫金苑 3室2厅 162.23平米,2017.05.27,850,52395
滨江名人苑 3室2厅 147.01平米,2017.05.26,1290,87750
海潮公寓 1室1厅 48.05平米,2017.05.26,458,95318
滨江名人苑 3室2厅 147.02平米,2017.05.25,1375,93525
海琪园 3室2厅 164.98平米,2017.05.25,1600,96982
瑞金新苑 2室1厅 74.05平米,2017.05.24,698,94261
丽园新村 1室1厅 38.97平米,2017.05.24,300,76983
健乐小区 3室0厅 67.1平米,2017.05.24,660,98361
长峰馨园 1室2厅 62.85平米,2017.05.23,641,101989
蒙西小区 2室1厅 60.03平米,2017.05.22,523,87124
大同花园南区 3室2厅 136.25平米,2017.05.21,1070,78533
开元坊 3室2厅 149.02平米,2017.05.21,1300,87237
西凌新 2室1厅 73.7平米,2017.05.21,492.5,66825
瑞雪大楼 2室1厅 56.46平米,2017.05.21,470,83245
中南小区 2室1厅 52.56平米,2017.05.21,538,102360
建德小区 2室0厅 51.95平米,2017.05.20,461,88740
中福花苑 1室1厅 42.46平米,2017.05.20,410,96562
东晖花苑 2室2厅 90.58平米,2017.05.20,837,92405
东方苑 2室2厅 91.62平米,2017.05.20,750,81860
斜土路486弄 2室1厅 40.68平米,2017.05.19,297,73009
蒙自路601弄 1室1厅 30.69平米,2017.05.19,228,74292
济南路8号 1室2厅 82.74平米,2017.05.19,870,105149
紫华大楼 1室1厅 53.25平米,2017.05.18,450,84508
海琪园 2室2厅 106.9平米,2017.05.18,1050,98223
绿洲仕格维花园 3室2厅 204.03平米,2017.05.18,1830,89693
丽园新村 2室0厅 49.34平米,2017.05.18,433.5,87860
学院路68-76号(双) 2室1厅 55.32平米,2017.05.17,472,85322
融创滨江壹号院 1室2厅 86.04平米,2017.05.17,980,113901
建德坊 1室1厅 58.46平米,2017.05.17,665,113753
怡水豪庭 2室2厅 141.48平米,2017.05.17,700,49477
海潮新村 1室0厅 35.54平米,2017.05.16,338,95105
斜土新村 1室0厅 37平米,2017.05.16,307,82973
东淮海公寓 2室2厅 118.69平米,2017.05.16,1050,88466
陆家浜路413弄 1室1厅 41.42平米,2017.05.15,343,82811
新地苑 3室2厅 146.21平米,2017.05.15,1050,71815
中南小区 2室1厅 60.69平米,2017.05.15,600,98864
华府天地 5室2厅 301.23平米,2017.05.15,3400,112871
蒙自新村 1室0厅 33.42平米,2017.05.15,280,83783
国际广场(卢湾) 4室2厅 225.32平米,2017.05.15,1325,58806
五岭小区 1室0厅 35.8平米,2017.05.14,258,72068
东淮海公寓 2室2厅 93.27平米,2017.05.14,950,101855
重庆公寓 1室1厅 33.57平米,2017.05.14,302,89962
紫荆新苑 2室2厅 88.08平米,2017.05.14,723,82085
新家坡园景苑 2室2厅 91.27平米,2017.05.13,850,93131
薛家浜路242弄 1室1厅 37.68平米,2017.05.13,300,79618
益元大楼 2室1厅 72.37平米,2017.05.13,545,75308
绿城黄浦湾 4室2厅 331.68平米,2017.05.12,3350,101001
济南路8号 1室2厅 108.12平米,2017.05.11,1048,96930
薛家浜路242弄 1室0厅 36.14平米,2017.05.11,262.5,72635
汇龙新城 2室2厅 107.22平米,2017.05.10,1020,95132
公馆77 2室2厅 105.1平米,2017.05.10,1220,116080
春江大楼 2室1厅 52.56平米,2017.05.10,435,82763
五岭小区 2室0厅 51.6平米,2017.05.10,403.8,78256
五里桥路269弄 1室1厅 35.94平米,2017.05.10,318,88481
白玉兰家园 2室2厅 110.5平米,2017.05.09,1100,99548
斜土新村 1室1厅 37.3平米,2017.05.08,331,88740
先棉祠街小区 1室1厅 35.36平米,2017.05.07,288,81448
桃源兴城苑 2室1厅 91.94平米,2017.05.06,920,100066
瑞金二路410弄 2室0厅 46.94平米,2017.05.06,434,92459
永业公寓 3室2厅 137.58平米,2017.05.05,1470,106847
西凌新 2室1厅 64.14平米,2017.05.05,485,75616
步高苑 2室2厅 113.58平米,2017.05.05,1023,90069
天赐公寓 3室2厅 101.53平米,2017.05.04,547,53876
露香园 4室2厅 287.3平米,2017.05.04,2600,90498
永业公寓 2室2厅 111.12平米,2017.05.04,1300,116991
大同花园北区 1室2厅 69.42平米,2017.05.03,715,102997
上海滩花园 2室2厅 123.07平米,2017.05.03,1350,109694
南园新村 2室1厅 66.85平米,2017.05.03,545,81526
汝南街小区 2室0厅 56.66平米,2017.05.02,436,76951
永嘉第一小区 1室2厅 76.82平米,2017.05.02,770,100235
蒙西小区 1室1厅 34.56平米,2017.05.02,309,89410
耀江花园 3室2厅 151.83平米,2017.05.02,1500,98795
打浦路303弄 1室0厅 27.93平米,2017.05.02,210,75188
新中苑 2室2厅 109.06平米,2017.05.02,870,79773
中福花苑 1室2厅 42.46平米,2017.04.30,409,96326
滨江名人苑 2室2厅 114.96平米,2017.04.29,1100,95686
融创滨江壹号院 3室2厅 221.08平米,2017.04.29,2150,97250
蒙西小区 1室1厅 36.6平米,2017.04.29,318,86886
茂名大楼 1室1厅 57.68平米,2017.04.29,465,80618
滨江名人苑 2室2厅 101.1平米,2017.04.27,880,87043
济南路8号 1室2厅 82.74平米,2017.04.26,860,103941
斜土新村 1室1厅 43.77平米,2017.04.26,350,79964
宁波路266号 1室0厅 28.49平米,2017.04.25,235,82486
金色家园 2室2厅 138.15平米,2017.04.25,1200,86863
北蒙三小区 1室1厅 37.3平米,2017.04.25,327,87668
悦来小区 2室1厅 41.64平米,2017.04.25,360,86456
淮海晶华苑 2室2厅 183.82平米,2017.04.24,1600,87042
河南南路790弄 1室1厅 42.52平米,2017.04.24,325,76435
永业公寓 2室2厅 123.68平米,2017.04.24,1295,104706
丽都大厦 2室1厅 95.95平米,2017.04.23,375,39083
打浦路339弄 1室0厅 27.89平米,2017.04.23,203,72786
蒙自路345弄 2室1厅 61.68平米,2017.04.22,460,74579
太阳都市花园 3室2厅 164.17平米,2017.04.22,1350,82232
步高苑 3室2厅 138.39平米,2017.04.22,1150,83099
南园小区 2室1厅 62.83平米,2017.04.22,472,75124
西姚家弄50-52号(双) 2室1厅 54.03平米,2017.04.22,450,83288
黄浦新苑(公寓) 3室2厅 156.97平米,2017.04.22,1350,86004
威海苑 3室2厅 160.81平米,2017.04.22,950,59076
延安中路527号 2室1厅 54.35平米,2017.04.22,550,101196
新华南园大厦 2室1厅 85.91平米,2017.04.22,573,66698
斜土新村 1室1厅 43.7平米,2017.04.21,329.5,75401
北方花苑 2室1厅 69.34平米,2017.04.20,579,83502
北京东路335-355号 1室1厅 36.66平米,2017.04.20,305,83197
蒙西小区 2室1厅 49.71平米,2017.04.19,395,79461
仁宝公寓 2室2厅 87.34平米,2017.04.19,632,72361
弘辉名苑 3室2厅 145.18平米,2017.04.19,1165,80246
冠浦花园 2室2厅 95.3平米,2017.04.18,685,71879
翠湖天地雅苑 3室2厅 132.22平米,2017.04.18,1770,133868
马当小区 2室0厅 61.66平米,2017.04.16,623,101038
融创滨江壹号院 2室2厅 172.95平米,2017.04.16,1540,89044
振华里小区 1室1厅 34.52平米,2017.04.15,415,120221
明日星城 3室2厅 120.87平米,2017.04.15,1050,86871
西凌新 1室0厅 34.42平米,2017.04.15,308,89483
蓬莱路303弄 1室0厅 24.3平米,2017.04.13,245,100824
汝南街小区 2室0厅 48.31平米,2017.04.12,398,82385
西凌新 1室1厅 49.7平米,2017.04.11,400,80483
瞿溪新村 2室0厅 41.58平米,2017.04.11,290,69746
北蒙三小区 1室0厅 34.2平米,2017.04.11,305,89182
宏泰公寓 2室2厅 121.6平米,2017.04.11,860,70724
翠湖天地嘉苑 2室2厅 128.04平米,2017.04.10,1920,149954
华丽家族汇景天地(商业类) 1室1厅 87.86平米,2017.04.10,465,52926
上海滩花园 4室2厅 214.35平米,2017.04.09,2150,100304
银南大厦 3室1厅 84.96平米,2017.04.09,585,68856
新华南园大厦 2室2厅 98.42平米,2017.04.09,760,77221
建德坊 2室2厅 101平米,2017.04.09,1010,100000
同兴大楼 1室0厅 29.3平米,2017.04.09,248,84642
蒙西小区 2室1厅 63.45平米,2017.04.08,495,78015
南园新村 2室0厅 70.53平米,2017.04.08,545,77273
思南新苑 3室2厅 134.38平米,2017.04.08,1390,103439
南车站路192弄 2室1厅 49.52平米,2017.04.08,392,79160
丽园公寓 2室2厅 96.55平米,2017.04.08,738,76438
济南路8号 1室2厅 108.12平米,2017.04.06,990,91565
桥一小区 2室0厅 57.04平米,2017.04.06,407,71354
黄浦丽园 4室2厅 245.32平米,2017.04.06,2000,81527
瑞金二路225弄 1室0厅 39.36平米,2017.04.06,310,78761
中福花苑 2室2厅 68.33平米,2017.04.03,597,87371
裕兴大厦(公寓) 2室2厅 91.1平米,2017.04.01,750,82328
山北小区 1室1厅 43.3平米,2017.04.01,363,83834
桃源兴城苑 3室2厅 138.45平米,2017.04.01,1175,84869
公馆77 3室2厅 147.48平米,2017.04.01,1470,99675
南花苑 2室1厅 87.51平米,2017.04.01,700,79991
中福世福汇 1室1厅 59.4平米,2017.03.31,263,44277
瑞金南路271弄 2室1厅 59.43平米,2017.03.31,510,85816
卢湾城市花园 3室2厅 125.48平米,2017.03.31,1280,102009
瑞雪大楼 1室1厅 43.88平米,2017.03.31,400,91158
丽园新村 2室0厅 49.74平米,2017.03.31,440,88460
中福世福汇 1室1厅 59.4平米,2017.03.31,263,44277
瑞金南路271弄 2室1厅 59.43平米,2017.03.31,510,85816
瞿中小区 2室0厅 51.36平米,2017.03.31,405,78856
百花公寓 2室2厅 91.62平米,2017.03.30,748,81642
汇龙新城 2室2厅 80.06平米,2017.03.30,850,106171
明日星城 3室2厅 125.42平米,2017.03.30,1170,93287
铁道路676-684号 1室0厅 32.97平米,2017.03.30,220,66728
绿地名人坊 3室2厅 132.99平米,2017.03.29,1200,90233
香山丽舍(公寓) 4室3厅 304.59平米,2017.03.29,2700,88644
永年路178弄 1室1厅 44.19平米,2017.03.28,378,85540
帝庭 4室2厅 219.53平米,2017.03.28,1615,73567
共和园小区 2室1厅 51.76平米,2017.03.28,367,70905
海琪园 3室2厅 164.98平米,2017.03.28,1800,109105
雅士公寓 2室2厅 105.06平米,2017.03.27,780,74244
中福花苑 1室2厅 46.21平米,2017.03.26,465,100628
永业公寓 2室2厅 95.44平米,2017.03.26,1146,120076
悦来小区 2室1厅 73.61平米,2017.03.26,623,84636
瑞德公寓 2室1厅 94.62平米,2017.03.25,795,84021
马当小区 1室0厅 43.34平米,2017.03.25,455,104984
北蒙三小区 2室0厅 58平米,2017.03.25,498,85863
中福花苑 1室1厅 40.31平米,2017.03.25,450,111635
浙江中路439号 1室0厅 17.3平米,2017.03.25,150,86706
建国大厦 3室2厅 131.92平米,2017.03.25,815,61780
中福花苑 1室2厅 59.64平米,2017.03.25,455,76292
丽园路514弄 1室0厅 40.15平米,2017.03.24,325,80947
新中苑 2室2厅 119.85平米,2017.03.24,865,72174
蒙自新村 2室1厅 61.52平米,2017.03.24,490,79649
汉口路407号 1室0厅 22.8平米,2017.03.23,220,96492
顺风公寓 2室1厅 73.19平米,2017.03.23,660,90177
老西门新苑 3室2厅 157.98平米,2017.03.23,1350,85454
复兴佳苑 2室2厅 116.46平米,2017.03.22,928,79685
济南路8号 1室2厅 108.12平米,2017.03.22,960,88791
翠湖天地嘉苑 3室2厅 182.34平米,2017.03.21,2350,128881
长江公寓 2室2厅 90.58平米,2017.03.21,627,69221
仁德坊 3室2厅 123.73平米,2017.03.20,1080,87287
融创滨江壹号院 2室2厅 99.17平米,2017.03.20,980,98821
独立时代 1室1厅 31.38平米,2017.03.19,206,65647
瞿溪路937弄 1室0厅 30平米,2017.03.19,246,82000
山北小区 1室1厅 43.77平米,2017.03.19,322,73567
独立时代 1室0厅 31.38平米,2017.03.19,135,43022
打浦路303弄 2室0厅 43.73平米,2017.03.19,330,75464
华丽家族汇景天地(商业类) 1室1厅 72.95平米,2017.03.19,396,54284
新家坡园景苑 2室1厅 77.99平米,2017.03.18,680,87191
福鑫大楼 2室2厅 112.78平米,2017.03.18,730,64728
北蒙三小区 2室0厅 52.24平米,2017.03.18,470,89970
汝南街小区 1室1厅 38.49平米,2017.03.18,268,69629
越纪公寓 3室1厅 78.57平米,2017.03.18,650,82729
银杏家园 5室3厅 263.66平米,2017.03.18,1810,68650
蒙西小区 1室1厅 41.88平米,2017.03.18,364.5,87035
中南小区 1室1厅 50.34平米,2017.03.18,499,99126
南国大厦 2室2厅 93.61平米,2017.03.17,675,72108
西姚小区 1室1厅 39.97平米,2017.03.16,3.2,789
陕西南路83弄 2室0厅 50.34平米,2017.03.16,500,99325
淮海晶华苑 4室2厅 222.18平米,2017.03.16,1820,81916
海潮新村 2室0厅 33.88平米,2017.03.15,290,85597
东淮海公寓 1室2厅 72.58平米,2017.03.15,833,114770
融创滨江壹号院 3室2厅 126.1平米,2017.03.15,1140,90405
华丽家族汇景天地(商业类) 1室0厅 62.54平米,2017.03.15,330,52767
淡水湾花园 1室2厅 83.96平米,2017.03.15,921,109696
西凌新 2室1厅 55.51平米,2017.03.14,450,81067
西凌新 2室1厅 55.51平米,2017.03.14,450,81067
顺风公寓 2室1厅 76.28平米,2017.03.12,665,87179
南塘浜路93弄 2室0厅 46.13平米,2017.03.12,393,85195
打浦路339弄 2室0厅 51.89平米,2017.03.12,385,74196
锦绣家园 2室2厅 93.48平米,2017.03.12,650,69534
明日星城 2室2厅 97.59平米,2017.03.12,870,89149
蒙自新村 1室0厅 32.34平米,2017.03.11,243.5,75294
瞿溪新村 2室0厅 56.73平米,2017.03.11,365,64340
中福大厦 1室0厅 39.04平米,2017.03.11,156,39960
黄浦逸城 3室2厅 157.61平米,2017.03.10,1033,65542
永业公寓 2室2厅 106.98平米,2017.03.10,1160,108432
丽园路1032弄 1室1厅 39.03平米,2017.03.10,330,84551
瞿四小区 1室0厅 31.57平米,2017.03.08,248,78556
中福花苑 1室2厅 42.46平米,2017.03.08,455,107160
淮海晶华苑 3室2厅 222.27平米,2017.03.08,1850,83233
独立时代 1室1厅 52.51平米,2017.03.08,180,34280
卢湾都市花园 2室2厅 96.08平米,2017.03.08,890,92632
瞿四小区 1室1厅 48平米,2017.03.07,370,77084
济南路8号 1室2厅 82.74平米,2017.03.07,840,101523
北蒙三小区 1室1厅 34平米,2017.03.06,300,88236
桥一小区 1室1厅 42.8平米,2017.03.06,298,69627
石潭弄路250号 2室1厅 79.45平米,2017.03.05,545,68597
建德坊 2室2厅 81.47平米,2017.03.05,918,112680
海悦花园 4室2厅 172.27平米,2017.03.05,1560,90556
大同花园南区 3室2厅 159.59平米,2017.03.04,1168,73188
丽园路694弄 2室1厅 52.14平米,2017.03.04,510,97814
祥安公寓 2室1厅 86.4平米,2017.03.04,620,71760
先棉祠街小区 2室0厅 55.72平米,2017.03.04,420,75377
县左街20弄 1室0厅 29.35平米,2017.03.02,205,69847
幸运福邸 3室2厅 112.13平米,2017.03.01,845,75359
中福花苑 1室2厅 42.46平米,2017.03.01,445,104805
幸运福邸 3室2厅 112.13平米,2017.03.01,845,75359
海丽花园 2室2厅 102.33平米,2017.03.01,745,72804
中福大厦 1室1厅 72.68平米,2017.02.28,375,51597
新中苑 3室1厅 109.06平米,2017.02.27,700,64185
重新小区 1室0厅 24.09平米,2017.02.26,185,76796
蒙西小区 2室1厅 56.15平米,2017.02.26,475,84595
北蒙三小区 1室0厅 29.03平米,2017.02.26,245,84396
桥一小区 1室1厅 42.8平米,2017.02.25,296.5,69276
中福世福汇 1室1厅 36平米,2017.02.25,193,53612
陈家宅小区 2室1厅 60.71平米,2017.02.25,406,66876
百溪公寓 2室1厅 53.57平米,2017.02.25,297,55442
百花公寓 2室1厅 66.92平米,2017.02.25,563,84131
汝南街小区 2室0厅 54.1平米,2017.02.22,457,84474
冠浦花园 1室1厅 59.07平米,2017.02.22,433,73303
翠湖天地御苑 3室2厅 190.79平米,2017.02.21,2825,148069
银南大厦 2室1厅 60.3平米,2017.02.20,425,70481
北蒙三小区 2室0厅 46.5平米,2017.02.19,398,85592
大众家园 2室2厅 112.82平米,2017.02.18,974,86333
东泰花苑 2室2厅 106.28平米,2017.02.18,920,86564
太阳都市花园 3室2厅 149.81平米,2017.02.18,1015,67753
百溪公寓 2室0厅 53.57平米,2017.02.18,405,75603
北蒙三小区 1室0厅 34.2平米,2017.02.18,291,85088
丽园公寓 2室1厅 98.89平米,2017.02.17,715,72303
西凌新 2室1厅 86.98平米,2017.02.16,623,71626
中福花苑 2室1厅 42.46平米,2017.02.16,421.5,99270
露香园 4室2厅 243平米,2017.02.15,2550,104939
南园新村 2室1厅 54.12平米,2017.02.14,447,82595
大同花园南区 2室2厅 108.91平米,2017.02.11,875,80342
老西门新苑 5室2厅 288.3平米,2017.02.09,2300,79779
市民新村 2室0厅 45.25平米,2017.02.05,380,83978
中福城 2室2厅 93.55平米,2017.01.24,869,92892
越纪公寓 2室1厅 85.87平米,2017.01.23,700,81519
振兴大楼 2室0厅 63.67平米,2017.01.23,495,77745
恒升大厦 2室1厅 86.25平米,2017.01.22,600,69566
老西门新苑 3室2厅 151.32平米,2017.01.22,1280,84589
瞿四小区 2室0厅 43.98平米,2017.01.21,343,77990
东物公寓 1室2厅 66.66平米,2017.01.21,492,73808
南园新村 1室1厅 38.04平米,2017.01.21,310,81494
西凌新 3室2厅 97.55平米,2017.01.21,765,78422
丽都大厦 2室2厅 105.23平米,2017.01.20,422,40103
百花公寓 1室1厅 54.78平米,2017.01.18,472,86163
同济蓬莱家园 2室2厅 99.85平米,2017.01.18,850,85128
西凌新 1室0厅 27.5平米,2017.01.15,220,80000
蒙西小区 1室0厅 26.59平米,2017.01.15,210,78978
浦江公馆 3室2厅 193.03平米,2017.01.15,1950,101021
黄浦华庭 3室2厅 144.77平米,2017.01.15,1330,91870
泰康路21号 1室0厅 35.59平米,2017.01.15,309,86823
瞿溪新村 2室1厅 43.45平米,2017.01.15,295,67895
瑞南新苑 3室2厅 154.76平米,2017.01.14,1180,76248
南园新村 2室0厅 44.19平米,2017.01.14,325,73547
蒙西小区 1室1厅 37.17平米,2017.01.12,285,76675
蒙西小区 2室1厅 50.64平米,2017.01.08,420,82939
耀江花园 3室2厅 128.4平米,2017.01.08,1440,112150
翠湖天地嘉苑 2室2厅 137.49平米,2017.01.07,1830,133101
丽园新村 1室0厅 23.02平米,2017.01.07,200,86881
中福大厦 1室0厅 48.7平米,2017.01.06,170,34908
黄浦逸城 1室2厅 76平米,2017.01.06,780,102632
蒙西小区 1室1厅 37.57平米,2017.01.04,330,87837
黄浦新苑(公寓) 2室2厅 100.26平米,2017.01.04,980,97746
华丽家族汇景天地(商业类) 1室1厅 80.91平米,2017.01.04,440,54382
中汇公寓 3室2厅 140.8平米,2017.01.03,1220,86648
瞿溪新村 2室1厅 57.73平米,2017.01.03,390,67556
华丽家族汇景天地(公寓) 3室2厅 214.41平米,2017.01.03,1400,65296
瞿溪路904弄 2室0厅 47.9平米,2017.01.02,370,77245
东晖花苑 --室--厅 104.4平米,2015.03.31,450,43104
中南公寓 --室--厅 85.34平米,2015.03.15,325,38083
大众汽车公寓 --室--厅 82.1平米,2015.03.14,385,46895
开城新苑 --室--厅 101.86平米,2015.02.03,457,44866
北蒙三小区 --室--厅 50.8平米,2015.02.01,220,43308
康瞿小区 --室--厅 90.73平米,2015.01.25,345,38025
双钱公寓 --室--厅 177.03平米,2015.01.11,635,35870
天歌大厦 --室--厅 86.41平米,2014.12.30,307,35529
五里桥路269弄 --室--厅 30.37平米,2014.12.29,113,37208
大众家园 --室--厅 100.9平米,2014.12.25,515,51041
卢湾都市花园 --室--厅 69.32平米,2014.12.21,357,51501
卢湾城市花园 --室--厅 96.39平米,2014.12.19,495,51354
天天花园 --室--厅 133.41平米,2014.12.18,410,30733
瞿中小区 --室--厅 34.81平米,2014.12.15,145,41655
蒙自路395弄 --室--厅 52.7平米,2014.12.13,225,42695
瑞雪大楼 --室--厅 38.81平米,2014.12.11,188,48442
蒙西小区 --室--厅 36.42平米,2014.12.07,153,42010
打浦路339弄 --室--厅 95.22平米,2014.12.01,418,43899
未知小区 --室--厅 31.42平米,2014.11.29,94.3,30013
海上梦苑 --室--厅 117.7平米,2014.11.28,480,40782
丽园路694弄 --室--厅 40.88平米,2014.11.28,163,39873
五里桥路269弄 --室--厅 45.89平米,2014.11.27,183.5,39987
德福苑 --室--厅 114.2平米,2014.11.23,535,46848
瞿溪坊 --室--厅 80.95平米,2014.11.22,357,44102
怡绿公寓 --室--厅 89.13平米,2014.11.20,377,42298
康瞿小区 --室--厅 68.45平米,2014.11.17,275,40176
卢湾都市花园 --室--厅 98.59平米,2014.11.13,460,46658
斜土新村 --室--厅 56.8平米,2014.11.08,225,39613
郁金香花苑 --室--厅 73.98平米,2014.11.07,370,50014
江南新苑 --室--厅 81.46平米,2014.10.31,370,45422
鲁班公寓 --室--厅 94.63平米,2014.10.17,415,43856
未知小区 --室--厅 53.25平米,2014.10.10,205,38498
富源公寓 --室--厅 107.08平米,2014.10.10,390,36422
海华花园 --室--厅 88.98平米,2014.09.28,400,44954
蓬莱路285弄 --室--厅 43.69平米,2014.09.17,220,50355
蒙自路601弄 --室--厅 35.96平米,2014.08.22,131,36430
静安新城十一区 2室1厅 66平米,2018.03.14,345,52273
胶州路565弄 1室1厅 43.45平米,2018.03.13,362,83315
新丰小区 1室0厅 32.35平米,2018.03.13,230,71098
静安新城十一区 2室1厅 61.25平米,2018.03.12,333,54368
静安晶华园 1室2厅 69.65平米,2018.03.12,880,126347
延平路259弄 1室1厅 34.54平米,2018.03.12,439,127100
又一村(静安) 1室0厅 30.73平米,2018.03.11,325,105760
四和花园 1室0厅 33.16平米,2018.03.09,486,146563
远中风华园(公寓) 2室2厅 116.47平米,2018.03.06,1375,118057
东海园 2室2厅 129.2平米,2018.03.05,1380,106812
中凯城市之光(静安) 3室2厅 143.37平米,2018.03.04,1550,108112
静安新城七区 3室2厅 104.5平米,2018.03.04,676,64689
静安晶华园 3室2厅 107.84平米,2018.03.03,1125,104322
万春小区 2室0厅 54.56平米,2018.03.01,535,98058
静安豪景苑 5室3厅 275.44平米,2018.02.27,2500,90764
又一村(静安) 1室1厅 35.12平米,2018.02.26,416,118452
云和花园 1室1厅 75.21平米,2018.02.26,745,99056
君悦静安 1室0厅 34.99平米,2018.02.11,425,121464
安西小区 2室0厅 54.3平米,2018.02.10,430,79190
静安新城四区 2室1厅 86.05平米,2018.02.10,432,50204
静安晶华园 3室2厅 126平米,2018.02.08,1180,93651
润康 1室1厅 44.36平米,2018.02.06,1,215
马克思公寓 2室1厅 62.05平米,2018.02.04,680,109590
艾格美国际公寓 1室2厅 67.66平米,2018.02.03,630,93113
嘉园 3室2厅 106.37平米,2018.02.02,872,81979
静安豪景苑 3室2厅 138.52平米,2018.02.02,1500,108288
泰兴路362弄 2室0厅 43.15平米,2018.01.31,443,102666
华山路732号 2室1厅 58.6平米,2018.01.31,650,110922
静安城 2室2厅 102.22平米,2018.01.31,840,82176
嘉发大厦 2室1厅 86.61平米,2018.01.31,0.9,99
上海壹街区 3室2厅 108.49平米,2018.01.30,993.5,91576
静安城 1室2厅 87.45平米,2018.01.29,735,84049
金柏苑 3室2厅 117.49平米,2018.01.29,870,74049
静安新城三区 2室1厅 70.55平米,2018.01.29,382,54146
长义坊 5室2厅 161.7平米,2018.01.26,1850,114410
四方新城 2室2厅 109.01平米,2018.01.26,970,88983
丽都新贵 1室1厅 99.94平米,2018.01.25,500,50031
静安晶华园 1室1厅 58.76平米,2018.01.25,760,129340
静安新城四区 2室2厅 102.54平米,2018.01.25,600,58514
静安新城十一区 2室1厅 65.72平米,2018.01.24,329,50061
君子兰公寓 3室2厅 188.12平米,2018.01.24,998,53052
姚西小区 2室0厅 37.17平米,2018.01.24,320,86091
静安新城十区 2室1厅 65.72平米,2018.01.22,339,51583
三乐新村 1室1厅 45.81平米,2018.01.22,390,85135
静安新城四区 1室1厅 56.93平米,2018.01.20,320,56210
新福康里(公寓) 1室1厅 38.93平米,2018.01.20,408,104804
静安兴海城 2室2厅 102.58平米,2018.01.19,900,87737
远中风华园(公寓) 1室2厅 65.85平米,2018.01.19,838,127259
南京西路公馆 2室1厅 96.81平米,2018.01.19,760,78505
金家巷西弄 1室1厅 37.52平米,2018.01.18,415,110608
静安新城五区 1室1厅 46.69平米,2018.01.17,266,56972
静安新城四区 2室1厅 65.2平米,2018.01.14,355,54448
中凯城市之光(静安) 1室1厅 56.49平米,2018.01.13,615,108869
新丰小区 1室0厅 42.23平米,2018.01.13,318,75302
静安四季苑 3室2厅 147.49平米,2018.01.11,1700,115263
沪中新苑 1室2厅 73.65平米,2018.01.11,740,100476
永昌大厦 2室1厅 110.39平米,2018.01.10,670,60694
君悦静安 1室1厅 35.44平米,2018.01.09,398,112303
静安新格公寓 2室2厅 48.71平米,2018.01.06,635,130364
万春小区 1室2厅 33.6平米,2018.01.06,440,130953
君子兰公寓 2室2厅 118.65平米,2018.01.06,785,66161
四和花园 2室1厅 66.4平米,2018.01.04,690,103916
静安豪景苑 4室2厅 156.73平米,2018.01.04,1950,124418
姚西小区 2室1厅 44.18平米,2018.01.02,398,90087
静安新城七区 2室2厅 89.72平米,2017.12.31,567,63197
静安均泰丽轩 3室2厅 148.19平米,2017.12.29,1430,96498
曼克顿豪庭 3室2厅 154.6平米,2017.12.29,1400,90557
静安新城十一区 1室1厅 48.68平米,2017.12.29,242,49713
上海壹街区 1室1厅 64.27平米,2017.12.28,730,113584
三乐新村 1室0厅 27平米,2017.12.28,238,88149
瀚林世家 3室2厅 145.07平米,2017.12.26,1320,90991
静安新城一区 2室1厅 68.27平米,2017.12.26,356,52146
高荣小区 2室0厅 60平米,2017.12.26,440,73334
达安花园 2室2厅 106.1平米,2017.12.25,865,81527
愚园路641弄 1室1厅 46.88平米,2017.12.25,418,89164
静安新城五区 2室1厅 57.11平米,2017.12.24,357,62511
南长苑 1室1厅 35.65平米,2017.12.24,365,102385
静安新格公寓 1室1厅 51.26平米,2017.12.24,430,83887
京西大楼 2室1厅 64.82平米,2017.12.23,566,87319
金家巷小区 2室0厅 45.97平米,2017.12.23,495,107679
江宁路906弄 1室1厅 33.6平米,2017.12.22,289,86012
三鑫花苑 3室2厅 158.19平米,2017.12.18,1438.5,90935
静安枫景苑 2室2厅 96.8平米,2017.12.17,1050,108472
鑫康苑 3室2厅 123.97平米,2017.12.17,920,74212
安远路905-911号(单) 2室1厅 63.53平米,2017.12.16,512,80592
静安丽舍 2室2厅 103.42平米,2017.12.16,940,90892
常熟路85弄 2室1厅 60.92平米,2017.12.16,540,88641
静安枫景苑 3室2厅 130.48平米,2017.12.13,1490,114194
万春小区 1室1厅 39.11平米,2017.12.12,445,113782
静安新城三区 2室1厅 70.44平米,2017.12.12,350,49688
申达大厦 3室2厅 120.35平米,2017.12.10,660,54841
镇宁路404弄 3室1厅 69.7平米,2017.12.09,470,67432
静安枫景苑 3室2厅 151.54平米,2017.12.08,1966,129735
延安西路421弄 1室1厅 41.09平米,2017.12.05,345,83963
四和花园 2室1厅 60.52平米,2017.12.05,650,107403
又一村(静安) 1室0厅 30.6平米,2017.12.05,327,106863
金家巷西弄 1室0厅 20平米,2017.12.04,0.4,200
四明 2室0厅 42平米,2017.12.03,318,75715
富民路22弄 1室0厅 31.87平米,2017.12.02,295,92564
静安城 2室2厅 102平米,2017.12.02,830,81373
茂名公寓 1室1厅 41.89平米,2017.12.02,420,100263
静安新城五区 1室1厅 44.77平米,2017.12.01,267,59639
静安新城十区 2室1厅 67.65平米,2017.11.30,376,55581
福安大厦(静安) 1室2厅 86.7平米,2017.11.30,446,51442
赵家桥小区 1室1厅 46.85平米,2017.11.29,460,98186
海防村 2室0厅 53.84平米,2017.11.28,678,125929
国际丽都城 1室2厅 79.33平米,2017.11.28,860,108408
蓝朝部落 1室0厅 29.82平米,2017.11.26,300,100604
安西小区 1室1厅 36.7平米,2017.11.25,295,80382
静安新城五区 1室1厅 53.79平米,2017.11.25,270,50196
静安新城三区 2室1厅 64.91平米,2017.11.24,365,56232
又一村(静安) 1室0厅 28.03平米,2017.11.24,370,132002
静安均泰丽轩 3室2厅 128.33平米,2017.11.24,1233,96081
泰府名邸 3室2厅 159.85平米,2017.11.22,1650,103222
静安新城二区 1室1厅 49.09平米,2017.11.22,262,53372
静安兴海城 2室2厅 108.38平米,2017.11.18,960,88578
升平小区 1室0厅 26.47平米,2017.11.15,285,107670
长城小区 1室1厅 34.35平米,2017.11.14,275,80059
达安花园 2室2厅 105.28平米,2017.11.11,862,81877
静安新格公寓 2室2厅 50平米,2017.11.11,575,115000
中行小区 3室0厅 58.94平米,2017.11.11,455,77198
静安风华苑 3室2厅 155.5平米,2017.11.09,1200,77171
康定东路41-43号 1室0厅 11.7平米,2017.11.08,108,92308
丽都新贵 1室1厅 61.13平米,2017.11.06,280,45805
静安新城十一区 2室1厅 55.57平米,2017.11.04,323.5,58215
静安新城五区 2室1厅 66.45平米,2017.11.04,340,51167
万春小区 2室1厅 44.08平米,2017.11.04,478,108440
鑫康苑 2室2厅 104.06平米,2017.11.04,850,81684
远中风华园(公寓) 1室2厅 76.27平米,2017.11.03,795,104235
新丰小区 1室1厅 37.49平米,2017.10.30,313,83489
赵家桥小区 2室0厅 69.39平米,2017.10.30,635,91512
静安新城十一区 2室1厅 65.72平米,2017.10.29,350,53257
静安丽舍 3室2厅 140.49平米,2017.10.29,1150,81857
骏豪国际 1室1厅 66.34平米,2017.10.28,571.8,86193
联华公寓 3室2厅 196.83平米,2017.10.28,1760,89418
静安新城一区 1室1厅 47.95平米,2017.10.28,260,54224
远中风华园(公寓) 2室2厅 114.53平米,2017.10.27,1280,111762
南阳小区 1室0厅 42平米,2017.10.27,390,92858
静安丽舍 3室2厅 123.59平米,2017.10.26,1000,80913
慈爱公寓 3室2厅 119.65平米,2017.10.25,875,73130
静安新城二区 1室1厅 50.16平米,2017.10.25,290,57815
益民公寓 3室2厅 149.12平米,2017.10.24,920,61696
康海大楼 2室2厅 120.24平米,2017.10.22,890,74019
静安新城七区 1室1厅 45.07平米,2017.10.21,282,62570
君御豪庭 2室2厅 115.4平米,2017.10.20,1300,112652
中行小区 1室0厅 28.51平米,2017.10.20,297,104174
静安新城十一区 2室1厅 61.25平米,2017.10.18,361.5,59021
长城小区 2室0厅 51.91平米,2017.10.15,387,74553
姚西小区 1室0厅 28.74平米,2017.10.14,237,82464
皇家公寓(公寓) 3室2厅 148.56平米,2017.10.13,1080,72698
武定西路1474弄 1室1厅 42.85平米,2017.10.12,370,86348
达安花园 2室2厅 102.41平米,2017.10.12,840,82024
新江大楼 1室0厅 36.11平米,2017.10.11,310,85849
延平路237弄 1室0厅 33.77平米,2017.10.11,415,122891
静安新城一区 2室1厅 68.9平米,2017.10.10,335,48622
骏豪国际 1室1厅 39.69平米,2017.10.10,305,76846
海关二村 2室1厅 52.84平米,2017.10.09,470,88948
金家巷西弄 1室0厅 33.66平米,2017.09.30,435,129234
达安花园 1室2厅 65.86平米,2017.09.30,575,87307
达安花园 4室2厅 177.28平米,2017.09.30,1400,78972
远中风华园(公寓) 2室2厅 134.96平米,2017.09.29,1332,98696
新丰小区 2室0厅 44.6平米,2017.09.29,305,68386
骏豪国际 1室1厅 49.11平米,2017.09.29,369,75138
欣安大厦 2室2厅 150.73平米,2017.09.28,840,55729
三乐新村 1室1厅 38.92平米,2017.09.28,345,88644
南长苑 2室1厅 61.63平米,2017.09.27,450,73017
美丽园公寓 3室2厅 196.81平米,2017.09.27,1000,50811
胶州大厦 1室2厅 78平米,2017.09.25,505,64744
静安新城七区 1室1厅 45.07平米,2017.09.24,286,63457
艾格美国际公寓 2室2厅 139.58平米,2017.09.24,1330,95286
鑫康苑 3室2厅 134.05平米,2017.09.24,950,70870
南阳小区 2室0厅 66.6平米,2017.09.23,533,80031
申田大楼 2室0厅 59.69平米,2017.09.23,512,85777
南阳小区 2室0厅 66.6平米,2017.09.23,533,80031
上海壹街区 2室2厅 124.6平米,2017.09.22,1160,93098
远中风华园(公寓) 1室2厅 73.67平米,2017.09.20,820,111308
静安新城二区 1室1厅 49.09平米,2017.09.17,272,55409
静安紫苑 1室1厅 43.05平米,2017.09.17,391,90825
君子兰公寓 2室2厅 121.31平米,2017.09.16,730,60177
良清公寓 1室1厅 47.68平米,2017.09.16,366,76762
蓝朝部落 1室0厅 24.45平米,2017.09.16,271,110839
达安锦园 2室2厅 72.64平米,2017.09.16,780,107379
静安阳光名都 1室1厅 46.38平米,2017.09.13,418,90126
静安晶华园 3室2厅 137.8平米,2017.09.12,1200,87083
高荣小区 1室1厅 31.84平米,2017.09.10,318,99875
骏豪国际 1室1厅 50.96平米,2017.09.10,360,70644
三义坊 1室0厅 27.36平米,2017.09.10,271,99050
中凯城市之光(静安) 2室1厅 80.57平米,2017.09.08,730,90605
三乐新村 1室1厅 21.9平米,2017.09.07,190,86758
三乐新村 1室1厅 21.9平米,2017.09.07,190,86758
达安花园 2室2厅 89.45平米,2017.09.05,800,89436
姚西小区 2室0厅 47.41平米,2017.09.04,405,85426
金家巷小区 2室1厅 59.32平米,2017.09.04,577,97270
陕西北路597弄 1室1厅 32.64平米,2017.09.03,372,113971
静安新城八区 2室2厅 90.23平米,2017.09.03,570,63172
长城小区 1室1厅 37.01平米,2017.09.03,300,81060
巨鹿路516弄 1室0厅 33.64平米,2017.09.03,343.4,102081
愚园路488弄 1室1厅 39平米,2017.08.30,320,82052
静安新城五区 1室1厅 51平米,2017.08.29,296,58040
金家巷小区 1室1厅 34.18平米,2017.08.27,420,122879
静安新城七区 1室1厅 45.07平米,2017.08.26,273,60573
镇宁路404弄 2室1厅 44.6平米,2017.08.26,350,78476
国际丽都城 5室2厅 334平米,2017.08.25,3400,101797
怡乐花园 2室2厅 110.56平米,2017.08.25,1000,90449
新福康里(公寓) 3室2厅 82.99平米,2017.08.23,890,107242
三乐新村 1室0厅 33平米,2017.08.23,251,76061
姚西小区 1室0厅 29.82平米,2017.08.22,268,89873
胶州路11弄 1室1厅 37.27平米,2017.08.22,335,89885
京西大楼 2室1厅 54.84平米,2017.08.22,500,91175
愚园路488弄 1室1厅 40.68平米,2017.08.21,333,81859
鸿力公寓 2室2厅 106.38平米,2017.08.21,822,77271
上海壹街区 1室2厅 61.59平米,2017.08.19,660,107161
中行小区 3室0厅 52.85平米,2017.08.19,387,73227
静安新城十区 2室1厅 66.16平米,2017.08.19,345,52147
静安新城四区 1室1厅 56.93平米,2017.08.15,313.5,55068
静安新格公寓 2室1厅 48.61平米,2017.08.14,600,123432
静安新城四区 1室1厅 56.93平米,2017.08.13,288,50589
国际丽都城 4室2厅 200.07平米,2017.08.13,2480,123957
静安新城五区 2室1厅 66.32平米,2017.08.12,369,55640
常德路948弄 1室1厅 31.99平米,2017.08.12,286.5,89560
丽都新贵 1室1厅 68.89平米,2017.08.11,348,50516
瀚林世家 3室2厅 144.49平米,2017.08.10,1270,87896
赵家桥小区 1室0厅 46.44平米,2017.08.10,446,96038
幸福老公寓 2室2厅 70.29平米,2017.08.08,545,77536
锦安公寓 2室1厅 72.58平米,2017.08.07,606,83495
静安阳光名都 3室2厅 129.89平米,2017.08.06,1200,92386
君悦静安 1室1厅 34.99平米,2017.08.05,430,122893
静安四季苑 2室2厅 109.77平米,2017.08.05,1360,123896
泰府名邸 2室2厅 118.19平米,2017.08.05,1220,103224
君子兰公寓 3室2厅 188.12平米,2017.08.03,870,46248
马克思公寓 2室2厅 67.68平米,2017.08.02,710,104906
爱文坊 1室0厅 35.46平米,2017.08.01,342,96447
新丰小区 1室0厅 32.55平米,2017.08.01,259,79570
东海园 3室2厅 172.17平米,2017.07.31,1500,87124
爱文坊 1室1厅 34.35平米,2017.07.30,410,119360
静安新城七区 2室2厅 74.68平米,2017.07.29,505,67622
静安枫景苑 3室2厅 130.43平米,2017.07.29,1515,116155
升平小区 1室0厅 26.35平米,2017.07.29,280,106262
达安锦园 2室2厅 98.22平米,2017.07.28,848,86337
静安风华苑 4室2厅 133.05平米,2017.07.28,1355,101842
顺德苑 2室2厅 105.5平米,2017.07.27,893,84645
丽都新贵 1室1厅 68.89平米,2017.07.26,350,50806
静安晶华园 1室1厅 58.76平米,2017.07.25,732,124575
静安晶华园 1室1厅 57.65平米,2017.07.24,744,129055
国际丽都城 2室2厅 127.95平米,2017.07.24,1478,115514
静安新城十区 2室1厅 66.16平米,2017.07.24,340,51391
三和花园 2室1厅 75.77平米,2017.07.23,780,102944
高荣小区 2室0厅 49.05平米,2017.07.23,441,89909
静安河滨花园 2室2厅 116.98平米,2017.07.22,920,78646
昌平路427-439号(单) 2室1厅 61.42平米,2017.07.22,510,83035
静安新城十区 2室1厅 66.7平米,2017.07.21,340,50975
艾格美国际公寓 1室1厅 67.66平米,2017.07.20,660,97547
光明小区 1室1厅 41.34平米,2017.07.16,355,85874
静安晶华园 1室1厅 59.13平米,2017.07.16,770,130222
康海大楼 2室2厅 102.88平米,2017.07.16,880,85537
静安新城四区 2室2厅 81.74平米,2017.07.10,470,57500
达安城 1室0厅 39.51平米,2017.07.10,407,103012
联华公寓 2室1厅 53.41平米,2017.07.10,500,93616
静安新城一区 2室1厅 62.82平米,2017.07.09,360,57307
嘉园 2室2厅 87.51平米,2017.07.08,820,93704
新丰小区 2室1厅 53.91平米,2017.07.08,375,69561
四和花园 3室2厅 94.63平米,2017.07.05,808,85386
升平小区 1室0厅 33.43平米,2017.07.04,340,101700
嘉园 3室2厅 192.24平米,2017.07.03,1570,81669
静安晶华园 2室1厅 72.03平米,2017.07.02,862,119673
永昌大厦 1室2厅 77.63平米,2017.07.01,540,69561
蓝朝部落 1室0厅 32.76平米,2017.07.01,330,100733
君御豪庭 2室2厅 117.22平米,2017.06.30,1330,113462
金家巷西弄 1室0厅 35.04平米,2017.06.28,450,128425
香樟花园 3室2厅 117.46平米,2017.06.28,935,79602
康海大楼 3室2厅 131.74平米,2017.06.26,1083,82208
静安城 3室2厅 130.89平米,2017.06.25,880,67233
燃琨公寓 3室0厅 113.51平米,2017.06.25,1250,110123
晋元里 3室1厅 65.13平米,2017.06.24,450,69093
静安新城八区 2室2厅 96.93平米,2017.06.24,600,61901
上海壹街区 3室2厅 124.27平米,2017.06.23,1180,94955
静安新城七区 1室1厅 45.07平米,2017.06.22,310,68782
长城小区 1室1厅 37.92平米,2017.06.22,347,91509
静安新城十一区 1室1厅 48.68平米,2017.06.20,265,54438
静安艺阁 1室2厅 77平米,2017.06.20,760,98702
国际丽都城 3室2厅 173.56平米,2017.06.20,2100,120996
静安晶华园 2室2厅 72.03平米,2017.06.18,790,109677
威海路888弄 1室1厅 42.63平米,2017.06.17,388,91016
富民公寓 2室1厅 80.99平米,2017.06.16,850,104952
三和花园 3室2厅 154.91平米,2017.06.16,1128,72817
蓝朝部落 1室0厅 34平米,2017.06.16,290,85295
威海路590弄 2室1厅 48.96平米,2017.06.16,595,121528
达安花园 3室2厅 162.39平米,2017.06.15,1450,89292
华业小区 3室2厅 162.4平米,2017.06.15,1388,85468
三鑫花苑 3室2厅 163.74平米,2017.06.15,1546,94418
康乐大楼(静安) 2室0厅 47.17平米,2017.06.15,428,90736
常德路430号 2室1厅 60平米,2017.06.15,555,92500
延安西路421弄 1室1厅 46.5平米,2017.06.14,420,90323
南长苑 1室0厅 32.85平米,2017.06.14,328,99848
达安花园 3室2厅 135.99平米,2017.06.14,1145,84198
骏豪国际 1室0厅 59.06平米,2017.06.13,500,84660
爱文坊 2室1厅 54.84平米,2017.06.10,543.5,99107
蓝朝部落 1室0厅 31.38平米,2017.06.08,328,104526
又一村(静安) 1室0厅 24.5平米,2017.06.08,315,128572
海关二村 1室1厅 35.39平米,2017.06.07,315,89009
巨富大厦 3室2厅 220.25平米,2017.06.07,1400,63565
昌化路600弄 1室0厅 27平米,2017.06.06,210,77778
静安新城七区 3室2厅 115.12平米,2017.06.06,695,60372
远中风华园(公寓) 1室2厅 76.27平米,2017.06.06,850,111447
远中风华园(公寓) 3室2厅 159.16平米,2017.06.05,1850,116236
达安锦园 2室2厅 96.14平米,2017.06.04,780,81132
长乐路930弄 1室1厅 41.78平米,2017.06.01,368,88081
静安新城八区 2室1厅 68.07平米,2017.05.31,435,63905
静安豪景苑 2室2厅 115.7平米,2017.05.29,1400,121003
静安新城十一区 2室1厅 55.32平米,2017.05.27,328,59292
上海壹街区 1室2厅 73.66平米,2017.05.27,725,98426
国际丽都城 2室2厅 120.94平米,2017.05.27,1330,109972
众乐小区 1室0厅 30.3平米,2017.05.27,315,103961
静安阳光名都 2室2厅 95.52平米,2017.05.27,854,89406
又一村(静安) 2室1厅 67.49平米,2017.05.26,566,83865
高荣小区 2室1厅 49.17平米,2017.05.26,448,91113
远中风华园(公寓) 3室2厅 167.09平米,2017.05.26,2000,119696
培兴小区 2室1厅 73.51平米,2017.05.25,460,62577
泰府名邸 2室2厅 124.33平米,2017.05.24,1240,99735
静安新城四区 1室1厅 59.13平米,2017.05.23,358.8,60680
爱文坊 2室0厅 51.75平米,2017.05.21,490,94686
姚西小区 2室0厅 54.03平米,2017.05.21,362,67000
三和花园 4室2厅 197.28平米,2017.05.21,1740,88200
静安新城四区 2室1厅 73.68平米,2017.05.21,450,61075
国际丽都城 2室2厅 118.42平米,2017.05.21,1368,115522
达安锦园 3室2厅 130.95平米,2017.05.21,1275,97366
爱俪轩 2室1厅 117.39平米,2017.05.20,660,56223
高荣小区 1室1厅 47.6平米,2017.05.20,426,89496
三和花园 3室2厅 130.91平米,2017.05.19,870,66458
泰府名邸 3室2厅 157.63平米,2017.05.18,1400,88816
四和花园 1室0厅 36.81平米,2017.05.18,455,123608
四和花园 1室0厅 36.81平米,2017.05.18,470,127683
静安均泰丽轩 2室2厅 116.27平米,2017.05.16,1266,108885
又一村(静安) 1室1厅 31.47平米,2017.05.16,400,127106
达安花园 2室2厅 94.08平米,2017.05.14,812,86310
高荣小区 1室0厅 34.06平米,2017.05.12,308,90429
静鼎安邦府邸(公寓) 4室2厅 268.24平米,2017.05.07,1970,73442
静安豪景苑 2室2厅 115.78平米,2017.05.06,1398,120747
静安新城一区 1室1厅 49.2平米,2017.05.06,302.5,61484
良清公寓 3室1厅 100.29平米,2017.05.06,760,75781
静安豪景苑 2室2厅 115.7平米,2017.05.05,1350,116682
静安新城四区 2室1厅 72.45平米,2017.05.05,240,33127
达安花园 2室2厅 96.55平米,2017.05.05,785,81306
静安新城二区 2室1厅 66.22平米,2017.05.05,375,56630
四方新城 1室2厅 74.96平米,2017.05.04,790,105390
美丽园大酒店 1室0厅 45.71平米,2017.05.04,160,35004
静安新格公寓 2室1厅 48.61平米,2017.05.04,605,124460
众乐小区 2室1厅 61.67平米,2017.05.04,568,92104
静安紫苑 1室2厅 50.9平米,2017.05.04,420,82515
嘉天汇 3室2厅 190.16平米,2017.05.04,2405,126473
句容小区 1室0厅 33.23平米,2017.05.03,260,78243
骏豪国际 1室1厅 50.95平米,2017.05.03,375,73602
天鼎花园 2室2厅 108.38平米,2017.05.02,850,78428
静安紫苑 1室0厅 43.24平米,2017.05.02,390,90195
美丽园大酒店 1室0厅 46.28平米,2017.04.30,163,35221
静安新城二区 2室1厅 58.93平米,2017.04.29,343,58205
静安新城七区 3室2厅 138.19平米,2017.04.28,910,65852
延平路462弄 1室0厅 34.66平米,2017.04.28,300,86556
王家沙花苑 2室2厅 84.37平米,2017.04.28,688,81546
达安城 1室1厅 50.81平米,2017.04.28,540,106279
新丰小区 1室1厅 42.06平米,2017.04.27,331.6,78840
静安花苑(二) 2室2厅 85.41平米,2017.04.27,550,64396
化工小区(静安) 1室1厅 41.31平米,2017.04.27,422,102155
南阳小区 1室1厅 41.9平米,2017.04.26,410,97853
德安大厦 2室1厅 107.65平米,2017.04.26,750,69671
骏豪国际 1室1厅 50.95平米,2017.04.25,360,70658
骏豪国际 1室1厅 55平米,2017.04.24,500,90910
蓝朝部落 1室0厅 24.85平米,2017.04.23,272.7,109739
华纺小区 2室0厅 53.57平米,2017.04.22,410,76536
静安新城三区 2室1厅 70.79平米,2017.04.22,385,54387
万航渡路433弄 1室1厅 42.04平米,2017.04.20,410,97527
曼克顿豪庭 3室2厅 154.6平米,2017.04.20,1430,92497
延安西路394弄 2室2厅 74.91平米,2017.04.19,580,77427
静安新城四区 2室2厅 86.05平米,2017.04.19,500,58106
沪中新苑 2室2厅 94.85平米,2017.04.19,820,86453
高荣小区 2室1厅 76.16平米,2017.04.18,500,65652
国际丽都城 1室2厅 79.33平米,2017.04.18,880,110930
达安花园 3室2厅 134.69平米,2017.04.17,1110,82412
高荣小区 2室0厅 58.73平米,2017.04.16,468,79687
上海壹街区 1室1厅 44.02平米,2017.04.16,465,105634
静安新城四区 1室1厅 56.26平米,2017.04.16,323,57413
静安新城一区 2室2厅 77.06平米,2017.04.16,410,53206
静安城 2室2厅 114.19平米,2017.04.16,873,76452
长乐路672弄 3室2厅 146.9平米,2017.04.15,1610,109599
静安新城一区 1室1厅 48.41平米,2017.04.15,280,57840
延平路446弄 1室1厅 36.67平米,2017.04.15,300,81811
静安新城四区 2室1厅 63.91平米,2017.04.15,360,56330
静安新城一区 1室1厅 48.41平米,2017.04.15,280,57840
长乐路672弄 3室2厅 146.9平米,2017.04.15,1610,109599
静安枫景苑 2室2厅 105.39平米,2017.04.14,1280,121454
延安中路955弄 1室0厅 30.54平米,2017.04.14,305,99870
君悦静安 1室1厅 51.53平米,2017.04.13,505,98002
静安豪景苑 1室1厅 72.48平米,2017.04.11,840,115895
静安新城四区 1室1厅 56.93平米,2017.04.09,310,54453
句容小区 1室1厅 37.04平米,2017.04.09,296.5,80049
静安新城四区 1室1厅 56.26平米,2017.04.09,305,54213
美丽园大酒店 1室0厅 49.15平米,2017.04.09,145,29502
达安城 1室1厅 50.81平米,2017.04.09,540,106279
胶州教师公寓 2室2厅 87.86平米,2017.04.08,640,72844
远中风华园(公寓) 1室2厅 66.02平米,2017.04.08,800,121176
静安枫景苑 3室3厅 283.73平米,2017.04.07,2550,89875
远中风华园(公寓) 1室2厅 73.67平米,2017.04.07,835,113344
国际丽都城 2室2厅 120.94平米,2017.04.05,1155,95502
静安新城八区 2室1厅 68.31平米,2017.04.04,420,61485
四和花园 2室1厅 75.73平米,2017.04.03,745,98376
静安新城十一区 2室1厅 66.35平米,2017.04.01,360,54258
达安河畔雅苑 2室2厅 96.35平米,2017.04.01,675,70058
静安新城五区 2室1厅 73.69平米,2017.03.31,360,48854
静安新城十区 2室2厅 69.89平米,2017.03.31,398,56947
静安新城四区 2室2厅 102.54平米,2017.03.30,580,56564
静安豪景苑 2室2厅 115.78平米,2017.03.30,1320,114010
嘉发大厦 3室2厅 134.6平米,2017.03.29,750,55721
静安新城十区 1室1厅 48.93平米,2017.03.29,296,60495
静安新城三区 2室1厅 70.44平米,2017.03.29,400,56786
金家巷小区 2室1厅 58.61平米,2017.03.29,530,90429
嘉发大厦 3室2厅 134.6平米,2017.03.29,750,55721
静安新城三区 2室1厅 65.01平米,2017.03.28,360,55377
沧州大楼 2室1厅 56.8平米,2017.03.27,560,98592
静安豪景苑 2室2厅 116.16平米,2017.03.26,1370,117941
海关二村 1室1厅 39.09平米,2017.03.26,345,88258
静安新城四区 2室1厅 65.02平米,2017.03.26,355,54599
静安新城十一区 1室1厅 48.68平米,2017.03.25,290,59573
静安新城十区 2室1厅 66.78平米,2017.03.25,378,56604
海关二村 2室1厅 51.29平米,2017.03.25,449,87542
云海苑 2室2厅 135.86平米,2017.03.25,1295,95319
上海壹街区 2室1厅 66.02平米,2017.03.25,640,96941
三和花园 3室2厅 123.83平米,2017.03.25,1038,83825
静安新城三区 1室1厅 50.18平米,2017.03.25,302,60184
四和花园 2室1厅 60.52平米,2017.03.22,605,99967
君悦静安 1室1厅 45.38平米,2017.03.22,400,88145
达安花园 3室2厅 135.36平米,2017.03.22,300,22164
达安花园 1室2厅 66.25平米,2017.03.22,575,86793
森凯苑 1室1厅 71.36平米,2017.03.22,670,93891
余姚路311号 1室1厅 42.75平米,2017.03.22,325,76024
森凯苑 1室1厅 71.36平米,2017.03.22,670,93891
静安新城三区 1室1厅 50.43平米,2017.03.21,271,53738
国际丽都城 4室2厅 192.78平米,2017.03.21,2300,119307
静安新城十区 2室1厅 65.72平米,2017.03.20,373,56756
培兴小区 2室0厅 51.42平米,2017.03.20,423,82264
静安新城五区 1室1厅 53.15平米,2017.03.19,317,59643
静安新城一区 2室1厅 86.74平米,2017.03.19,385,44386
古柏小区 1室1厅 48.17平米,2017.03.18,490,101724
静安新城十区 1室1厅 51.49平米,2017.03.18,300,58264
胶州教师公寓 2室2厅 87.86平米,2017.03.18,680,77396
富民路22弄 1室0厅 31.73平米,2017.03.18,310,97700
万春小区 1室0厅 34.31平米,2017.03.17,310,90353
静安紫苑 1室1厅 50.9平米,2017.03.17,418,82122
静安新城五区 1室1厅 45.07平米,2017.03.17,305,67673
巨鹿路785弄 1室1厅 46.27平米,2017.03.14,420,90772
南汇路22弄 4室3厅 339.7平米,2017.03.13,4000,117751
远中风华园(公寓) 2室2厅 129.36平米,2017.03.12,1300,100495
东海园 1室2厅 72.38平米,2017.03.12,850,117436
达安城 2室2厅 93.97平米,2017.03.11,688,73215
中行小区 1室1厅 42.59平米,2017.03.11,320,75136
云海苑 2室2厅 141.15平米,2017.03.10,1420,100603
百乐门小区 2室1厅 51.71平米,2017.03.10,465,89925
达安城 3室2厅 132.27平米,2017.03.10,950,71823
静安枫景苑 2室2厅 105.75平米,2017.03.10,1223,115651
静安新城三区 2室1厅 70.55平米,2017.03.08,380,53863
静安新城八区 3室2厅 121.08平米,2017.03.07,670,55336
国际丽都城 4室2厅 202.14平米,2017.03.06,2180,107847
沪中新苑 3室2厅 114.63平米,2017.03.05,905,78950
静安新城五区 1室1厅 61.01平米,2017.03.05,370,60646
骏豪国际 1室1厅 40.5平米,2017.03.04,290,71605
静安新城四区 2室1厅 65.02平米,2017.03.04,348,53522
静安新城二区 1室1厅 49.35平米,2017.03.04,290,58764
静安新城十一区 2室1厅 60.4平米,2017.03.02,353,58444
静安新城五区 1室1厅 47.15平米,2017.02.26,305,64688
静安新城三区 2室1厅 60.51平米,2017.02.25,318,52554
静安均泰丽轩 3室2厅 152.72平米,2017.02.24,1030,67444
静安国际广场 3室2厅 141.44平米,2017.02.23,1160,82014
升平小区 1室0厅 32.57平米,2017.02.21,328,100707
华通大厦 3室2厅 138.51平米,2017.02.20,343,24764
静安新城二区 1室1厅 43.02平米,2017.02.20,275,63924
蓝朝部落 1室1厅 34平米,2017.02.19,310,91177
静安长华公寓 3室2厅 145.54平米,2017.02.19,740,50846
静安新城七区 3室2厅 125.51平米,2017.02.18,735,58562
静安长华公寓 3室2厅 150.3平米,2017.02.16,770,51231
蓝朝部落 1室0厅 29.82平米,2017.02.16,265,88867
达安城 2室2厅 84.19平米,2017.02.15,720,85521
静安晶华园 2室2厅 111.55平米,2017.02.11,1000,89646
大德公寓 3室2厅 171.24平米,2017.02.11,850,49638
君御豪庭 2室2厅 121.35平米,2017.02.11,1200,98888
静安新城五区 2室1厅 61.67平米,2017.02.10,322,52214
静安新城十一区 1室1厅 48.68平米,2017.02.10,275,56492
静安新城二区 1室1厅 43.25平米,2017.02.10,287,66359
茂名公寓 1室0厅 31.33平米,2017.02.07,320,102139
句容小区 1室1厅 39.77平米,2017.02.05,315,79206
达安城 1室1厅 62.4平米,2017.02.04,555,88943
天鼎花园 2室2厅 124.76平米,2017.02.03,870,69734
国际丽都城 2室2厅 113.21平米,2017.01.24,1348,119071
国际丽都城 2室2厅 113.21平米,2017.01.22,1310,115715
江苏路65弄 2室0厅 52.61平米,2017.01.21,395,75081
静安新城四区 1室1厅 56.93平米,2017.01.21,318,55859
九歌中庭 1室1厅 37平米,2017.01.20,150,40541
君悦静安 1室1厅 42.13平米,2017.01.20,375,89011
皇家公寓(公寓) 3室2厅 144.66平米,2017.01.19,1080,74658
静安新城一区 1室1厅 43.61平米,2017.01.18,270,61913
远中风华园(公寓) 1室2厅 76.27平米,2017.01.17,808,105940
静安新城五区 1室1厅 53.15平米,2017.01.16,313,58890
静安新城一区 2室1厅 58.92平米,2017.01.15,320,54311
万航渡路713号 1室0厅 32.09平米,2017.01.14,280,87255
静安豪景苑 3室2厅 141.06平米,2017.01.13,1685,119453
大德公寓 3室2厅 160.06平米,2017.01.11,915,57167
美丽园大酒店 1室0厅 51.54平米,2017.01.10,138,26776
美丽园大酒店 1室0厅 51.54平米,2017.01.10,138,26776
京西大楼 1室0厅 33.4平米,2017.01.09,285,85330
静安新城七区 1室2厅 74.17平米,2017.01.07,530,71458
镇宁路404弄 1室1厅 39.17平米,2017.01.07,290,74037
骏豪国际 1室1厅 40.5平米,2017.01.07,333,82223
幸福老公寓 1室1厅 39.39平米,2017.01.06,335,85047
丽都新贵 1室1厅 87.37平米,2017.01.04,480,54939
静安新格公寓 1室1厅 48.36平米,2017.01.04,440,90985
骏豪国际 1室1厅 50.54平米,2017.01.03,362,71627
上海壹街区 3室2厅 135.04平米,2017.01.03,1260,93306
静安新城五区 --室--厅 78.79平米,2015.03.23,236,29954
静安新城十一区 --室--厅 48.68平米,2015.03.21,143,29376
静安新城八区 --室--厅 68.31平米,2015.03.05,230,33671
静安新城七区 --室--厅 123.61平米,2015.02.10,372,30095
静安新城一区 --室--厅 68.27平米,2015.02.09,200,29296
静安新城十一区 --室--厅 78.36平米,2015.02.08,229,29225
静安新城七区 --室--厅 45.07平米,2015.02.07,158,35057
静安新城十一区 --室--厅 65.91平米,2015.01.12,169,25642
静安新城二区 --室--厅 65.35平米,2015.01.12,209,31982
静安新城一区 --室--厅 68.64平米,2015.01.09,195,28410
静安新城十一区 --室--厅 84.08平米,2015.01.05,240,28545
静安新城三区 --室--厅 70.55平米,2014.12.28,217,30759
静安新城十一区 --室--厅 65.91平米,2014.12.28,174,26400
静安新城十一区 --室--厅 60.53平米,2014.12.27,155,25608
静安新城一区 --室--厅 72.44平米,2014.12.23,188,25953
静安新城八区 --室--厅 89.91平米,2014.12.20,309,34368
静安新城十区 --室--厅 63.13平米,2014.12.20,165.5,26216
静安新城七区 --室--厅 122.93平米,2014.12.15,395,32133
静安新城十区 --室--厅 70.66平米,2014.12.12,218,30852
静安新城四区 --室--厅 81.78平米,2014.12.11,180,22011
静安新城八区 --室--厅 89.55平米,2014.12.10,308.8,34484
静安花苑(二) --室--厅 89.2平米,2014.12.05,283,31727
静安新城四区 --室--厅 79.59平米,2014.12.03,230,28899
静安新城十区 --室--厅 60.22平米,2014.12.01,175,29061
静安新城五区 --室--厅 48.55平米,2014.11.30,130,26777
静安新城二区 --室--厅 59.25平米,2014.11.26,170,28692
静安新城五区 --室--厅 66.45平米,2014.11.26,204,30700
静安新城十一区 --室--厅 61.29平米,2014.11.23,150,24474
静安新城五区 --室--厅 52.84平米,2014.11.23,149,28199
静安新城三区 --室--厅 70.55平米,2014.11.16,186,26365
静安新城十区 --室--厅 70.91平米,2014.11.15,200,28205
静安新城十区 --室--厅 66.17平米,2014.11.09,184,27808
静安新城四区 --室--厅 72.45平米,2014.10.27,202.5,27951
静安新城五区 --室--厅 47.15平米,2014.10.23,129.5,27466
静安新城三区 --室--厅 70.44平米,2014.10.19,206,29245
静安新城十一区 --室--厅 66.35平米,2014.10.12,155,23361
静安新城四区 --室--厅 61.41平米,2014.10.08,170,27683
静安新城七区 --室--厅 79.45平米,2014.09.17,168,21146
静安新城十区 --室--厅 69.89平米,2014.09.12,197,28188
静安新城七区 --室--厅 48.46平米,2014.09.11,145,29922
静安新城五区 --室--厅 44.77平米,2014.08.09,128.8,28770
静安新城五区 --室--厅 50.38平米,2014.08.06,160,31759
静安新城八区 --室--厅 89.78平米,2014.08.02,307,34195
静安新城一区 --室--厅 58.92平米,2014.08.02,153.5,26053
静安新城四区 --室--厅 102.54平米,2014.07.14,313,30525
静安新城七区 --室--厅 94.32平米,2014.07.06,306,32443
静安新城十二区 --室--厅 76.05平米,2014.07.05,232.5,30572
静安新城五区 --室--厅 53.15平米,2014.06.26,153.5,28881
静安新城九区 --室--厅 80.18平米,2014.06.22,239,29808
静安新城十区 --室--厅 67.08平米,2014.06.08,190.4,28385
静安新城三区 --室--厅 70.79平米,2014.05.27,219,30937
静安新城四区 --室--厅 65.2平米,2014.05.18,171,26227
静安新城七区 --室--厅 130.56平米,2014.05.11,405,31021
静安新城十区 --室--厅 66.32平米,2014.05.11,179.4,27048
静安新城四区 --室--厅 56.93平米,2014.05.04,153.5,26963
静安新城八区 --室--厅 88.87平米,2014.05.03,312,35108
未知小区 --室--厅 101.33平米,2014.04.28,248,24475
静安新城七区 --室--厅 45.07平米,2014.04.26,155.2,34436
静安新城四区 --室--厅 71.99平米,2014.04.20,210,29171
静安新城八区 --室--厅 89.91平米,2014.04.15,290,32255
静安新城四区 --室--厅 78.67平米,2014.04.15,240,30508
静安新城二区 --室--厅 49.78平米,2014.04.10,147,29530
静安新城十一区 --室--厅 66.35平米,2014.04.09,189,28486
静安新城五区 --室--厅 48.55平米,2014.04.08,149,30691
静安新城九区 --室--厅 51.38平米,2014.04.04,150,29195
静安新城五区 --室--厅 51.22平米,2014.03.22,149,29091
静安新城五区 --室--厅 53.15平米,2014.03.22,140,26341
静安新城三区 --室--厅 50.35平米,2014.03.09,150.8,29951
静安新城一区 --室--厅 61.96平米,2014.03.08,182,29374
静安新城三区 --室--厅 70.55平米,2014.03.07,195.4,27697
静安新城五区 --室--厅 82.75平米,2014.03.03,241,29124
静安新城八区 --室--厅 89.01平米,2014.03.02,298,33480
静安新城四区 --室--厅 62.94平米,2014.02.23,170,27010
静安新城四区 --室--厅 65.2平米,2014.02.23,168,25767
静安新城五区 --室--厅 70.4平米,2014.02.22,217,30824
静安新城一区 --室--厅 47.95平米,2014.02.22,137,28572
静安新城五区 --室--厅 47.54平米,2014.02.16,140,29449
静安新城三区 --室--厅 65.01平米,2014.01.13,192,29534
静安新城一区 --室--厅 71.5平米,2014.01.13,198,27693
静安新城十一区 --室--厅 61.29平米,2014.01.05,180,29369
静安新城十二区 --室--厅 56.02平米,2013.12.31,161.5,28829
静安新城五区 --室--厅 50.93平米,2013.12.23,144,28275
静安新城五区 --室--厅 49.53平米,2013.12.18,135.5,27358
九歌中庭 --室--厅 36.49平米,2013.12.10,80,21924
静安新城五区 --室--厅 66.2平米,2013.12.08,200,30212
静安新城四区 --室--厅 62.86平米,2013.11.30,170.1,27051
静安新城五区 --室--厅 66.68平米,2013.11.24,175,26245
静安新城三区 --室--厅 50.09平米,2013.11.17,139,27751
静安新城三区 --室--厅 70.55平米,2013.10.31,210,29767
静安新城四区 --室--厅 65.02平米,2013.10.29,180,27684
静安新城四区 --室--厅 64.61平米,2013.10.18,169.3,26204
静安新城四区 --室--厅 81.39平米,2013.10.04,235,28874
静安新城一区 --室--厅 45.52平米,2013.09.27,117,25703
静安新城四区 --室--厅 123.9平米,2013.09.25,258,20824
静安新城五区 --室--厅 50.68平米,2013.09.24,122.5,24172
静安新城三区 --室--厅 60.51平米,2013.09.15,162.8,26905
静安新城一区 --室--厅 45.52平米,2013.09.07,117,25703
静安新城一区 --室--厅 71.5平米,2013.09.01,188,26294
静安新城五区 --室--厅 66.94平米,2013.07.22,180,26890
静安新城五区 --室--厅 53.39平米,2013.07.21,138,25848
静安新城三区 --室--厅 66.91平米,2013.07.09,147.5,22045
静安新城五区 --室--厅 48.55平米,2013.07.06,124,25541
静安新城四区 --室--厅 63.88平米,2013.06.04,163,25517
静安新城十区 --室--厅 51.49平米,2013.05.31,137,26608
静安新城四区 --室--厅 56.26平米,2013.05.24,138,24529
静安新城五区 --室--厅 51.12平米,2013.05.18,132,25822
静安新城十一区 --室--厅 65.91平米,2013.04.16,164,24883
静安新城五区 --室--厅 66.55平米,2013.03.28,176.5,26522
静安新城五区 --室--厅 52.57平米,2013.03.23,144.5,27488
静安新城七区 --室--厅 137.7平米,2013.03.20,400,29049
静安新城五区 --室--厅 54.32平米,2013.03.15,134.5,24761
静安新城一区 --室--厅 49.2平米,2013.03.14,109,22155
静安新城十区 --室--厅 66.78平米,2013.03.04,168,25158
静安新城四区 --室--厅 86.05平米,2013.03.04,178,20686
静安新城三区 --室--厅 44.67平米,2013.02.25,114,25521
静安新城十一区 --室--厅 61.29平米,2013.02.25,148,24148
静安新城三区 --室--厅 70.79平米,2013.02.24,161,22744
静安新城十一区 --室--厅 66.06平米,2013.02.24,157,23767
静安新城五区 --室--厅 53.79平米,2013.02.20,121,22495
静安新城十区 --室--厅 65.66平米,2013.02.01,129,19647
静安新城十二区 --室--厅 75.42平米,2013.01.26,188.5,24994
