宣武门西大街 1室1厅 42.9平米,2018/03,609.5,142075
宣武门西大街 2室1厅 55.42平米,2018/03,555,100145
民康胡同30号院 4室1厅 142平米,2018/03,1630,114789
华远北街 1室1厅 48平米,2018/03,646,134584
宣武门西大街 3室1厅 84.5平米,2018/03,1170,138462
宣武门西大街 2室0厅 54.99平米,2018/03,517,94018
京畿道 1室1厅 46平米,2018/02,688,149566
宣武门西大街 2室1厅 54.99平米,2018/02,512,93108
民康胡同30号院 1室1厅 48平米,2018/02,602,125417
宣武门西大街 3室1厅 81.35平米,2018/02,732,89982
新文化街 1室1厅 49.4平米,2018/02,550,111337
石灯胡同6号院 1室1厅 33.9平米,2018/02,487,143658
宣武门西大街 2室1厅 51.99平米,2018/02,510,98096
羊肉胡同120号院 1室1厅 41.5平米,2018/02,520,125302
宣武门西大街 2室0厅 47.42平米,2018/01,446,94054
二龙路 2室1厅 60.9平米,2018/01,900,147784
宏汇园小区 4室1厅 198.1平米,2018/01,2370,119637
金宸国际公寓 2室2厅 127.25平米,2018/01,1380,108448
佟麟阁路62号院 1室1厅 49.9平米,2018/01,650,130261
宣武门西大街 1室1厅 37.79平米,2018/01,365,96587
新文化街 2室1厅 61.2平米,2018/01,795,129902
羊肉胡同120号院 1室1厅 41.5平米,2017/12,515,124097
佟麟阁路62号院 1室1厅 49.7平米,2017/12,680,136821
佟麟阁路62号院 2室1厅 59.8平米,2017/12,872,145820
新文化街 1室1厅 39.9平米,2017/12,560,140351
参政胡同19号院 1室1厅 41.1平米,2017/12,602,146473
民康胡同30号院 2室1厅 58.4平米,2017/12,672,115069
西城晶华 1室1厅 88.62平米,2017/12,1200,135410
太平桥大街 1室1厅 44.5平米,2017/11,551,123821
宣武门西大街 3室1厅 63.2平米,2017/11,561,88766
西斜街 3室1厅 62.5平米,2017/11,930,148800
宣武门西大街 2室0厅 54.25平米,2017/11,512,94378
宣武门西大街 2室1厅 63.41平米,2017/11,595,93834
民康胡同30号院 2室1厅 76.8平米,2017/11,850,110678
宣武门西大街 2室1厅 58.9平米,2017/11,810,137522
宣武门西大街 2室1厅 50.39平米,2017/11,477.6,94781
民康胡同30号院 3室1厅 91平米,2017/10,985,108242
宣武门西大街 2室1厅 63.41平米,2017/10,660,104085
中京几道 3室1厅 70.6平米,2017/10,1032,146176
新文化街 2室1厅 62.5平米,2017/10,742,118720
宣武门西大街 3室0厅 63.2平米,2017/10,560,88608
民康胡同30号院 2室1厅 50.1平米,2017/09,587.5,117266
新文化街 3室1厅 86.3平米,2017/09,936,108459
新文化街 3室1厅 76.9平米,2017/09,1025,133290
中京几道 2室1厅 62.6平米,2017/09,930,148563
宣武门西大街 2室0厅 46.98平米,2017/09,465,98979
宣武门西大街 3室0厅 68.32平米,2017/08,700,102460
宣武门西大街 2室1厅 60.97平米,2017/08,595.5,97671
新文化街 2室1厅 53.1平米,2017/08,670,126178
宣武门西大街 2室1厅 51.99平米,2017/07,520,100020
宣武门西大街 2室1厅 63.2平米,2017/07,570,90190
新文化街 2室1厅 136.6平米,2017/07,1500,109810
羊肉胡同120号院 3室1厅 81.7平米,2017/07,960,117504
宣武门西大街 1室1厅 31.86平米,2017/07,400,125550
砖塔胡同86号院 2室1厅 52.7平米,2017/06,738,140038
新文化街 2室1厅 65.2平米,2017/06,838,128528
京畿道 2室1厅 89.9平米,2017/06,1275,141825
宣武门西大街 2室0厅 42.22平米,2017/06,455,107769
新文化街 2室1厅 61平米,2017/06,750,122951
宣武门西大街 2室0厅 50.48平米,2017/06,545,107964
宣武门西大街 3室1厅 85.15平米,2017/05,800,93952
新文化街 1室1厅 49.4平米,2017/05,700,141701
参政胡同19号院 2室1厅 64平米,2017/05,790,123438
宣武门西大街 2室1厅 60.37平米,2017/04,730,120921
新文化街 3室1厅 81.3平米,2017/04,920,113162
宣武门西大街 3室1厅 64.89平米,2017/04,790,121745
宣武门西大街 2室1厅 63.2平米,2017/04,720,113925
宣武门西大街 2室0厅 48.13平米,2017/04,620,128818
新文化街 2室1厅 61.2平米,2017/04,808,132027
宣武门西大街 3室1厅 89.1平米,2017/03,1238,138946
民康胡同30号院 2室1厅 75平米,2017/03,960,128000
宣武门西大街 2室1厅 49.69平米,2017/03,635,127793
羊肉胡同120号院 2室1厅 61.3平米,2017/03,660,107668
新文化街 1室1厅 51.4平米,2017/03,728,141635
太平桥大街 2室1厅 65.9平米,2017/03,831,126101
民康胡同30号院 4室2厅 142平米,2017/03,1980,139437
新文化街 2室1厅 61.2平米,2017/03,830,135621
兵马司胡同6号院 3室1厅 86.6平米,2017/03,1267,146305
宣武门西大街 2室0厅 50.85平米,2017/03,643,126451
新融苑 2室2厅 111.1平米,2017/03,1380,124213
宣武门西大街 2室0厅 45.92平米,2017/03,620,135018
华远北街 3室1厅 82.7平米,2017/03,1100,133011
民康胡同30号院 2室1厅 61.1平米,2017/03,860,140753
砖塔胡同78号院 3室1厅 84.7平米,2017/03,890,105077
宣武门西大街 3室0厅 61.85平米,2017/03,748,120938
华远北街 2室1厅 71.7平米,2017/03,1020,142260
石灯胡同6号院 2室1厅 52.5平米,2017/03,765,145715
新文化街 1室1厅 42.3平米,2017/02,606,143263
教育街 2室1厅 64.9平米,2017/02,900,138675
宣武门西大街 2室0厅 54.25平米,2017/02,538,99171
羊肉胡同120号院 3室1厅 81.8平米,2017/02,997,121883
羊肉胡同120号院 1室1厅 41.1平米,2017/02,549.8,133772
新文化街 2室1厅 67.3平米,2017/02,848,126003
西城晶华 2室1厅 49.6平米,2017/02,225,45363
西城晶华 1室0厅 77.29平米,2017/02,1045,135206
华远北街 1室1厅 57.2平米,2017/02,840,146854
教育街 2室1厅 64.9平米,2017/02,800,123267
宣武门西大街 2室0厅 50.26平米,2017/02,555,110426
教育街 2室1厅 54.5平米,2017/02,743,136331
宣武门西大街 3室1厅 69.1平米,2017/02,998,144429
新文化街 2室1厅 55.5平米,2017/02,750,135136
宣武门西大街 2室0厅 49.99平米,2017/02,540,108022
新文化街 2室1厅 73.7平米,2017/01,830,112619
石灯胡同6号院 3室1厅 69.1平米,2017/01,940,136035
宣武门西大街 2室1厅 60.87平米,2017/01,585,96107
宣武门西大街 2室1厅 43.19平米,2017/01,445,103034
宣武门西大街 1室1厅 37.46平米,2017/01,410,109451
石灯胡同6号院 3室1厅 69.1平米,2017/01,960,138930
太平桥大街 1室1厅 50.3平米,2017/01,620,123261
华远北街 2室1厅 71.7平米,2017/01,960,133892
新文化街 3室1厅 81.3平米,2017/01,910,111932
宣武门西大街 2室1厅 56.21平米,2017/01,575,102295
宣武门西大街 2室1厅 61.48平米,2017/01,566,92063
羊肉胡同120号院 2室1厅 61.3平米,2017/01,730,119087
宣武门西大街 2室1厅 58.62平米,2017/01,560,95531
二龙路 2室1厅 65.3平米,2017/01,955,146249
羊肉胡同120号院 1室1厅 40.6平米,2017/01,460,113301
太平桥大街 2室1厅 64.6平米,2017/01,759,117493
宣武门西大街 2室0厅 48.52平米,2017/01,450,92746
新文化街 1室1厅 51.4平米,2017/01,602,117121
西城晶华 2室2厅 116.41平米,2017/01,1600,137446
佟麟阁路62号院 1室1厅 47.5平米,2016/12,640,134737
宣武门西大街 2室1厅 59.82平米,2016/12,558,93280
太平桥大街 2室1厅 61.5平米,2016/12,720,117074
京畿道 2室1厅 71平米,2016/12,990,139437
京畿道 2室1厅 70.7平米,2016/12,975,137907
京畿道 2室1厅 58.1平米,2016/12,855,147161
宣武门西大街 1室1厅 60.14平米,2016/12,602,100100
新文化街 2室1厅 55.5平米,2016/12,652,117478
华远北街 3室0厅 69.4平米,2016/12,878,126513
新文化街 2室1厅 59.3平米,2016/12,750,126476
华远北街 2室1厅 71.7平米,2016/12,850,118550
宣武门西大街 2室0厅 47.92平米,2016/12,440,91820
西城晶华 3室2厅 154.16平米,2016/12,1930,125195
宣武门西大街 2室1厅 56.4平米,2016/12,800,141844
京畿道 3室1厅 78.6平米,2016/12,1160,147583
二龙路 2室1厅 60.9平米,2016/12,862,141544
中海凯旋 3室2厅 154.61平米,2016/12,2180,141000
宏汇园小区 2室1厅 67.18平米,2016/12,788,117297
宣武门西大街 3室1厅 89.1平米,2016/12,1230,138048
新文化街 1室1厅 42.3平米,2016/12,600,141844
太平桥大街 1室1厅 50.3平米,2016/12,550,109344
羊肉胡同120号院 1室1厅 43.6平米,2016/12,473,108487
北京尊府 2室2厅 127平米,2016/11,1725,135827
长安兴融中心 1室1厅 76.08平米,2016/11,800,105153
宣武门西大街 2室1厅 46.38平米,2016/11,498,107374
羊肉胡同120号院 1室0厅 41.1平米,2016/11,460,111923
宣武门西大街 2室1厅 50.79平米,2016/11,465,91554
宣武门西大街 3室1厅 84.5平米,2016/11,1106,130888
新文化街 3室1厅 84平米,2016/11,911,108453
羊肉胡同120号院 2室1厅 61.3平米,2016/11,645,105221
宣武门西大街 2室0厅 43.68平米,2016/11,408,93407
宣武门西大街 2室1厅 63.2平米,2016/11,590,93355
宣武门西大街 2室0厅 52平米,2016/11,450,86539
新文化街 3室1厅 103平米,2016/11,1495,145146
教育街 2室1厅 55.2平米,2016/10,690,125000
宣武门西大街 3室0厅 64.89平米,2016/10,639,98475
二龙路 2室1厅 60.9平米,2016/10,844,138588
中京几道 2室1厅 58.4平米,2016/10,835,142980
砖塔胡同86号院 3室1厅 99.5平米,2016/10,800,80403
丰汇园小区 2室2厅 118.8平米,2016/10,1680,141415
羊肉胡同120号院 1室1厅 40.8平米,2016/10,468,114706
新文化街 2室1厅 68平米,2016/10,792,116471
京畿道 3室1厅 113.4平米,2016/10,1448,127690
宣武门西大街 2室0厅 48.73平米,2016/10,467,95835
宣武门西大街 1室1厅 42.79平米,2016/10,395,92312
丰侨公寓 2室2厅 125.13平米,2016/10,1750,139855
宣武门西大街 2室1厅 63.2平米,2016/10,529,83703
丰汇园小区 3室3厅 156.8平米,2016/10,2200,140307
京畿道 2室1厅 58.7平米,2016/09,870,148212
丰侨公寓 1室0厅 67.66平米,2016/09,998,147503
羊肉胡同120号院 3室1厅 76.4平米,2016/09,809,105891
华远北街 2室1厅 71.7平米,2016/09,850,118550
羊肉胡同120号院 2室1厅 61平米,2016/09,642,105246
西城晶华 1室1厅 76.51平米,2016/09,1025,133970
二龙路 2室1厅 60.9平米,2016/09,835,137111
西城晶华 2室2厅 94.53平米,2016/09,1126,119116
宣武门西大街 2室0厅 50.85平米,2016/09,440,86530
新文化街 3室1厅 77.8平米,2016/09,1035,133034
京畿道 1室1厅 46平米,2016/09,680,147827
新文化街 3室1厅 84.3平米,2016/09,1260,149467
京畿道 3室1厅 102.9平米,2016/09,1300,126337
丰盛胡同 3室1厅 68.62平米,2016/09,930,135530
丰侨公寓 2室2厅 138.45平米,2016/09,1850,133623
丰汇园小区 2室2厅 101.9平米,2016/09,1500,147204
兵马司胡同6号院 3室0厅 85.6平米,2016/09,997,116472
二龙路 2室1厅 60.9平米,2016/09,798,131035
二龙路 2室1厅 60.9平米,2016/09,825,135468
京畿道 2室1厅 57.8平米,2016/09,850,147059
羊肉胡同120号院 1室1厅 43.6平米,2016/09,450,103212
二龙路 2室1厅 60.9平米,2016/09,825,135468
宣武门西大街 1室1厅 42.22平米,2016/09,418,99006
宣武门西大街 2室0厅 59平米,2016/09,523,88645
宣武门西大街 2室1厅 49.99平米,2016/09,425,85018
宏汇园小区 3室1厅 85.7平米,2016/09,1285,149942
京畿道 2室1厅 56.7平米,2016/09,820,144621
宣武门西大街 1室0厅 33.99平米,2016/09,370,108856
新文化街 2室1厅 66平米,2016/09,765,115910
丰汇园小区 2室1厅 64平米,2016/09,930,145313
云梯胡同 2室1厅 47.9平米,2016/09,679,141754
新文化街 1室1厅 43.7平米,2016/09,546,124943
西城晶华 3室2厅 150.18平米,2016/09,2096,139566
鲍家街 3室1厅 77.7平米,2016/09,1165,149936
北京尊府 1室1厅 65.1平米,2016/09,935,143626
宏汇园小区 3室1厅 91平米,2016/09,1190,130770
民康胡同30号院 1室1厅 53.3平米,2016/09,578,108443
新文化街 1室1厅 42.3平米,2016/08,526,124350
宏英园小区 3室1厅 90.88平米,2016/08,1300,143046
教育街 2室1厅 74平米,2016/08,691,93379
宏英园小区 2室1厅 76.15平米,2016/08,1100,144452
宣武门西大街 2室1厅 63平米,2016/08,510,80953
羊肉胡同120号院 2室1厅 60平米,2016/08,622,103667
鲍家街 2室1厅 71平米,2016/08,1010,142254
西城晶华 2室1厅 94.53平米,2016/08,1152,121867
宣武门西大街 2室0厅 50.26平米,2016/08,430,85556
宣武门西大街 2室1厅 43.68平米,2016/08,368,84250
丰汇园小区 2室1厅 70.1平米,2016/08,996,142083
宣武门西大街 2室0厅 51.41平米,2016/08,407,79168
宣武门西大街 2室0厅 46.01平米,2016/08,393,85417
宣武门西大街 2室0厅 50.48平米,2016/08,448,88749
羊肉胡同120号院 1室1厅 42.7平米,2016/08,433,101406
羊肉胡同120号院 1室0厅 43.6平米,2016/08,415,95184
宣武门西大街 2室0厅 52平米,2016/08,435,83654
宣武门西大街 2室0厅 38.92平米,2016/08,338,86845
丰汇园小区 3室1厅 70.1平米,2016/08,950,135521
民康胡同30号院 1室1厅 48.4平米,2016/08,480,99174
丰汇园小区 2室1厅 66.3平米,2016/08,925,139518
京畿道 1室2厅 69.4平米,2016/08,800,115274
京畿道 1室1厅 46平米,2016/08,646,140435
京畿道 3室1厅 61.7平米,2016/08,845,136953
佟麟阁路62号院 1室1厅 49.7平米,2016/08,580,116701
京畿道 2室1厅 57.9平米,2016/08,799,137997
京畿道 2室1厅 57.8平米,2016/08,788,136333
新文化街 1室1厅 43.5平米,2016/08,510,117242
宣武门西大街 2室0厅 57.69平米,2016/08,442,76617
佟麟阁路62号院 1室1厅 42.8平米,2016/08,530,123832
教育街 1室1厅 39.8平米,2016/08,435,109297
宣武门西大街 3室0厅 63.2平米,2016/08,508,80380
丰汇园小区 3室2厅 177.8平米,2016/08,2530,142295
京畿道 1室1厅 41.4平米,2016/08,618,149276
京畿道 1室1厅 39.1平米,2016/08,582,148850
鲍家街 1室1厅 37.8平米,2016/08,560,148149
丰汇园小区 2室2厅 122.3平米,2016/08,1820,148815
宣武门西大街 1室0厅 41.7平米,2016/08,586,140528
二龙路 2室1厅 60.9平米,2016/08,780,128079
丽华苑 3室1厅 111.19平米,2016/08,1360,122314
新文化街 3室1厅 74.1平米,2016/07,1000,134953
丰盛胡同 2室1厅 58.46平米,2016/07,825,141123
二龙路 2室1厅 65.3平米,2016/07,778,119143
宏汇园小区 2室1厅 65.4平米,2016/07,945,144496
宣武门西大街 3室1厅 81.35平米,2016/07,645,79288
民康胡同30号院 2室1厅 58.4平米,2016/07,550,94179
宣武门西大街 2室1厅 60.85平米,2016/07,510,83813
京畿道 1室1厅 46平米,2016/07,620,134783
新文化街 3室1厅 77.7平米,2016/07,1150,148006
丰侨公寓 1室0厅 64.78平米,2016/07,915,141248
丰汇园小区 2室2厅 65.5平米,2016/07,982.5,150000
石灯胡同6号院 2室1厅 49.6平米,2016/07,660,133065
民康胡同30号院 1室1厅 48.2平米,2016/07,482,100000
宏汇园小区 2室1厅 71平米,2016/07,1015,142958
中海凯旋 1室1厅 80.11平米,2016/07,1184,147797
新文化街 1室1厅 43.5平米,2016/07,495,113794
丰汇园小区 2室1厅 65平米,2016/07,945,145385
云梯胡同 2室1厅 54.3平米,2016/07,738,135912
太平桥大街 1室1厅 50.3平米,2016/07,448,89066
宣武门西大街 2室0厅 60.14平米,2016/07,488,81144
新文化街 2室1厅 67.3平米,2016/07,919,136553
二龙路 2室1厅 65.3平米,2016/07,760,116386
丰汇园小区 2室1厅 64.9平米,2016/07,948,146071
新文化街 2室1厅 56.7平米,2016/07,850,149912
宣武门西大街 1室1厅 42.9平米,2016/07,585,136364
丰侨公寓 1室1厅 67.66平米,2016/07,902,133314
宏汇园小区 2室1厅 72.9平米,2016/07,980,134431
宣武门西大街 1室1厅 42.9平米,2016/07,588,137063
丰汇园小区 1室1厅 56.65平米,2016/07,828,146161
宣武门西大街 2室0厅 50平米,2016/07,385,77000
京畿道 1室1厅 39.1平米,2016/07,580,148338
丽华苑 1室1厅 53.04平米,2016/07,770,145174
新文化街 3室1厅 74.1平米,2016/07,1006,135763
丰侨公寓 1室1厅 69.31平米,2016/07,980,141394
丰汇园小区 2室1厅 65.5平米,2016/07,965,147329
宏汇园小区 2室1厅 77.8平米,2016/06,1050,134962
二龙路 2室1厅 65.5平米,2016/06,800,122138
新文化街 2室1厅 57.6平米,2016/06,860,149306
宣武门西大街 1室1厅 43.43平米,2016/06,318,73222
长安兴融中心 3室2厅 156.53平米,2016/06,1300,83052
石灯胡同6号院 2室0厅 43.5平米,2016/06,599.5,137817
丰盛胡同 2室1厅 50.35平米,2016/06,730,144986
西城晶华 3室2厅 152.42平米,2016/06,1690,110878
粉子胡同30号院 4室1厅 96.9平米,2016/06,1320,136223
羊肉胡同120号院 1室1厅 41.5平米,2016/06,415,100000
粉子胡同30号院 4室1厅 96.9平米,2016/06,1285,132611
砖塔胡同78号院 3室1厅 82.1平米,2016/06,690,84044
宣武门西大街 1室1厅 42.9平米,2016/06,578,134732
参政胡同19号院 2室1厅 62.6平米,2016/06,730,116614
华远北街 1室1厅 54.9平米,2016/06,585,106558
新文化街 3室1厅 92.94平米,2016/06,1290,138800
羊肉胡同120号院 1室1厅 41.5平米,2016/06,430,103615
新文化街 1室1厅 43.5平米,2016/06,460,105748
中京几道 1室1厅 40.2平米,2016/06,535,133085
北京尊府 1室1厅 65.1平米,2016/05,883,135638
宣武门西大街 3室1厅 69.1平米,2016/05,715,103474
宣武门西大街 2室1厅 50.79平米,2016/05,420,82694
宣武门西大街 2室1厅 50.21平米,2016/05,375,74687
新文化街 2室1厅 57.7平米,2016/05,860,149047
丰侨公寓 1室1厅 58.36平米,2016/05,850,145648
宣武门西大街 2室1厅 66.3平米,2016/05,788,118854
宣武门西大街 1室1厅 43.46平米,2016/05,345,79384
丰融园 3室2厅 166.2平米,2016/05,2450,147413
粉子胡同30号院 3室0厅 61.8平米,2016/05,865,139968
新文化街 2室1厅 69.6平米,2016/05,1040,149426
中海凯旋 2室2厅 117.48平米,2016/05,1420,120872
中京几道 2室1厅 57.8平米,2016/05,740,128028
宣武门西大街 1室1厅 42.9平米,2016/05,550,128206
尚座大厦 3室1厅 169.09平米,2016/05,1090,64463
新文化街 2室1厅 57.9平米,2016/04,865,149396
民康胡同30号院 2室1厅 64.5平米,2016/04,600,93024
鲍家街 1室1厅 44.3平米,2016/04,600,135441
宣武门西大街 2室1厅 50.79平米,2016/04,366,72062
粉子胡同30号院 2室1厅 52.7平米,2016/04,775,147059
京畿道 2室2厅 85.9平米,2016/04,950,110594
参政胡同19号院 2室1厅 64平米,2016/04,765,119532
新文化街 2室1厅 61.9平米,2016/04,885,142973
丰汇园小区 2室1厅 74.6平米,2016/04,1020,136730
太平桥大街 2室1厅 61.8平米,2016/04,620,100324
宣武门西大街 1室1厅 45.59平米,2016/04,358,78526
石灯胡同6号院 1室1厅 33.9平米,2016/04,505,148968
太平桥大街 2室1厅 66.3平米,2016/04,687.5,103696
宏汇园小区 3室1厅 77.6平米,2016/03,960,123712
宣武门西大街 2室1厅 54.05平米,2016/03,435,80482
丰侨公寓 1室1厅 75.26平米,2016/03,980,130216
京畿道 2室2厅 78.8平米,2016/03,950,120559
新文化街 3室1厅 86.6平米,2016/03,968,111779
西城晶华 3室2厅 149.49平米,2016/03,1780,119072
宣武门西大街 2室1厅 58.75平米,2016/03,465,79149
宏汇园小区 1室1厅 52.5平米,2016/03,782,148953
宣武门西大街 2室0厅 54.25平米,2016/03,420,77420
佟麟阁路62号院 1室1厅 47平米,2016/03,548,116596
砖塔胡同78号院 3室0厅 87.9平米,2016/03,690,78499
丰侨公寓 1室1厅 67.74平米,2016/03,950,140243
宏汇园小区 2室1厅 73.5平米,2016/03,1020,138776
宏汇园小区 1室1厅 50.4平米,2016/03,221,43850
宣武门西大街 2室1厅 66.3平米,2016/03,713,107542
宏汇园小区 3室1厅 90平米,2016/03,1180,131112
新文化街 2室1厅 59.3平米,2016/03,630,106240
长安兴融中心 1室1厅 76.08平米,2016/03,725,95295
宣武门西大街 2室0厅 50.26平米,2016/03,371,73817
二龙路 2室1厅 65.5平米,2016/03,790,120611
京畿道 1室1厅 39.1平米,2016/03,550,140665
宏汇园小区 2室1厅 69平米,2016/03,920,133334
西城晶华 2室2厅 94.53平米,2016/03,1050,111076
宣武门西大街 1室1厅 42.9平米,2016/03,542.5,126457
宣武门西大街 2室1厅 50.34平米,2016/03,424,84228
新文化街 3室1厅 77.7平米,2016/03,1040,133849
丰汇园小区 2室1厅 66.6平米,2016/03,976,146547
宣武门西大街 1室1厅 39平米,2016/03,512,131283
头发胡同 1室0厅 19.5平米,2016/03,260,133334
宣武门西大街 2室0厅 55.29平米,2016/03,425,76868
西斜街 2室1厅 56.1平米,2016/03,780,139038
华远北街 2室1厅 69.4平米,2016/03,780,112392
丰汇园小区 2室2厅 104平米,2016/03,1480,142308
羊肉胡同120号院 2室1厅 52.2平米,2016/03,260,49809
华远北街 3室1厅 82.8平米,2016/03,750,90580
羊肉胡同120号院 1室1厅 41.5平米,2016/02,411,99037
京畿道 1室1厅 44.6平米,2016/02,598,134081
京畿道 1室1厅 46平米,2016/02,639,138914
宣武门西大街 1室1厅 39.55平米,2016/02,258,65234
宣武门西大街 2室0厅 47.19平米,2016/02,360,76288
京畿道 1室1厅 41.4平米,2016/02,595,143720
京畿道 1室1厅 46平米,2016/02,640,139131
华远北街 2室1厅 71.7平米,2016/02,710,99024
石灯胡同6号院 1室1厅 33.9平米,2016/02,480,141593
新文化街 2室1厅 55.5平米,2016/02,660,118919
佟麟阁路62号院 2室1厅 74.1平米,2016/02,740,99866
丽华苑 2室2厅 100.32平米,2016/02,1210,120615
羊肉胡同120号院 1室1厅 41.1平米,2016/02,407,99027
华远北街 2室1厅 69.4平米,2016/02,690,99424
宏汇园小区 2室1厅 65.6平米,2016/02,980,149391
民康胡同30号院 1室1厅 48平米,2016/02,415,86459
宣武门西大街 3室1厅 69.1平米,2016/02,672,97251
宏英园小区 3室1厅 106.48平米,2016/02,562,52780
丰侨公寓 3室2厅 304.73平米,2016/02,3840,126014
宣武门西大街 2室0厅 54.39平米,2016/02,299,54974
宏汇园小区 1室1厅 58.9平米,2016/02,750,127335
羊肉胡同120号院 3室1厅 78.3平米,2016/01,682,87101
丰汇园小区 1室1厅 51.1平米,2016/01,760,148728
丰汇园小区 1室1厅 51.1平米,2016/01,760,148728
宏汇园小区 2室1厅 65.4平米,2016/01,888,135780
粉子胡同30号院 2室1厅 52.7平米,2016/01,708,134346
宣武门西大街 2室1厅 63.2平米,2016/01,384,60760
新文化街 2室1厅 74平米,2016/01,998,134865
丰盛胡同 2室1厅 50.52平米,2016/01,660,130642
太平桥大街 3室1厅 80.8平米,2016/01,668,82674
京畿道 2室1厅 50.1平米,2016/01,600,119761
宏汇园小区 2室1厅 70.5平米,2016/01,950,134752
京畿道 1室1厅 46平米,2016/01,548,119131
京畿道 3室2厅 104.2平米,2016/01,1030,98849
新文化街 1室1厅 39.9平米,2016/01,479,120051
丰汇园小区 2室1厅 58.8平米,2016/01,800,136055
宣武门西大街 2室0厅 60.14平米,2016/01,421,70004
宣武门西大街 3室1厅 72.48平米,2016/01,500,68985
羊肉胡同120号院 2室1厅 61.3平米,2016/01,550,89723
丰侨公寓 1室1厅 75.26平米,2016/01,905,120250
丰汇园小区 3室2厅 200.9平米,2016/01,2500,124441
受水河胡同 1室0厅 20.35平米,2016/01,264,129730
宣武门西大街 2室1厅 50.85平米,2016/01,330,64897
新文化街 2室1厅 56.7平米,2016/01,845,149030
粉子胡同30号院 3室2厅 96.9平米,2016/01,1180,121776
京畿道 1室1厅 44.6平米,2016/01,602,134978
宣武门西大街 2室1厅 66.3平米,2016/01,640,96531
新融苑 2室2厅 122.2平米,2016/01,900,73650
京畿道 1室1厅 41.4平米,2016/01,539,130194
宣武门西大街 1室0厅 43.46平米,2016/01,283,65118
石灯胡同6号院 1室1厅 34.6平米,2016/01,435,125723
羊肉胡同120号院 3室1厅 76.5平米,2016/01,640,83661
宣武门西大街 2室0厅 60.61平米,2016/01,364,60057
宣武门西大街 2室0厅 60.61平米,2016/01,364,60057
宣武门西大街 2室1厅 50.48平米,2016/01,360,71316
丰汇园小区 1室1厅 52.2平米,2016/01,713.5,136686
宣武门西大街 2室0厅 61.48平米,2015/12,368,59857
太平桥大街 1室1厅 50.3平米,2015/12,369,73360
西城晶华 1室1厅 73.27平米,2015/12,750,102362
西城晶华 3室2厅 139.76平米,2015/12,1700,121638
宣武门西大街 2室1厅 63.2平米,2015/12,395,62500
宣武门西大街 2室1厅 66.3平米,2015/12,668,100755
宣武门西大街 2室1厅 69.1平米,2015/12,720,104197
华远北街 2室1厅 71.7平米,2015/12,630,87867
宏英园小区 2室1厅 76.15平米,2015/12,867,113855
宣武门西大街 2室1厅 66.3平米,2015/12,658,99246
佟麟阁路62号院 1室1厅 45平米,2015/12,486,108000
北京尊府 1室1厅 65.1平米,2015/12,710,109063
京畿道 2室1厅 92.7平米,2015/12,980,105718
西城晶华 2室1厅 95.19平米,2015/12,1060,111357
西城晶华 1室0厅 77.29平米,2015/12,720,93156
砖塔胡同78号院 2室0厅 62.1平米,2015/12,380,61192
宣武门西大街 2室0厅 57.69平米,2015/12,313,54256
太平桥大街 1室1厅 44.5平米,2015/12,365,82023
宏汇园小区 2室1厅 63.3平米,2015/12,870,137441
教育街 3室1厅 75.9平米,2015/12,700,92227
砖塔胡同86号院 2室1厅 53.1平米,2015/12,418,78720
丰侨公寓 1室1厅 58.74平米,2015/12,815,138748
太平桥大街 2室1厅 64.6平米,2015/12,475,73530
华远北街 1室1厅 49.2平米,2015/12,510,103659
新文化街 1室1厅 40.6平米,2015/12,600,147784
西城晶华 2室2厅 94.53平米,2015/12,1020,107903
京畿道 1室1厅 41.4平米,2015/12,520,125604
丰汇园小区 2室2厅 118.13平米,2015/12,1450,122747
新文化街 2室1厅 61.5平米,2015/12,830,134960
宏英园小区 3室1厅 100.88平米,2015/12,1300,128866
石灯胡同6号院 2室0厅 43.5平米,2015/12,445,102299
华远北街 2室1厅 78.5平米,2015/12,644,82039
新文化街 2室1厅 61.2平米,2015/12,577.5,94363
西城晶华 2室2厅 102.65平米,2015/12,1075,104725
新文化街 2室1厅 57.7平米,2015/12,378,65512
太平桥大街 1室1厅 44.5平米,2015/12,340,76405
京畿道 1室1厅 44.6平米,2015/12,570,127803
华远北街 3室1厅 77.7平米,2015/12,800,102961
京畿道 1室1厅 41.4平米,2015/12,475,114735
佟麟阁路62号院 1室1厅 46.6平米,2015/12,483,103649
宏汇园小区 3室1厅 88.7平米,2015/12,980,110485
宏汇园小区 2室1厅 66平米,2015/11,905,137122
宣武门西大街 2室1厅 57.69平米,2015/11,308.5,53476
新文化街 2室1厅 69.6平米,2015/11,858,123276
宏汇园小区 3室1厅 86.8平米,2015/11,1075,123848
宣武门西大街 3室1厅 89.1平米,2015/11,800,89787
京畿道 3室1厅 77.8平米,2015/11,883,113497
宏汇园小区 2室1厅 72.9平米,2015/11,895,122771
宏汇园小区 1室1厅 50.4平米,2015/11,700,138889
宣武门西大街 2室0厅 54.25平米,2015/11,326,60093
新文化街 3室1厅 75.4平米,2015/11,619,82096
丰汇园小区 1室1厅 51.1平米,2015/11,666,130333
宣武门西大街 2室0厅 46.81平米,2015/11,306,65371
丰汇园小区 3室1厅 70.1平米,2015/11,828,118117
新文化街 3室2厅 103.1平米,2015/10,1136,110185
京畿道 1室1厅 40.8平米,2015/10,520,127451
西城晶华 1室0厅 77.28平米,2015/10,640,82816
宣武门西大街 1室0厅 37.79平米,2015/10,226,59805
华远北街 1室1厅 57.2平米,2015/10,495,86539
新文化街 3室1厅 77.2平米,2015/10,908,117617
云梯胡同 2室1厅 54.3平米,2015/10,615,113260
鲍家街 3室1厅 77.7平米,2015/10,820,105535
新融苑 2室2厅 111.1平米,2015/10,790,71108
新文化街 1室1厅 48.8平米,2015/10,630,129099
宏汇园小区 3室1厅 106.8平米,2015/10,1137,106461
新文化街 2室1厅 53.1平米,2015/10,700,131827
宣武门西大街 2室1厅 58.9平米,2015/10,590,100170
京畿道 2室1厅 71平米,2015/10,745,104930
金宸国际公寓 3室2厅 133.08平米,2015/10,926,69583
新融苑 2室1厅 111.1平米,2015/10,800,72008
宣武门西大街 2室1厅 60.37平米,2015/10,358,59301
丰汇园小区 2室1厅 57.3平米,2015/10,735,128273
宣武门西大街 2室0厅 50.85平米,2015/10,306,60177
宣武门西大街 2室1厅 58.9平米,2015/10,580,98472
金宸国际公寓 3室2厅 150.29平米,2015/10,1200,79846
新融苑 2室2厅 113.6平米,2015/10,815,71743
羊肉胡同120号院 3室1厅 76.5平米,2015/10,572,74772
宏英园小区 2室1厅 76.15平米,2015/10,780,102430
丰盛胡同 1室0厅 44.86平米,2015/10,556,123942
中海凯旋 3室2厅 154.95平米,2015/10,2000,129074
丰汇园小区 2室1厅 79.4平米,2015/10,1032,129975
宣武门西大街 2室0厅 49.69平米,2015/09,282,56752
长安兴融中心 1室1厅 76.53平米,2015/09,528,68993
华远北街 1室1厅 57.3平米,2015/09,500,87261
砖塔胡同78号院 4室0厅 107.7平米,2015/09,592,54968
新文化街 2室1厅 51.4平米,2015/09,400,77822
头发胡同 1室0厅 12.3平米,2015/09,143,116261
宣武门西大街 2室1厅 59.5平米,2015/09,570,95799
丰汇园小区 1室1厅 40.7平米,2015/09,557,136856
宣武门西大街 2室0厅 48.69平米,2015/09,280,57507
京畿道 2室1厅 53.2平米,2015/09,595,111843
新文化街 1室1厅 48.8平米,2015/09,648,132787
西城晶华 1室1厅 88.68平米,2015/09,814.8,91881
西城晶华 1室2厅 76.51平米,2015/09,768,100380
京畿道 1室1厅 41.4平米,2015/09,498,120290
新文化街 4室1厅 103平米,2015/09,1185,115049
鲍家街 2室1厅 56.4平米,2015/09,610,108157
新文化街 2室1厅 65.2平米,2015/09,623,95553
丰汇园小区 3室1厅 73.8平米,2015/09,960,130082
砖塔胡同86号院 2室1厅 53.1平米,2015/09,412,77590
新文化街 2室1厅 56.7平米,2015/09,740,130512
新文化街 1室1厅 49.7平米,2015/09,630,126761
宣武门西大街 1室1厅 42.9平米,2015/09,450,104896
宏汇园小区 1室1厅 52.5平米,2015/09,715,136191
粉子胡同30号院 2室1厅 52.7平米,2015/08,695,131879
宣武门西大街 2室1厅 50.34平米,2015/08,270,53636
太平桥大街 2室1厅 65.9平米,2015/08,450,68286
尚座大厦 2室2厅 132.51平米,2015/08,400,30187
宏汇园小区 1室1厅 54平米,2015/08,750,138889
丰汇园小区 1室0厅 46.9平米,2015/08,632,134755
长安兴融中心 1室1厅 53.71平米,2015/08,500,93093
宣武门西大街 2室1厅 55.85平米,2015/08,295,52821
石灯胡同6号院 1室1厅 33.9平米,2015/08,380,112095
二龙路 1室1厅 43.6平米,2015/08,500,114679
西城晶华 2室1厅 116.27平米,2015/08,1180,101488
羊肉胡同120号院 2室0厅 57.5平米,2015/08,410,71305
羊肉胡同120号院 3室1厅 81.6平米,2015/08,568,69608
宣武门西大街 3室1厅 84.5平米,2015/08,690,81657
石灯胡同6号院 2室0厅 50.5平米,2015/08,468,92674
丰汇园小区 2室1厅 66.3平米,2015/08,715,107844
西城晶华 1室1厅 75.18平米,2015/08,695,92445
新文化街 2室1厅 74平米,2015/08,832,112433
宣武门西大街 2室0厅 50.48平米,2015/08,296,58638
宣武门西大街 2室0厅 54.25平米,2015/08,305,56222
新文化街 2室1厅 57.6平米,2015/08,692,120139
丰汇园小区 1室1厅 54.2平米,2015/08,680,125462
云梯胡同 1室1厅 20.7平米,2015/08,309,149276
丽华苑 2室1厅 101.93平米,2015/08,1220,119690
京畿道 1室2厅 69.4平米,2015/08,645,92940
宣武门西大街 2室0厅 49.99平米,2015/08,269,53811
宣武门西大街 2室0厅 54.35平米,2015/08,286,52622
新文化街 2室1厅 57.6平米,2015/08,695,120660
丰汇园小区 1室1厅 54.2平米,2015/08,690,127307
教育街 2室1厅 64.9平米,2015/07,500,77042
丰汇园小区 1室1厅 47平米,2015/07,610,129788
新文化街 2室1厅 69.2平米,2015/07,490,70810
云梯胡同 3室1厅 68.5平米,2015/07,660,96351
新文化街 2室1厅 51.4平米,2015/07,394,76654
京畿道 1室1厅 39.1平米,2015/07,450,115090
新文化街 2室1厅 69.2平米,2015/07,515,74422
新文化街 3室1厅 76.2平米,2015/07,584,76641
宣武门西大街 2室0厅 49.35平米,2015/07,310,62817
宏汇园小区 2室1厅 65.4平米,2015/07,860,131499
丰汇园小区 1室1厅 51.1平米,2015/07,650,127202
宣武门西大街 2室1厅 49.99平米,2015/07,285,57012
宣武门西大街 1室0厅 37.46平米,2015/07,235,62734
粉子胡同30号院 3室1厅 96.9平米,2015/07,1000,103200
新文化街 3室1厅 53.7平米,2015/07,425,79144
宣武门西大街 2室0厅 47.19平米,2015/07,273.9,58042
西斜街 2室1厅 51.3平米,2015/07,648,126316
长安兴融中心 1室1厅 76.08平米,2015/07,490,64406
佟麟阁路62号院 1室1厅 49.9平米,2015/07,423,84770
宣武门西大街 2室1厅 66.3平米,2015/07,590,88990
西城晶华 2室2厅 116.41平米,2015/07,1020,87622
新文化街 2室2厅 89.03平米,2015/07,950,106706
丰侨公寓 1室1厅 64.02平米,2015/07,865,135115
金宸国际公寓 2室1厅 134.79平米,2015/07,1080,80125
西城晶华 1室1厅 73.14平米,2015/07,585,79984
丰汇园小区 1室0厅 56.65平米,2015/07,700,123566
佟麟阁路62号院 1室1厅 46.6平米,2015/07,385,82619
丰汇园小区 3室2厅 163.11平米,2015/07,1380,84606
丰融园 3室1厅 163.5平米,2015/07,2080,127218
羊肉胡同120号院 1室1厅 41.5平米,2015/07,280,67470
西斜街 2室1厅 51.3平米,2015/07,650,126706
西斜街 2室0厅 52.4平米,2015/07,636,121375
新文化街 1室1厅 49.7平米,2015/06,500,100604
鲍家街 2室1厅 60.7平米,2015/06,660,108732
尚座大厦 2室2厅 128.81平米,2015/06,630,48910
丰侨公寓 4室2厅 304.73平米,2015/06,2742.6,90000
宣武门西大街 2室0厅 50.48平米,2015/06,292,57845
丰汇园小区 1室1厅 51.1平米,2015/06,650,127202
宣武门西大街 2室0厅 57.69平米,2015/06,309,53563
宏汇园小区 1室1厅 52.2平米,2015/06,650,124522
北京尊府 1室1厅 65.1平米,2015/06,580,89094
新文化街 3室1厅 99.4平米,2015/06,980,98592
丰侨公寓 1室0厅 56.61平米,2015/06,750,132486
京畿道 3室0厅 77.1平米,2015/06,720,93386
佟麟阁路62号院 1室1厅 46.6平米,2015/06,416,89271
砖塔胡同78号院 3室1厅 82.1平米,2015/06,420,51158
佟麟阁路62号院 2室1厅 66.5平米,2015/06,515,77444
宣武门西大街 3室1厅 89.1平米,2015/06,660,74075
宣武门西大街 2室0厅 46.01平米,2015/06,262,56945
长安兴融中心 1室1厅 76.26平米,2015/06,488,63992
丰汇园小区 3室2厅 189.38平米,2015/06,1728,91246
新文化街 3室1厅 78.6平米,2015/06,776,98728
宣武门西大街 2室0厅 58.75平米,2015/06,356,60596
北京尊府 1室1厅 65.1平米,2015/06,605,92934
宣武门西大街 3室0厅 68.32平米,2015/06,379,55475
丰侨公寓 1室1厅 58.36平米,2015/06,680,116519
华远北街 2室2厅 82.7平米,2015/06,558,67473
宣武门西大街 2室1厅 59.6平米,2015/06,495,83054
太平桥大街 1室1厅 44.5平米,2015/06,300,67416
丰汇园小区 2室1厅 50.9平米,2015/06,625,122790
宏汇园小区 3室1厅 106.8平米,2015/06,1170,109551
新文化街 1室0厅 40.6平米,2015/05,515,126848
新文化街 2室1厅 107.15平米,2015/05,940,87728
新文化街 2室1厅 75.6平米,2015/05,720,95239
京畿道 3室2厅 98.7平米,2015/05,900,91186
云梯胡同 2室1厅 54.3平米,2015/05,596,109761
宣武门西大街 2室0厅 45.92平米,2015/05,251,54661
新文化街 2室1厅 69.6平米,2015/05,700,100575
中京几道 2室1厅 62.6平米,2015/05,513,81949
羊肉胡同120号院 2室1厅 61.3平米,2015/05,380,61991
长安兴融中心 1室1厅 76.08平米,2015/05,450,59149
羊肉胡同120号院 1室1厅 41.7平米,2015/05,240,57554
丰汇园小区 1室0厅 41.61平米,2015/05,510,122567
西斜街 2室1厅 52.4平米,2015/05,600,114504
京畿道 1室1厅 39.1平米,2015/05,440,112532
宣武门西大街 2室0厅 46.81平米,2015/05,243,51912
新文化街 2室1厅 73.7平米,2015/05,530,71914
北京尊府 1室1厅 65.01平米,2015/05,618,95063
华远北街 2室2厅 100.4平米,2015/05,659,65638
新文化街 2室1厅 61.9平米,2015/05,680,109855
丰汇园小区 3室2厅 147.8平米,2015/05,1230,83221
新文化街 3室1厅 77.2平米,2015/05,710,91969
鲍家街 1室1厅 37.8平米,2015/05,395,104498
教育街 2室1厅 60.2平米,2015/05,438.5,72841
西城晶华 1室2厅 88.63平米,2015/05,650,73339
新文化街 3室1厅 77.4平米,2015/05,662,85530
丰侨公寓 1室0厅 70.33平米,2015/05,765,108773
京畿道 2室1厅 56.7平米,2015/05,560,98766
新文化街 2室1厅 63.9平米,2015/05,425,66511
鲍家街 2室1厅 74.4平米,2015/05,740,99463
新文化街 3室1厅 82.6平米,2015/05,570,69008
新文化街 1室1厅 48.8平米,2015/05,539,110451
京畿道 1室1厅 41.4平米,2015/05,395,95411
宏汇园小区 1室1厅 50.4平米,2015/05,580,115080
华远北街 3室1厅 82.8平米,2015/05,553,66788
太平桥大街 1室1厅 44.5平米,2015/05,280,62922
兵马司胡同 2室1厅 56平米,2015/05,536,95715
新文化街 2室1厅 69.2平米,2015/05,448.2,64769
宣武门西大街 2室1厅 66.3平米,2015/05,477,71946
西城晶华 2室1厅 76.22平米,2015/05,510,66912
西城晶华 3室2厅 143.28平米,2015/05,1460,101899
丰汇园小区 3室1厅 137.1平米,2015/05,1108,80817
宏汇园小区 1室1厅 50.4平米,2015/05,595,118056
佟麟阁路62号院 2室1厅 74.1平米,2015/05,530,71525
佟麟阁路62号院 1室1厅 49.9平米,2015/04,350,70141
宏汇园小区 1室1厅 52.6平米,2015/04,600,114069
西城晶华 2室2厅 94.53平米,2015/04,750,79340
宏英园小区 2室1厅 76.15平米,2015/04,815,107026
西城晶华 2室2厅 94.53平米,2015/04,700,74051
宣武门西大街 1室1厅 41.7平米,2015/04,367,88010
宣武门西大街 2室1厅 59.45平米,2015/04,285,47940
宏汇园小区 2室2厅 78.5平米,2015/04,750,95542
长安兴融中心 1室1厅 79.08平米,2015/04,475,60066
西城晶华 1室1厅 89.33平米,2015/04,650,72764
丰侨公寓 1室0厅 35.38平米,2015/04,55,15546
新文化街 1室1厅 48.8平米,2015/04,500,102460
教育街 2室0厅 55.2平米,2015/04,385,69747
云梯胡同 1室0厅 15.12平米,2015/04,200,132276
丽华苑 2室1厅 100.32平米,2015/04,872,86922
丰侨公寓 2室2厅 140.29平米,2015/04,1300,92666
佟麟阁路62号院 1室1厅 42.8平米,2015/04,315,73599
二龙路 1室1厅 43.6平米,2015/04,413,94725
新文化街 2室1厅 68.4平米,2015/04,622,90936
宣武门西大街 3室0厅 63.2平米,2015/04,280,44304
丰汇园小区 2室2厅 85平米,2015/04,850,100000
丰汇园小区 2室1厅 76.5平米,2015/04,805,105229
新文化街 2室1厅 57.6平米,2015/04,550,95487
羊肉胡同 1室0厅 11.97平米,2015/04,139.8,116792
头发胡同 1室0厅 9.5平米,2015/04,133,140000
丰汇园小区 2室1厅 57.2平米,2015/04,590,103147
丰汇园小区 2室1厅 68.8平米,2015/04,680,98838
新文化街 2室1厅 50.1平米,2015/04,361,72056
宣武门西大街 2室0厅 50.48平米,2015/04,267,52893
丰侨公寓 1室1厅 57.08平米,2015/04,606,106167
宣武门西大街 2室1厅 59.9平米,2015/04,485,80969
西城晶华 1室1厅 88.63平米,2015/04,580,65441
宏汇园小区 1室1厅 52.2平米,2015/04,550,105364
丰侨公寓 1室0厅 70.35平米,2015/04,689,97939
丰汇园小区 2室2厅 151.8平米,2015/04,1240,81687
宣武门西大街 2室1厅 66.3平米,2015/04,450,67874
京畿道 2室1厅 50.1平米,2015/04,435,86827
佟麟阁路62号院 1室1厅 47平米,2015/04,364,77447
丰汇园小区 1室1厅 50.9平米,2015/04,505,99215
丰侨公寓 1室1厅 69.31平米,2015/04,652,94071
新文化街 3室1厅 74.1平米,2015/04,588,79353
佟麟阁路62号院 1室1厅 46.6平米,2015/04,320,68670
丰侨公寓 1室0厅 56.61平米,2015/04,610,107755
华远北街 3室1厅 82.8平米,2015/04,507,61232
宏汇园小区 1室1厅 59.2平米,2015/04,588,99325
宣武门西大街 1室1厅 41.7平米,2015/04,362.5,86931
二龙路 2室1厅 60.9平米,2015/04,500,82102
西城晶华 1室1厅 76.51平米,2015/03,592,77376
宣武门西大街 2室1厅 59.82平米,2015/03,298,49817
丰汇园小区 1室1厅 54.2平米,2015/03,500,92251
丰汇园小区 2室1厅 66.3平米,2015/03,585,88236
宣武门西大街 2室0厅 42.22平米,2015/03,226,53530
丰汇园小区 1室1厅 51.1平米,2015/03,500,97848
金宸国际公寓 2室1厅 133.08平米,2015/03,839,63045
京畿道 1室1厅 41.1平米,2015/03,380,92458
丰汇园小区 1室2厅 83.5平米,2015/03,830,99402
丰汇园小区 1室0厅 51.1平米,2015/03,507,99218
新文化街 2室1厅 74平米,2015/03,628,84865
西城晶华 2室2厅 131.31平米,2015/03,1150,87580
京畿道 2室1厅 77.1平米,2015/03,613,79508
宣武门西大街 2室1厅 43.68平米,2015/03,225,51511
丰汇园小区 2室1厅 51.5平米,2015/03,518,100583
丰汇园小区 3室2厅 171.2平米,2015/03,1250,73015
宣武门西大街 2室1厅 58.75平米,2015/03,305,51915
华远北街 2室1厅 71.7平米,2015/03,450,62762
丰融园 3室1厅 160.1平米,2015/03,1740,108683
宏汇园小区 2室1厅 73.5平米,2015/03,660,89796
新文化街 1室1厅 48.8平米,2015/03,500,102460
新文化街 3室1厅 86.6平米,2015/03,626,72287
宏汇园小区 1室1厅 52.2平米,2015/03,480,91955
新文化街 1室1厅 48.8平米,2015/03,480,98361
京畿道 2室1厅 58.1平米,2015/03,480,82617
二龙路 1室1厅 43.6平米,2015/02,399,91514
宣武门西大街 2室0厅 42.22平米,2015/02,182.6,43250
华远北街 1室1厅 48平米,2015/02,348,72500
新文化街 2室1厅 73.7平米,2015/02,449.6,61000
新文化街 2室1厅 74平米,2015/02,635,85811
新文化街 2室1厅 57.6平米,2015/02,485,84202
石灯胡同6号院 2室1厅 43.5平米,2015/02,380,87357
丰侨公寓 1室1厅 56.61平米,2015/02,550,97156
丰侨公寓 1室0厅 56.61平米,2015/02,600,105989
宣武门西大街 2室1厅 56.4平米,2015/02,395,70036
宏汇园小区 3室1厅 86.8平米,2015/02,820,94471
新文化街 1室1厅 49.7平米,2015/02,425,85514
京畿道 3室1厅 77.8平米,2015/02,540,69409
京畿道 1室1厅 41.4平米,2015/01,365,88165
丰侨公寓 2室2厅 137.69平米,2015/01,1036,75242
丰汇园小区 1室1厅 48.2平米,2015/01,483,100208
金龙公寓 3室2厅 126.47平米,2015/01,990,78280
丰汇园小区 3室2厅 109.8平米,2015/01,860,78325
新文化街 3室1厅 77.7平米,2015/01,648,83398
金龙公寓 2室2厅 113.5平米,2015/01,1000,88106
丽华苑 2室1厅 91.46平米,2015/01,920,100591
丰汇园小区 1室1厅 46.9平米,2015/01,471,100427
云梯胡同 3室0厅 68.5平米,2015/01,575,83942
丰汇园小区 1室1厅 52.3平米,2015/01,488,93308
丰侨公寓 2室2厅 137.69平米,2015/01,1045,75896
宣武门西大街 2室0厅 50.21平米,2015/01,253.5,50488
佟麟阁路62号院 1室1厅 49.7平米,2015/01,350,70423
佟麟阁路62号院 1室1厅 42.8平米,2015/01,333,77804
西城晶华 1室2厅 71.59平米,2015/01,520,72636
石灯胡同6号院 2室1厅 52.5平米,2015/01,400,76191
丰侨公寓 1室1厅 67.02平米,2015/01,565,84304
宏汇园小区 1室1厅 50平米,2015/01,486,97200
丰侨公寓 1室1厅 68.09平米,2015/01,550,80776
丰侨公寓 1室1厅 89.22平米,2014/12,670,75096
宣武门西大街 2室1厅 60.97平米,2014/12,280,45925
云梯胡同 3室1厅 71平米,2014/12,550,77465
新文化街 3室1厅 77.2平米,2014/12,675,87436
宣武门西大街 1室1厅 42.79平米,2014/12,207,48376
丰汇园小区 3室2厅 139平米,2014/12,1300,93526
宣武门西大街 2室0厅 50.85平米,2014/12,247.5,48673
丰汇园小区 3室2厅 148.7平米,2014/12,1160,78010
西城晶华 1室1厅 82.6平米,2014/12,510,61744
宏汇园小区 3室2厅 161.2平米,2014/12,1000,62035
新文化街 2室1厅 57.7平米,2014/12,468,81110
新文化街 2室1厅 58.3平米,2014/12,565,96913
新文化街 2室1厅 62.5平米,2014/12,490,78400
京畿道 1室1厅 39.1平米,2014/12,335,85678
丰汇园小区 3室2厅 199平米,2014/12,1640,82413
石灯胡同6号院 2室1厅 50.5平米,2014/12,412,81585
丰侨公寓 1室1厅 60.63平米,2014/12,532,87746
北京尊府 1室1厅 65.1平米,2014/12,515,79110
宣武门西大街 2室1厅 50.34平米,2014/12,218,43306
华远北街 2室1厅 78.5平米,2014/11,478,60892
丰汇园小区 1室0厅 45.48平米,2014/11,410,90150
丰汇园小区 1室1厅 74平米,2014/11,730,98649
京畿道 1室2厅 69.8平米,2014/11,480,68768
新文化街 2室1厅 67.3平米,2014/11,440,65379
华远北街 2室1厅 71.7平米,2014/11,450,62762
京畿道 1室0厅 39.1平米,2014/11,330,84399
京畿道 1室1厅 46平米,2014/11,342,74348
宣武门西大街 1室0厅 42.79平米,2014/11,197,46039
宣武门西大街 2室0厅 54.25平米,2014/11,268,49401
华远北街 2室1厅 71.7平米,2014/11,438,61088
新文化街 2室1厅 62.5平米,2014/11,542,86720
新文化街 2室1厅 68.4平米,2014/11,573,83772
新文化街 1室1厅 48.8平米,2014/11,450,92214
丰侨公寓 1室1厅 57.08平米,2014/11,500,87597
丰侨公寓 2室2厅 93.26平米,2014/11,800,85782
二龙路 2室1厅 65.5平米,2014/11,500,76336
宣武门西大街 2室0厅 50.39平米,2014/11,257,51003
金龙公寓 3室2厅 126.47平米,2014/11,885,69978
新文化街 2室1厅 74平米,2014/11,623,84190
西城晶华 1室1厅 78.24平米,2014/11,500,63906
华远北街 1室1厅 57.3平米,2014/10,368,64224
新文化街 2室1厅 61.5平米,2014/10,585,95122
新文化街 3室1厅 86.6平米,2014/10,560,64666
京畿道 3室1厅 102.9平米,2014/10,710,69000
华远北街 2室1厅 71.7平米,2014/10,435,60670
宣武门西大街 1室0厅 36.82平米,2014/10,193,52418
新文化街 2室1厅 69.5平米,2014/10,451,64893
新文化街 2室1厅 57.6平米,2014/10,486,84375
京畿道 1室1厅 41.7平米,2014/10,330,79137
京畿道 2室1厅 58.7平米,2014/10,413,70358
宣武门西大街 2室0厅 50.26平米,2014/10,246,48946
丰侨公寓 1室1厅 57.65平米,2014/10,505,87598
中京几道 3室1厅 71.1平米,2014/10,465,65401
宏汇园小区 1室1厅 50.4平米,2014/10,460,91270
新文化街 2室1厅 67.3平米,2014/10,537.5,79867
宏汇园小区 3室2厅 87.5平米,2014/10,707,80800
新文化街 2室1厅 65.4平米,2014/10,597,91285
宣武门西大街 2室0厅 50.85平米,2014/10,246.8,48535
参政胡同19号院 2室1厅 55.1平米,2014/10,325,58984
华远北街 1室1厅 54.9平米,2014/10,321,58470
丰侨公寓 2室2厅 96.89平米,2014/10,730,75344
宣武门西大街 2室1厅 50.79平米,2014/10,232.5,45777
丰汇园小区 2室1厅 63.2平米,2014/10,531,84019
宏汇园小区 2室1厅 70.7平米,2014/10,590,83452
丰汇园小区 2室1厅 59.4平米,2014/10,510,85859
宣武门西大街 2室1厅 58.62平米,2014/10,273,46572
新文化街 2室1厅 67.3平米,2014/10,540,80238
宣武门西大街 2室1厅 59.9平米,2014/10,385,64274
宣武门西大街 3室1厅 89平米,2014/10,545,61236
丽华苑 1室1厅 53.04平米,2014/10,470,88613
丰汇园小区 2室1厅 59.4平米,2014/10,510,85859
宏汇园小区 3室2厅 79.8平米,2014/10,670,83960
丰汇园小区 2室1厅 62.6平米,2014/09,550,87860
宣武门西大街 2室1厅 51.99平米,2014/09,238,45779
宏汇园小区 1室1厅 52.6平米,2014/09,425,80799
宣武门西大街 2室0厅 42.22平米,2014/09,200,47371
兵马司胡同 2室1厅 68.5平米,2014/09,526,76789
新文化街 1室1厅 43.5平米,2014/09,240,55173
京畿道 1室1厅 46平米,2014/09,328,71305
佟麟阁路62号院 1室1厅 42.5平米,2014/09,300,70589
鲍家街 3室1厅 79.8平米,2014/09,657,82331
云梯胡同 4室1厅 92.3平米,2014/09,450,48755
鲍家街 3室1厅 79.8平米,2014/09,649,81329
新文化街 2室1厅 57.6平米,2014/09,495,85938
丰侨公寓 2室2厅 130.3平米,2014/09,1035,79433
教育街 2室1厅 55.2平米,2014/09,384,69566
宣武门西大街 2室0厅 50.85平米,2014/08,240,47198
宏汇园小区 3室1厅 91平米,2014/08,695,76374
丰汇园小区 1室1厅 46.6平米,2014/08,418,89700
京畿道 1室1厅 41平米,2014/08,115,28049
新文化街 2室1厅 62.5平米,2014/08,520,83200
丰侨公寓 1室0厅 58.74平米,2014/08,508,86483
新文化街 3室1厅 74.1平米,2014/08,536,72335
华荣公寓 1室1厅 130.61平米,2014/08,745,57041
新文化街 2室1厅 56.7平米,2014/08,475,83775
新文化街 3室1厅 84.3平米,2014/08,680,80665
丰汇园小区 1室1厅 54.2平米,2014/08,448,82657
新文化街 3室1厅 84.3平米,2014/08,636,75445
京畿道 1室1厅 37.6平米,2014/08,319,84841
长安兴融中心 1室1厅 76.08平米,2014/08,440,57834
太平桥大街 1室1厅 50.3平米,2014/08,338,67197
丰侨公寓 1室1厅 64.02平米,2014/08,520,81225
宣武门西大街 1室1厅 42.22平米,2014/07,203.8,48271
宏汇园小区 1室1厅 52.2平米,2014/07,431,82568
新文化街 2室1厅 74平米,2014/07,575,77703
新文化街 2室1厅 74平米,2014/07,575,77703
佟麟阁路62号院 2室1厅 58.9平米,2014/07,456,77420
西城晶华 1室0厅 78.21平米,2014/07,500,63931
华远北街 2室1厅 71.7平米,2014/07,420,58578
宏汇园小区 3室1厅 112.72平米,2014/07,945,83837
丰侨公寓 1室1厅 66.74平米,2014/07,540,80911
丰汇园小区 2室1厅 64平米,2014/07,509,79532
丰汇园小区 2室1厅 59.4平米,2014/07,507,85354
丰汇园小区 2室1厅 66.3平米,2014/07,533,80393
新文化街 1室1厅 60平米,2014/07,367,61167
宣武门西大街 2室0厅 50.39平米,2014/07,239,47431
中京几道 1室1厅 36.2平米,2014/07,230.5,63675
京畿道 1室1厅 39.3平米,2014/07,299,76082
新文化街 2室1厅 61.2平米,2014/07,386,63072
金龙公寓 3室2厅 124.1平米,2014/07,932,75101
宣武门西大街 1室1厅 39平米,2014/07,351,90000
鲍家街 3室1厅 80.2平米,2014/06,610,76060
宣武门西大街 2室1厅 50.21平米,2014/06,220,43816
宣武门西大街 1室1厅 42.22平米,2014/06,201.5,47727
宣武门西大街 3室1厅 66.98平米,2014/06,305,45536
宏汇园小区 1室1厅 50.4平米,2014/06,408,80953
温家街2号院 1室1厅 36.2平米,2014/06,310,85636
宣武门西大街 2室1厅 58.75平米,2014/06,303,51575
宏汇园小区 1室1厅 42.2平米,2014/06,368,87204
新文化街 3室1厅 77.8平米,2014/06,572,73522
新文化街 2室1厅 67.3平米,2014/06,532,79050
宣武门西大街 2室1厅 66.2平米,2014/06,450,67976
京畿道 1室0厅 42.3平米,2014/05,319,75414
新文化街 2室1厅 62.5平米,2014/05,475,76000
云梯胡同 2室1厅 65.4平米,2014/05,480,73395
宣武门西大街 1室1厅 42.79平米,2014/05,213,49778
宏汇园小区 1室1厅 53.7平米,2014/05,429,79889
京畿道 1室1厅 47.1平米,2014/05,313,66455
宣武门西大街 2室1厅 51.12平米,2014/05,260,50861
丰汇园小区 1室1厅 50.3平米,2014/05,400,79523
头发胡同 1室0厅 17.8平米,2014/05,225,126405
丰汇园小区 1室1厅 41.61平米,2014/05,400,96131
新文化街 2室1厅 59.3平米,2014/05,375,63238
宏汇园小区 1室1厅 50平米,2014/04,415,83000
新文化街 1室1厅 43.7平米,2014/04,290,66362
丰汇园小区 2室1厅 66平米,2014/04,500,75758
丽华苑 1室1厅 82.25平米,2014/04,615,74773
永宁胡同 1室0厅 16.62平米,2014/04,230,138388
宣武门西大街 3室1厅 69.1平米,2014/04,483,69899
宣武门西大街 2室1厅 50.48平米,2014/04,280,55468
新文化街四合院 1室0厅 11.7平米,2014/04,127,108548
丰侨公寓 1室0厅 56.61平米,2014/04,420,74192
新文化街 2室1厅 50.8平米,2014/04,308,60630
丰融园 5室2厅 219.5平米,2014/04,1850,84283
北京尊府 1室1厅 84.27平米,2014/04,850,100867
新文化街 1室1厅 48.8平米,2014/04,381,78074
太平桥大街 2室1厅 64.6平米,2014/04,345,53406
丰汇园小区 2室1厅 59.4平米,2014/03,505,85017
新文化街 2室1厅 56.7平米,2014/03,445,78484
宣武门西大街 3室0厅 65.71平米,2014/03,365,55548
丰汇园小区 1室1厅 41.61平米,2014/03,360,86518
丰汇园小区 3室2厅 167.8平米,2014/03,1235,73600
丰侨公寓 1室0厅 57.36平米,2014/03,400,69736
丰侨公寓 1室1厅 57.36平米,2014/03,400,69736
丰汇园小区 1室1厅 46.6平米,2014/03,385,82619
宣武门西大街 2室0厅 47.55平米,2014/02,265,55731
鲍家街 3室1厅 77.7平米,2014/02,680,87517
丰汇园小区 3室3厅 136.1平米,2014/02,1048,77003
京畿道 3室1厅 78.6平米,2014/02,580,73792
宣武门西大街 2室1厅 50.34平米,2014/02,235.5,46782
宣武门西大街 2室0厅 51.02平米,2014/02,275,53901
新文化街 2室1厅 67.3平米,2014/02,519,77118
宣武门西大街 2室0厅 46.98平米,2014/02,238,50660
京畿道 2室1厅 57.5平米,2014/01,415,72174
丽华苑 2室2厅 84.02平米,2014/01,750.5,89324
宏汇园小区 2室1厅 66.2平米,2014/01,570,86103
宏汇园小区 1室1厅 52.9平米,2014/01,466,88091
丰汇园小区 2室1厅 68.1平米,2014/01,540,79296
西城晶华 2室1厅 108.28平米,2014/01,850,78501
宣武门西大街 2室1厅 55.29平米,2013/12,297.5,53808
丰汇园小区 2室1厅 64.9平米,2013/12,516,79507
西斜街 2室1厅 51.1平米,2013/12,420,82192
石灯胡同6号院 2室1厅 52.5平米,2013/11,408,77715
宣武门西大街 2室0厅 46.38平米,2013/11,270,58215
宣武门西大街 2室1厅 61.48平米,2013/11,358,58231
云梯胡同 2室1厅 64.2平米,2013/11,467,72742
新文化街 2室1厅 65.2平米,2013/11,408,62577
宣武门西大街 2室1厅 58.75平米,2013/11,326,55490
丰汇园小区 2室1厅 70.1平米,2013/10,555,79173
京畿道 3室1厅 92.3平米,2013/10,650,70423
北京尊府 1室0厅 45.59平米,2013/10,45,9871
丰汇园小区 1室1厅 63.9平米,2013/10,578,90454
宏英园小区 3室1厅 100.88平米,2013/10,820,81285
京畿道 1室1厅 39.1平米,2013/10,280,71612
丰汇园小区 2室2厅 111.58平米,2013/10,900,80660
宣武门西大街 2室0厅 47.19平米,2013/10,265,56156
西城晶华 1室1厅 54.4平米,2013/10,428,78677
佟麟阁路62号院 3室1厅 79.5平米,2013/10,660,83019
西城晶华 3室2厅 172.49平米,2013/10,1580,91600
新文化街 2室1厅 65.5平米,2013/10,450,68703
新文化街 3室1厅 82.6平米,2013/10,553,66950
华远北街 1室1厅 57.2平米,2013/09,335,58567
宣武门西大街 1室0厅 14.9平米,2013/09,208,139598
新文化街 1室1厅 48.8平米,2013/09,390,79919
丰汇园小区 1室1厅 42.1平米,2013/09,354,84086
宣武门西大街 2室0厅 54.99平米,2013/09,312,56738
华远北街 2室1厅 71.7平米,2013/09,430,59973
丰汇园小区 1室1厅 47平米,2013/09,350,74469
新文化街 3室1厅 74.1平米,2013/09,501,67612
西城晶华 3室2厅 153.62平米,2013/09,1510,98295
丰汇园小区 1室1厅 54平米,2013/09,409,75741
西城晶华 1室2厅 78.24平米,2013/09,513.8,65670
宣武门西大街 2室1厅 55.82平米,2013/09,300,53745
新文化街 2室1厅 57.6平米,2013/08,454,78820
京畿道 1室1厅 42.3平米,2013/08,320,75651
丰汇园小区 3室2厅 149.2平米,2013/08,1030,69035
新文化街 3室1厅 74.5平米,2013/07,445,59732
羊肉胡同120号院 2室1厅 57.5平米,2013/07,360,62609
新文化街 3室1厅 74.5平米,2013/07,445,59732
羊肉胡同120号院 1室1厅 40.6平米,2013/07,245,60345
羊肉胡同120号院 1室1厅 43.6平米,2013/07,229,52523
兵马司胡同 3室1厅 83.4平米,2013/07,535,64149
西城晶华 2室2厅 92.99平米,2013/07,640,68825
宏汇园小区 1室1厅 52.5平米,2013/07,410,78096
新文化街 1室1厅 51.4平米,2013/07,301,58561
宣武门西大街 1室1厅 37.79平米,2013/06,200,52925
羊肉胡同120号院 2室1厅 48.8平米,2013/06,195,39960
宣武门西大街 2室1厅 67.52平米,2013/06,360,53318
宣武门西大街 2室1厅 50.21平米,2013/06,238,47401
宣武门西大街 1室0厅 55.82平米,2013/06,269,48191
宣武门西大街 2室1厅 58.9平米,2013/06,410,69610
西城晶华 1室0厅 41.78平米,2013/06,95,22739
丰汇园小区 1室1厅 51.1平米,2013/05,360,70451
新文化街 1室1厅 48.8平米,2013/05,348,71312
宣武门西大街 1室1厅 42.9平米,2013/05,310,72262
宣武门西大街 3室1厅 89平米,2013/05,550,61798
太平桥大街 2室1厅 60.1平米,2013/05,383,63728
宣武门西大街 3室1厅 68.32平米,2013/05,350,51230
宏汇园小区 1室1厅 58.6平米,2013/05,420,71673
教育街 2室1厅 60.2平米,2013/05,371,61628
佟麟阁路62号院 1室1厅 42.8平米,2013/05,281,65655
石灯胡同6号院 2室1厅 43.5平米,2013/05,330,75863
宣武门西大街 2室1厅 43.68平米,2013/05,196,44872
宣武门西大街 1室1厅 37.46平米,2013/05,205.3,54806
宣武门西大街 2室1厅 54.05平米,2013/05,286,52914
金宸国际公寓 2室2厅 134.79平米,2013/04,930,68997
石灯胡同6号院 2室1厅 50.5平米,2013/04,336,66535
宣武门西大街 2室1厅 66.3平米,2013/04,450,67874
新文化街 2室1厅 75.5平米,2013/04,485,64239
宏汇园小区 1室1厅 52.5平米,2013/04,370,70477
西城晶华 3室2厅 154.4平米,2013/04,1130,73187
丰汇园小区 1室1厅 39.8平米,2013/03,130,32664
宣武门西大街 1室1厅 42.9平米,2013/03,300,69931
宣武门西大街 3室1厅 69.1平米,2013/03,423,61216
宣武门西大街 2室1厅 61.49平米,2013/03,298,48464
丰汇园小区 2室1厅 68.1平米,2013/03,500,73422
丰侨公寓 1室1厅 66.74平米,2013/03,455,68176
西城晶华 1室1厅 71.59平米,2013/03,515,71938
丰侨公寓 1室1厅 57.85平米,2013/03,413,71392
永宁胡同 1室0厅 15.1平米,2013/03,160,105961
宣武门西大街 2室1厅 58.99平米,2013/03,280,47466
丰侨公寓 1室1厅 68.09平米,2013/03,410,60215
中海凯旋 3室2厅 218.94平米,2013/03,3000,137024
宏汇园小区 2室2厅 73.1平米,2013/03,545,74556
京畿道 1室1厅 44.6平米,2013/03,292,65471
宣武门西大街 1室0厅 36.82平米,2013/03,185,50245
宏汇园小区 2室2厅 73.3平米,2013/03,500,68213
宏汇园小区 2室1厅 65.6平米,2013/03,450,68598
宣武门西大街 2室1厅 50.85平米,2013/03,259,50935
丰汇园小区 4室2厅 137.2平米,2013/03,790,57581
西城晶华 2室2厅 94.53平米,2013/03,638,67492
宣武门西大街 1室1厅 42.9平米,2013/03,305,71096
华远北街 2室1厅 69.7平米,2013/02,347,49785
丰汇园小区 1室1厅 46.9平米,2013/02,350,74627
宣武门西大街 1室1厅 42.9平米,2013/02,260,60607
京畿道 2室1厅 53.2平米,2013/02,350,65790
丰盛胡同 2室1厅 50.35平米,2013/01,380,75472
石灯胡同6号院 2室1厅 43.5平米,2013/01,330,75863
丰侨公寓 1室0厅 57.65平米,2013/01,365,63314
金宸国际公寓 3室2厅 133.08平米,2013/01,740,55606
石灯胡同6号院 2室1厅 52.5平米,2013/01,315,60000
京畿道 3室1厅 77.1平米,2013/01,475,61609
华远北街 1室1厅 49.2平米,2013/01,255.5,51931
京畿道 1室1厅 40.9平米,2013/01,255,62348
华远北街 2室1厅 71.7平米,2013/01,343,47839
新文化街 2室1厅 68.4平米,2013/01,405,59211
新文化街 3室1厅 99.4平米,2013/01,498,50101
宣武门西大街 2室0厅 47.29平米,2013/01,248,52443
华远北街 1室1厅 57.2平米,2013/01,270,47203
宣武门西大街 1室0厅 37.79平米,2013/01,182,48161
宣武门西大街 3室0厅 68.32平米,2013/01,327,47863
宣武门西大街 2室1厅 56.25平米,2013/01,258,45867
丰汇园小区 1室2厅 83平米,2013/01,623,75061
丰侨公寓 2室2厅 90.2平米,2013/01,542,60089
丰汇园小区 3室2厅 167.8平米,2012/12,925,55126
佟麟阁路 1室0厅 8.15平米,2012/12,120,147240
宣武门西大街 2室1厅 54.25平米,2012/12,245,45162
宣武门西大街 2室0厅 47.29平米,2012/12,219,46311
新文化街 1室1厅 48.8平米,2012/12,297,60861
文华胡同 1室0厅 30.7平米,2012/12,194.5,63356
丰汇园小区 1室1厅 56.65平米,2012/12,372,65667
参政胡同19号院 2室1厅 55.1平米,2012/12,285,51725
华远北街 2室1厅 71.7平米,2012/12,350,48815
新文化街 3室1厅 86.6平米,2012/12,489,56467
宏汇园小区 4室2厅 198.4平米,2012/12,1060,53428
京畿道 2室1厅 70.6平米,2012/12,396,56091
华远北街 2室1厅 71.7平米,2012/12,350,48815
京畿道 2室1厅 65平米,2012/12,205,31539
西城晶华 3室1厅 151.21平米,2012/11,1370,90603
西城晶华 3室2厅 148.48平米,2012/11,1115,75095
宏汇园小区 3室1厅 77.9平米,2012/11,437,56098
西城晶华 1室1厅 73.14平米,2012/11,430,58792
宏汇园小区 2室2厅 73.5平米,2012/11,432,58776
佟麟阁路62号院 2室1厅 42.9平米,2012/11,236,55000
丰盛胡同 3室1厅 68.45平米,2012/11,398,58145
北京尊府 1室2厅 84.44平米,2012/11,545,64543
宣武门西大街 2室1厅 60.39平米,2012/10,255,42226
宣武门西大街 2室1厅 60.37平米,2012/10,230,38099
京畿道 2室1厅 57.9平米,2012/10,294.8,50916
宏汇园小区 2室2厅 77.9平米,2012/10,500,64185
二龙路 2室1厅 60.9平米,2012/10,348,57143
丰汇园小区 2室2厅 104平米,2012/10,650,62500
宣武门西大街 1室1厅 42.22平米,2012/10,166,39318
丽华苑 2室2厅 111.1平米,2012/10,650,58506
粉子胡同30号院 2室1厅 66平米,2012/09,380,57576
中海凯旋 3室2厅 170.78平米,2012/09,1690,98958
新文化街 2室1厅 67.3平米,2012/09,340,50521
中海凯旋 3室2厅 171.25平米,2012/09,1540,89928
二龙路 1室1厅 43.5平米,2012/09,197,45288
文华胡同 1室1厅 20.21平米,2012/09,247,122217
二龙路 1室1厅 43.5平米,2012/09,213,48966
中海凯旋 3室2厅 171.28平米,2012/08,1300,75900
丰侨公寓 1室1厅 57.08平米,2012/08,287,50281
民康胡同30号院 2室1厅 53.3平米,2012/08,275,51595
温家街2号院 1室1厅 36平米,2012/08,180,50000
宣武门西大街 1室1厅 42.9平米,2012/08,220,51283
华远北街 2室1厅 71.7平米,2012/08,300,41842
宏汇园小区 1室1厅 79.8平米,2012/08,420,52632
宣武门西大街 2室1厅 50.85平米,2012/08,183,35989
宣武门西大街 2室1厅 50.26平米,2012/08,183,36411
新文化街 3室1厅 79.7平米,2012/07,350,43915
羊肉胡同120号院 3室1厅 76.5平米,2012/07,356,46536
太平桥大街 2室1厅 61.8平米,2012/07,260,42072
宏汇园小区 2室1厅 65.6平米,2012/07,370,56403
北京尊府 1室1厅 65.11平米,2012/07,400,61435
京畿道 2室1厅 58.1平米,2012/07,300,51636
新文化街 2室1厅 48.8平米,2012/07,248,50820
宣武门西大街 2室1厅 50.48平米,2012/07,188,37243
中海凯旋 1室1厅 80.11平米,2012/07,540,67408
北京尊府 1室1厅 65.1平米,2012/07,370,56836
宣武门西大街 2室1厅 50.21平米,2012/07,163,32464
尚座大厦 2室1厅 132.51平米,2012/06,470,35470
新文化街 1室1厅 43.5平米,2012/06,180,41380
丰汇园小区 1室1厅 50.3平米,2012/06,242,48112
新文化街四合院 2室1厅 62.6平米,2012/06,310,49521
宣武门西大街 2室1厅 57.69平米,2012/06,187,32415
宣武门西大街 2室0厅 51.02平米,2012/06,175,34301
丰盛胡同 2室1厅 58.4平米,2012/06,305,52227
宣武门西大街 2室1厅 47.29平米,2012/06,174,36795
华远北街 1室1厅 57.3平米,2012/06,231.5,40402
华远北街 1室1厅 57.2平米,2012/06,220,38462
丰汇园小区 1室1厅 56.65平米,2012/06,298.8,52745
丰汇园小区 2室1厅 59.4平米,2012/06,280,47139
宏汇园小区 1室1厅 50.4平米,2012/06,260,51588
新文化街 2室1厅 62.7平米,2012/06,215,34291
二龙路 1室1厅 43.6平米,2012/06,180,41285
宣武门西大街 1室0厅 37.46平米,2012/05,128,34170
新文化街 2室1厅 62.6平米,2012/05,261,41694
羊肉胡同120号院 2室1厅 57.5平米,2012/05,252,43827
宏汇园小区 3室1厅 79.5平米,2012/05,380,47799
宣武门西大街 2室1厅 58.25平米,2012/05,185,31760
京畿道 1室1厅 49.3平米,2012/05,195,39554
丰汇园小区 2室2厅 99.6平米,2012/05,550,55221
丰汇园小区 3室1厅 70.1平米,2012/05,333,47504
教育街 2室1厅 54.5平米,2012/04,250.5,45964
宣武门西大街 2室0厅 49.35平米,2012/04,165,33435
宣武门西大街 3室0厅 67.32平米,2012/04,228,33869
华荣公寓 1室1厅 115.83平米,2012/04,490,42304
丰汇园小区 1室2厅 74平米,2012/04,392,52973
丰侨公寓 1室1厅 75.26平米,2012/04,363,48233
宣武门西大街 2室0厅 50.48平米,2012/03,157,31102
丰汇园小区 3室1厅 76.5平米,2012/03,360,47059
教育街 3室1厅 76.2平米,2012/03,295.5,38774
文华胡同 1室0厅 11.5平米,2012/03,90,78261
中海凯旋 3室2厅 178.97平米,2012/03,900,50288
小英子胡同 2室1厅 50.3平米,2012/03,223,44334
宏汇园小区 2室2厅 65.6平米,2012/03,318,48476
丰汇园小区 4室2厅 166.4平米,2012/03,960,57693
丰侨公寓 1室1厅 84.08平米,2012/03,280,33302
新文化街 3室1厅 82.6平米,2012/02,400,48427
羊肉胡同120号院 2室1厅 57.5平米,2012/02,248,43131
北京尊府 3室2厅 183.55平米,2012/02,700,38137
佟麟阁路62号院 3室1厅 81.8平米,2012/01,437,53423
尚座大厦 2室2厅 169.09平米,2012/01,550,32528
中京几道 4室1厅 108.3平米,2012/01,310,28625
宣武门西大街 1室1厅 31.86平米,2011/12,102,32016
石灯胡同6号院 1室1厅 37.5平米,2011/12,158,42134
宣武门西大街 3室0厅 69.1平米,2011/12,275,39798
云梯胡同 2室1厅 54.3平米,2011/12,179,32966
丰侨公寓 1室0厅 57.65平米,2011/12,277,48049
宏英园小区 1室1厅 62.33平米,2011/12,320,51340
鲍家街 1室1厅 37.8平米,2011/11,180,47620
宣武门西大街 2室0厅 60.39平米,2011/11,192,31794
宣武门西大街 2室1厅 59.5平米,2011/11,244,41009
丰汇园小区 2室1厅 64.9平米,2011/11,280,43144
丰汇园小区 2室1厅 70.1平米,2011/11,312,44508
丰侨公寓 2室1厅 81.01平米,2011/10,400,49377
丰侨公寓 2室2厅 96.89平米,2011/10,520,53670
宣武门西大街 2室0厅 55.82平米,2011/10,179,32068
宣武门西大街 2室1厅 67.5平米,2011/10,210,31112
宣武门西大街 2室1厅 56.25平米,2011/10,251,44623
丰汇园小区 1室1厅 48.2平米,2011/09,0.1,5
丰汇园小区 4室2厅 137.2平米,2011/09,670,48834
宣武门西大街 1室1厅 46.38平米,2011/09,150,32342
新文化街 2室1厅 55.5平米,2011/09,0.1,4
中京几道 2室1厅 61平米,2011/07,276.8,45378
东四北大街 2室1厅 57.16平米,2018/03,628,109868
朝内大街201号院 1室1厅 30.65平米,2018/03,400,130506
东四十条甲100号院 2室1厅 47.66平米,2018/03,540,113303
什锦花园胡同21号院 3室1厅 63平米,2018/03,755,119842
什锦花园胡同21号院 2室1厅 45.88平米,2018/02,628,136879
东四四条 2室1厅 60.8平米,2018/01,580,95395
什锦花园胡同21号院 3室1厅 62.72平米,2018/01,780,124363
什锦花园胡同21号院 1室1厅 34.56平米,2018/01,459,132813
东板桥东巷 2室1厅 58.48平米,2018/01,498,85158
什锦花园胡同21号院 2室1厅 47.7平米,2017/12,540,113208
什锦花园胡同21号院 3室1厅 62.72平米,2017/12,773,123247
东皇城根北街40号院 3室1厅 73.16平米,2017/12,770,105249
东皇城根北街40号院 2室2厅 69.36平米,2017/12,870,125433
什锦花园胡同21号院 2室1厅 45.88平米,2017/12,560,122058
东皇城根北街40号院 3室1厅 57.07平米,2017/12,750,131418
朝内大街203号院 2室1厅 54.23平米,2017/12,578,106584
东皇城根北街40号院 2室1厅 55.68平米,2017/11,630,113147
金隆基大厦 1室0厅 38.2平米,2017/11,380,99477
华人一品阁 1室0厅 18.96平米,2017/11,100,52743
美术馆后街 1室1厅 41.18平米,2017/09,522,126761
朝内大街201号院 2室1厅 70.64平米,2017/09,890,125991
美术馆后街 3室1厅 82.98平米,2017/09,785,94602
沙滩北街乙2号院 3室0厅 64.97平米,2017/09,650,100047
东四四条 2室1厅 57.49平米,2017/09,565,98278
东皇城根北街40号院 3室1厅 74.5平米,2017/08,830,111410
小取灯胡同8号院 3室1厅 94.83平米,2017/06,1090,114943
东四十条 1室1厅 48.16平米,2017/06,540,112127
什锦花园胡同21号院 2室1厅 47.5平米,2017/04,698,146948
美术馆后街 2室1厅 64.98平米,2017/03,906,139428
东四十条 2室1厅 73.09平米,2017/03,755,103298
沙滩后街 2室1厅 58.62平米,2017/03,595,101502
新太仓一巷 1室1厅 34.26平米,2017/03,473,138062
美术馆后街 1室1厅 47.3平米,2017/03,660,139535
东四十条甲100号院 3室1厅 73.62平米,2017/03,749,101739
美术馆后街 2室1厅 60.68平米,2017/02,730,120304
美术馆后街 2室1厅 60.9平米,2017/02,730,119869
美术馆后街 2室1厅 56.26平米,2017/02,640,113758
沙滩后街55号院 2室1厅 56.91平米,2017/02,650,114216
什锦花园胡同22号院 3室1厅 85.95平米,2017/01,908,105643
东四二条11号院 2室1厅 56.97平米,2017/01,625,109707
东四七条 2室1厅 53.44平米,2016/12,540,101048
什锦花园胡同21号院 2室1厅 45.88平米,2016/12,550,119878
东四十条甲100号院 1室1厅 45.02平米,2016/12,440,97735
东四八条 1室0厅 22.4平米,2016/12,190,84822
美术馆后街 2室1厅 60平米,2016/12,619,103167
东四二条 2室1厅 57.4平米,2016/12,568,98955
门楼胡同 1室0厅 15.8平米,2016/11,228,144304
东四北大街 2室1厅 61.7平米,2016/11,536,86872
沙滩后街55号院 2室1厅 56.91平米,2016/10,550,96644
美术馆后街 1室1厅 47.3平米,2016/10,486.5,102855
东四北大街 5室0厅 53.9平米,2016/10,600,111318
朝内大街201号院 2室2厅 66.34平米,2016/10,800,120591
东四十三条 1室0厅 15.9平米,2016/10,200,125787
美术馆后街 1室1厅 38.7平米,2016/09,400,103360
连丰胡同 1室0厅 16平米,2016/09,176,110000
朝内大街203号院 3室0厅 87.49平米,2016/09,750,85725
东四十条 1室1厅 55.49平米,2016/09,460,82898
东四北大街 1室1厅 42.29平米,2016/09,380,89856
美术馆后街 2室1厅 56.26平米,2016/09,500,88874
钱粮胡同 1室0厅 16.2平米,2016/09,230,141976
东四十三条 1室0厅 28平米,2016/09,176,62858
东四十一条 1室0厅 10.7平米,2016/09,150,140187
北沟沿 1室0厅 19.3平米,2016/09,195,101037
东四四条 2室1厅 61平米,2016/09,463,75902
美术馆后街 2室1厅 68.58平米,2016/09,518,75533
育群胡同 1室0厅 15平米,2016/08,210,140000
东四十二条21号院 2室1厅 54.43平米,2016/08,445,81757
北沟沿 1室0厅 11.3平米,2016/08,164,145133
板桥胡同 1室1厅 36.8平米,2016/08,315,85598
东四十二条21号院 2室1厅 50.91平米,2016/08,412,80928
沙滩后街55号院 2室1厅 51平米,2016/08,430,84314
东皇城根北街40号院 2室1厅 57.03平米,2016/07,460,80660
朝内大街203号院 3室1厅 89.48平米,2016/07,685,76554
沙滩北街乙2号院 3室1厅 69.38平米,2016/07,520,74950
美术馆东街 3室1厅 79.21平米,2016/07,550,69436
美术馆后街 1室1厅 38.7平米,2016/07,339,87597
美术馆后街 2室1厅 68.58平米,2016/07,505,73637
东四十一条 3室0厅 98.9平米,2016/06,750,75835
东四十二条 1室0厅 12.5平米,2016/06,182,145600
门楼胡同 1室0厅 12.4平米,2016/06,145,116936
鼓楼东大街191 2室0厅 35.7平米,2016/05,366,102522
沙滩后街 2室1厅 57.68平米,2016/05,386,66921
钱粮胡同 1室0厅 18平米,2016/05,225,125000
东四北大街 2室1厅 61.75平米,2016/05,463,74980
罗车胡同 1室0厅 11.8平米,2016/05,160,135594
小取灯胡同8号院 3室1厅 93.73平米,2016/05,842,89833
新太仓胡同 1室0厅 15.3平米,2016/05,183,119608
育群胡同 1室0厅 15.1平米,2016/04,167,110597
小菊胡同 2室0厅 19.1平米,2016/04,208,108901
美术馆后街 3室1厅 80.88平米,2016/04,536,66272
美术馆后街 3室1厅 83.91平米,2016/04,550,65547
东四十二条21号院 1室1厅 36.81平米,2016/04,300,81500
朝内大街203号院 3室1厅 94.29平米,2016/04,800,84845
东四十二条21号院 2室1厅 57.62平米,2016/04,440,76363
金隆基大厦 1室0厅 35.19平米,2016/03,260,73885
东四十一条 1室0厅 15.7平米,2016/03,168.5,107325
东四十一条 1室0厅 15.6平米,2016/03,168.5,108013
小取灯胡同8号院 3室1厅 93.67平米,2016/03,800,85407
朝内大街203号院 2室1厅 57.08平米,2016/03,470,82341
东四七条 2室1厅 52.79平米,2016/03,375,71037
三眼井胡同 1室0厅 8平米,2016/03,118,147500
朝内大街201号院 2室1厅 55.61平米,2016/03,525,94408
北沟沿 1室0厅 13.3平米,2016/03,136,102256
后局大院胡同 1室0厅 7.3平米,2016/03,97,132877
板桥胡同 2室1厅 51.13平米,2016/03,376.6,73656
美术馆后街 2室1厅 56.28平米,2016/03,460,81735
美术馆后街 2室1厅 59.76平米,2016/02,516,86346
什锦花园胡同21号院 2室1厅 45.88平米,2016/02,380,82825
东四十四条 1室0厅 11.4平米,2016/02,100,87720
美术馆后街 1室1厅 39.97平米,2016/02,286,71554
什锦花园胡同21号院 2室1厅 47.5平米,2016/02,375,78948
新太仓一巷 1室0厅 14.35平米,2016/02,126,87805
北沟沿 1室0厅 10.25平米,2016/02,116,113171
西仓门胡同 1室0厅 11.6平米,2016/01,115,99138
轿子胡同 1室0厅 13平米,2016/01,126,96924
东四二条 2室1厅 57.4平米,2016/01,379,66028
东四七条 2室0厅 46.95平米,2016/01,305,64963
美术馆后街 1室0厅 41.18平米,2016/01,279,67752
东四十条 2室0厅 60.44平米,2016/01,360,59564
什锦花园胡同21号院 2室1厅 48平米,2016/01,306,63750
美术馆后街 3室0厅 83.88平米,2016/01,462,55079
朝内大街203号院 2室1厅 54.18平米,2016/01,395,72906
东四十二条21号院 2室1厅 54.58平米,2015/12,350,64127
东四十一条 2室0厅 81.82平米,2015/12,414,50599
沙滩北街乙2号院 3室0厅 98.65平米,2015/12,553,56057
沙滩北街2号院 2室1厅 46.62平米,2015/12,265,56843
美术馆后街 1室1厅 47.3平米,2015/12,296,62580
刚察胡同 1室0厅 7.5平米,2015/12,103.5,138000
东四七条 2室1厅 57.35平米,2015/12,302,52660
东四北大街 3室1厅 65.95平米,2015/12,366,55497
沙滩后街55号院 2室1厅 56.19平米,2015/12,273,48586
美术馆东街 3室1厅 79.21平米,2015/12,375,47343
育群胡同 1室0厅 14.1平米,2015/12,158,112057
朝内大街203号院 2室1厅 57.08平米,2015/11,353.5,61931
朝内大街201号院 2室1厅 63.72平米,2015/11,461,72348
朝内大街201号院 2室1厅 56.47平米,2015/11,425,75262
美术馆后街 1室1厅 50.27平米,2015/11,270,53710
什锦花园胡同 2室1厅 47.74平米,2015/11,290,60746
东四十二条21号院 1室1厅 36.81平米,2015/11,235,63842
朝内大街203号院 1室1厅 36.75平米,2015/09,206,56055
东四十二条21号院 3室1厅 57平米,2015/09,293.8,51544
东四北大街 2室0厅 61.75平米,2015/08,320,51822
东四十二条21号院 2室1厅 54.58平米,2015/08,317.6,58190
美术馆后街 2室1厅 68.96平米,2015/08,350,50755
东四北大街 2室1厅 73.44平米,2015/08,350,47658
美术馆后街 2室1厅 75.63平米,2015/08,451.9,59752
东四五条 1室0厅 17.9平米,2015/08,133,74302
东四北大街 1室0厅 42.29平米,2015/08,210,49658
什锦花园胡同21号院 2室1厅 49.05平米,2015/07,275,56066
什锦花园胡同 2室1厅 47.29平米,2015/07,298,63016
东四北大街 2室1厅 53.49平米,2015/07,297,55525
东四五条 1室0厅 12.6平米,2015/06,119,94445
美术馆后街 2室1厅 56.26平米,2015/06,240,42660
东四四条 1室0厅 14.9平米,2015/06,43,28860
东四十条甲100号院 2室0厅 63.39平米,2015/06,335,52848
朝内大街203号院 2室1厅 54.18平米,2015/04,309,57033
东四北大街 2室1厅 65.45平米,2015/04,313.5,47900
朝内大街203号院 2室1厅 50.43平米,2015/04,300,59489
东四北大街 2室1厅 61.7平米,2015/04,285,46192
美术馆东街 1室1厅 41.45平米,2015/03,241,58143
沙滩后街55号院 2室1厅 56.91平米,2015/03,346,60798
沙滩后街55号院 2室1厅 53.87平米,2015/03,300,55690
美术馆后街 2室1厅 60.3平米,2015/03,281,46601
小取灯胡同8号院 3室1厅 94.83平米,2015/02,540,56945
朝内大街201号院 1室1厅 29.94平米,2015/01,200,66801
朝内大街201号院 2室1厅 69.45平米,2015/01,395,56876
沙滩后街 3室1厅 81.08平米,2015/01,342,42181
朝内大街203号院 2室1厅 75.42平米,2015/01,416,55158
什锦花园胡同 2室1厅 58.32平米,2015/01,280,48011
东四北大街 1室1厅 42.29平米,2014/11,229,54150
东四北大街 2室1厅 73.25平米,2014/11,330,45052
什锦花园胡同22号院 2室1厅 57.95平米,2014/10,285,49181
东四北大街 2室1厅 61.7平米,2014/10,283,45868
东四二条 2室1厅 56.49平米,2014/10,315,55763
东四四条 3室1厅 71.23平米,2014/10,280,39310
沙滩后街55号院 2室1厅 54.35平米,2014/08,280,51518
什锦花园胡同21号院 2室1厅 48平米,2014/08,260,54167
后局大院胡同 1室0厅 9平米,2014/07,104,115556
什锦花园胡同21号院 2室1厅 47.5平米,2014/07,237,49895
南剪子巷 1室0厅 10.2平米,2014/07,100,98040
金隆基大厦 1室1厅 35.19平米,2014/05,138,39216
罗车胡同 1室0厅 13.4平米,2014/05,116,86568
东板桥西巷 1室0厅 9.6平米,2014/05,111,115625
罗车胡同 1室0厅 13.5平米,2014/03,116,85926
美术馆后街 2室1厅 53.8平米,2014/03,294.7,54777
东四二条11号院 2室1厅 56.97平米,2014/02,288,50553
东四十一条 1室0厅 11.8平米,2014/02,100,84746
汪芝麻胡同 1室1厅 22.5平米,2014/02,180,80000
美术馆后街 3室1厅 90.2平米,2014/01,460,50998
东四十二条21号院 1室1厅 33.62平米,2013/12,178,52945
沙滩后街55号院 2室1厅 50.39平米,2013/12,333,66085
东四十条甲100号院 2室1厅 63.39平米,2013/12,300,47327
东四四条 1室0厅 15.1平米,2013/11,135,89404
南剪子巷 3室1厅 42.9平米,2013/11,383,89278
板桥胡同 2室1厅 54.67平米,2013/10,315,57619
沙滩北街2号院 2室1厅 50.46平米,2013/09,261,51725
汪芝麻胡同 2室1厅 57.74平米,2013/08,155,26845
德华里 5室1厅 92.1平米,2013/08,780,84691
东四十条 2室1厅 90.39平米,2013/07,506,55980
东高房胡同 2室1厅 69.74平米,2013/07,310,44451
美术馆东街 1室0厅 10.3平米,2013/07,100,97088
美术馆东街 1室0厅 26.5平米,2013/07,275,103774
美术馆东街 1室1厅 41.45平米,2013/06,215,51870
美术馆后街 2室1厅 60.3平米,2013/06,316,52405
东四北大街 1室1厅 42.29平米,2013/05,215,50840
东四十条 1室1厅 48.16平米,2013/05,269,55856
东四十条 2室1厅 60.44平米,2013/05,293,48478
朝内大街201号院 2室1厅 66.34平米,2013/03,415,62557
小取灯胡同8号院 3室1厅 85.98平米,2013/03,205,23843
东四十条 3室1厅 113.66平米,2013/02,518,45575
东四二条 2室1厅 57.4平米,2013/01,270,47039
东四十条甲100号院 2室1厅 63.39平米,2013/01,227,35811
东四十条 3室1厅 76.14平米,2012/12,305,40058
什锦花园胡同21号院 2室1厅 45.88平米,2012/10,165,35964
板桥胡同 1室1厅 36.81平米,2012/10,145.5,39528
朝内大街203号院 2室1厅 56.79平米,2012/10,263,46311
东四北大街 2室1厅 61.7平米,2012/10,208,33712
东四二条 2室1厅 57.55平米,2012/09,207,35969
东皇城根北街40号院 2室1厅 57.19平米,2012/08,194,33923
东四十条甲100号院 2室1厅 59.26平米,2012/07,204.8,34560
东四十条甲100号院 2室1厅 47.66平米,2012/07,180,37768
东四十二条21号院 2室1厅 51.39平米,2012/06,170,33081
什锦花园胡同21号院 2室1厅 72.25平米,2012/06,166.6,23059
东四四条 1室1厅 38.59平米,2012/06,123,31874
东四四条 2室1厅 71.2平米,2012/05,350,49158
东四十条甲100号院 1室1厅 45.02平米,2012/05,150,33319
什锦花园胡同21号院 2室1厅 49.04平米,2012/05,175,35686
东四二条 2室1厅 57.55平米,2012/04,202,35100
美术馆后街 3室1厅 93.18平米,2012/03,326.5,35040
东四北大街 2室1厅 65.45平米,2012/01,172,26280
东四十条 3室1厅 90.34平米,2011/09,320,35422
大菊胡同 1室1厅 60.9平米,2011/09,335,55009
