领秀新硅谷1号院 3室2厅 139.01平米,2018/03,1025,73736
智学苑 2室1厅 99.26平米,2018/03,465,46847
铭科苑 2室1厅 66平米,2018/03,351,53182
领秀新硅谷2号院 2室2厅 108.05平米,2018/03,760,70338
铭科苑 3室1厅 83.4平米,2018/03,515,61751
铭科苑 2室1厅 67平米,2018/03,376,56120
铭科苑 2室1厅 66.3平米,2018/03,395,59578
智学苑 2室1厅 63.82平米,2018/03,420,65811
博雅德园 3室2厅 137.74平米,2018/02,796,57791
智学苑 2室1厅 69.05平米,2018/02,380,55033
铭科苑 2室1厅 72.42平米,2018/02,381,52610
智学苑 3室1厅 113.48平米,2018/02,520,45824
博雅德园 2室2厅 95平米,2018/01,620,65264
智学苑 2室1厅 98.54平米,2018/01,420,42623
领秀新硅谷1号院 2室1厅 87.31平米,2018/01,684.5,78399
智学苑 1室1厅 54.65平米,2018/01,320,58555
铭科苑 1室1厅 57.8平米,2018/01,356,61592
领秀新硅谷1号院 1室1厅 66.52平米,2018/01,498,74865
铭科苑 2室1厅 65.5平米,2018/01,412,62901
燕尚园 3室2厅 99.01平米,2018/01,718,72518
领秀新硅谷1号院 3室2厅 123.86平米,2018/01,930,75085
领秀新硅谷1号院 3室1厅 140.18平米,2018/01,1020,72764
铭科苑 2室1厅 92.06平米,2018/01,467.5,50783
领秀新硅谷1号院 2室1厅 95.7平米,2017/12,725,75758
铭科苑 2室1厅 65平米,2017/12,418,64308
领秀新硅谷1号院 2室1厅 95.06平米,2017/12,718,75532
领秀新硅谷1号院 1室1厅 49.37平米,2017/12,407,82439
智学苑 2室1厅 69.05平米,2017/12,427.5,61912
博雅德园 2室2厅 95平米,2017/12,592,62316
智学苑 2室1厅 63.82平米,2017/12,410,64244
智学苑 3室2厅 126.08平米,2017/12,600,47589
博雅德园 2室2厅 94.57平米,2017/12,575,60802
铭科苑 1室1厅 72.06平米,2017/11,386,53567
智学苑 2室1厅 68.71平米,2017/11,450,65493
智学苑 3室1厅 116.81平米,2017/11,475,40665
智学苑 3室2厅 120.72平米,2017/11,590,48874
博雅德园 3室2厅 133.02平米,2017/11,768,57736
领秀硅谷 3室2厅 121.95平米,2017/10,891.4,73096
博雅德园 3室2厅 137.87平米,2017/10,830,60202
智学苑 3室1厅 123.47平米,2017/10,579,46894
领秀新硅谷1号院 2室1厅 96.22平米,2017/10,740,76908
燕尚园 3室2厅 130.11平米,2017/10,905,69557
领秀新硅谷1号院 2室1厅 95.54平米,2017/10,725,75885
博雅德园 3室2厅 137.87平米,2017/10,815,59114
博雅德园 2室2厅 104.11平米,2017/09,648,62242
铭科苑 2室1厅 92.06平米,2017/09,499,54204
领秀新硅谷2号院 2室2厅 105.92平米,2017/09,710,67032
领秀新硅谷2号院 2室1厅 87.43平米,2017/09,650,74346
智学苑 3室2厅 133.92平米,2017/09,600,44803
领秀新硅谷1号院 1室1厅 66.52平米,2017/09,488,73362
铭科苑 2室1厅 70.2平米,2017/09,460,65528
领秀新硅谷2号院 3室1厅 149.85平米,2017/09,1200,80081
领秀新硅谷1号院 2室1厅 95.54平米,2017/09,768,80386
领秀硅谷 3室2厅 122.49平米,2017/08,870,71027
铭科苑 2室1厅 69.8平米,2017/08,424,60745
领秀新硅谷1号院 2室1厅 95.06平米,2017/08,743,78162
智学苑 2室1厅 68.71平米,2017/07,485,70587
博雅德园 3室2厅 142.29平米,2017/07,860,60440
领秀新硅谷1号院 2室2厅 95.68平米,2017/07,730,76296
智学苑 2室1厅 66.86平米,2017/07,415,62070
领秀新硅谷1号院 3室1厅 89.74平米,2017/06,698,77781
智学苑 2室1厅 68.71平米,2017/06,455,66221
铭科苑 2室1厅 70.2平米,2017/06,498,70941
铭科苑 2室1厅 70.6平米,2017/06,438,62040
铭科苑 2室1厅 65.01平米,2017/06,500,76912
智学苑 3室1厅 85.39平米,2017/06,450,52700
领秀新硅谷2号院 3室2厅 144.58平米,2017/05,1260,87149
燕尚园 2室1厅 98.39平米,2017/05,662,67284
领秀硅谷 3室2厅 122.75平米,2017/04,950,77394
智学苑 3室1厅 119.88平米,2017/04,618,51552
领秀新硅谷1号院 2室1厅 95.54平米,2017/04,850,88968
领秀硅谷 3室1厅 122.35平米,2017/04,1003,81978
智学苑 2室1厅 82.36平米,2017/03,490,59495
燕尚园 2室1厅 98.83平米,2017/03,725,73359
博雅德园 2室2厅 125.77平米,2017/03,815,64801
领秀硅谷 3室2厅 150.06平米,2017/03,1035,68973
铭科苑 2室1厅 86平米,2017/03,520,60466
铭科苑 3室1厅 91.5平米,2017/03,613,66995
领秀新硅谷2号院 2室1厅 83.28平米,2017/03,725,87056
铭科苑 2室1厅 62.8平米,2017/03,490,78026
铭科苑 2室1厅 59.68平米,2017/03,500,83781
领秀硅谷 3室2厅 194平米,2017/03,1510,77836
智学苑 3室0厅 69.05平米,2017/03,500,72412
智学苑 3室2厅 128.21平米,2017/03,700,54598
领秀硅谷 5室3厅 259.2平米,2017/03,1800,69445
智学苑 1室1厅 54.65平米,2017/03,338,61849
智学苑 1室1厅 54.88平米,2017/03,359,65416
铭科苑 2室1厅 62.4平米,2017/03,436,69872
铭科苑 2室1厅 72.1平米,2017/03,533,73926
铭科苑 2室1厅 67.1平米,2017/03,462,68853
铭科苑 1室1厅 72.06平米,2017/03,438,60783
领秀新硅谷2号院 2室2厅 118平米,2017/03,1100,93221
领秀新硅谷1号院 3室2厅 144.08平米,2017/03,1185,82246
铭科苑 1室1厅 53.6平米,2017/03,384,71642
铭科苑 2室1厅 65.6平米,2017/03,460,70122
智学苑 3室1厅 106.87平米,2017/03,600,56143
铭科苑 1室1厅 72.06平米,2017/03,430,59673
领秀硅谷 3室2厅 122.35平米,2017/03,938,76666
领秀硅谷 3室2厅 143.68平米,2017/02,1038,72244
领秀硅谷 3室2厅 152.6平米,2017/02,1060,69463
领秀新硅谷1号院 1室1厅 66.88平米,2017/02,557,83284
领秀新硅谷1号院 3室1厅 89平米,2017/02,800,89888
铭科苑 1室1厅 57.2平米,2017/02,390,68182
领秀新硅谷1号院 3室1厅 89平米,2017/02,765,85956
智学苑 2室1厅 69.05平米,2017/02,467,67633
领秀硅谷 3室2厅 121.95平米,2017/02,909,74539
领秀硅谷 3室2厅 194平米,2017/02,1450,74743
领秀新硅谷1号院 1室1厅 66.52平米,2017/02,535,80427
铭科苑 2室1厅 65.72平米,2017/02,440,66951
智学苑 3室2厅 126.2平米,2017/02,575,45563
领秀新硅谷1号院 2室2厅 96.22平米,2017/02,730,75868
铭科苑 2室1厅 65.5平米,2017/02,433,66107
铭科苑 1室1厅 58.5平米,2017/02,375,64103
铭科苑 1室1厅 66平米,2017/01,395,59849
领秀硅谷 3室2厅 142.91平米,2017/01,1035,72424
博雅德园 1室1厅 51.79平米,2017/01,370,71443
智学苑 2室1厅 98平米,2017/01,473,48266
智学苑 2室1厅 82.36平米,2017/01,443,53789
智学苑 3室2厅 127平米,2017/01,646,50867
智学苑 2室1厅 98.15平米,2017/01,435,44320
领秀新硅谷2号院 2室2厅 123.01平米,2017/01,1016,82595
智学苑 3室2厅 128.21平米,2017/01,606,47267
领秀硅谷 3室2厅 194平米,2016/12,1560,80413
铭科苑 2室1厅 65平米,2016/12,465,71539
博雅德园 2室2厅 99.46平米,2016/12,690,69375
燕尚园 3室2厅 132.22平米,2016/12,880,66556
铭科苑 2室1厅 69.1平米,2016/12,430,62229
铭科苑 1室1厅 72.06平米,2016/12,390.4,54178
领秀新硅谷1号院 3室2厅 89.74平米,2016/12,740,82461
智学苑 2室1厅 66.9平米,2016/12,400,59791
智学苑 3室2厅 128.21平米,2016/12,621,48437
智学苑 2室1厅 88.49平米,2016/12,505,57069
铭科苑 1室1厅 72.06平米,2016/12,386,53567
铭科苑 2室1厅 65平米,2016/12,440,67693
铭科苑 1室1厅 66平米,2016/12,378,57273
铭科苑 2室1厅 65.5平米,2016/12,445,67939
智学苑 3室2厅 128.2平米,2016/12,570,44462
智学苑 2室1厅 99.26平米,2016/11,410,41306
智学苑 2室1厅 101.81平米,2016/11,448,44004
领秀新硅谷1号院 2室2厅 89.74平米,2016/11,738,82238
领秀新硅谷1号院 3室1厅 97.82平米,2016/11,404.8,41383
领秀新硅谷1号院 3室2厅 89.19平米,2016/11,680,76242
领秀新硅谷2号院 4室2厅 265平米,2016/10,2100,79246
领秀新硅谷2号院 3室2厅 145平米,2016/10,1063,73311
智学苑 2室1厅 88.48平米,2016/10,550,62161
铭科苑 3室1厅 92.08平米,2016/10,492,53432
铭科苑 2室1厅 64.92平米,2016/10,398,61307
燕尚园 3室1厅 132.5平米,2016/10,870,65661
智学苑 2室1厅 68.71平米,2016/10,465,67676
领秀新硅谷1号院 4室2厅 111平米,2016/10,1040,93694
智学苑 2室1厅 63.63平米,2016/10,450,70722
智学苑 3室1厅 113.48平米,2016/09,540,47586
领秀新硅谷1号院 2室1厅 95平米,2016/09,742,78106
智学苑 3室2厅 126.08平米,2016/09,510,40451
铭科苑 1室1厅 57.9平米,2016/09,302,52159
领秀新硅谷1号院 3室2厅 89平米,2016/09,730,82023
智学苑 2室1厅 90.06平米,2016/09,390,43305
铭科苑 2室1厅 66平米,2016/09,367,55607
智学苑 3室1厅 113.48平米,2016/09,418,36835
智学苑 3室1厅 126.2平米,2016/09,535,42394
智学苑 2室1厅 96平米,2016/09,510,53125
铭科苑 2室1厅 62.5平米,2016/09,392,62720
领秀新硅谷1号院 4室1厅 111平米,2016/09,933,84055
铭科苑 2室1厅 78平米,2016/09,415,53206
智学苑 2室2厅 88.86平米,2016/09,491,55256
智学苑 2室2厅 88.85平米,2016/09,518,58301
领秀新硅谷1号院 3室2厅 142.51平米,2016/09,888,62312
智学苑 3室2厅 117.45平米,2016/09,517,44019
铭科苑 3室1厅 96.1平米,2016/09,424,44121
领秀新硅谷2号院 2室2厅 120平米,2016/09,850,70834
领秀新硅谷1号院 3室1厅 89平米,2016/09,658,73933
领秀新硅谷2号院 2室1厅 87平米,2016/09,625,71840
智学苑 3室2厅 108平米,2016/09,492,45556
铭科苑 1室1厅 72.06平米,2016/09,363,50375
铭科苑 1室1厅 52.9平米,2016/09,280,52931
领秀新硅谷1号院 1室0厅 74.29平米,2016/09,378,50882
铭科苑 2室1厅 71.1平米,2016/09,393,55275
铭科苑 2室1厅 67.2平米,2016/09,395,58780
铭科苑 1室1厅 72.06平米,2016/09,368,51069
智学苑 3室2厅 161.53平米,2016/08,628,38879
铭科苑 2室1厅 66.3平米,2016/08,388,58522
铭科苑 2室1厅 62.5平米,2016/08,378,60480
领秀新硅谷2号院 2室2厅 87.41平米,2016/08,600,68643
智学苑 2室1厅 69.5平米,2016/08,340,48921
领秀新硅谷2号院 2室2厅 122平米,2016/08,775,63525
领秀新硅谷2号院 2室2厅 80.3平米,2016/08,560,69739
铭科苑 2室1厅 86.3平米,2016/08,350,40557
铭科苑 3室1厅 114.27平米,2016/08,482,42181
智学苑 2室2厅 114平米,2016/08,480,42106
智学苑 1室1厅 54.88平米,2016/08,240,43732
领秀新硅谷1号院 2室2厅 95.54平米,2016/08,675,70652
铭科苑 2室1厅 65平米,2016/08,389,59847
智学苑 2室1厅 98.15平米,2016/08,399.9,40744
铭科苑 3室1厅 114.24平米,2016/08,452,39566
领秀新硅谷1号院 2室2厅 96.22平米,2016/08,630,65475
智学苑 2室1厅 68.57平米,2016/08,360,52502
领秀新硅谷1号院 2室2厅 89平米,2016/08,630,70787
智学苑 3室2厅 123.47平米,2016/08,480,38876
智学苑 3室2厅 128.21平米,2016/08,490,38219
智学苑 1室1厅 55平米,2016/08,275,50000
智学苑 1室1厅 55.52平米,2016/08,265,47731
博雅德园 3室2厅 137平米,2016/08,742,54161
博雅德园 3室2厅 137.87平米,2016/08,715,51861
铭科苑 1室2厅 72.06平米,2016/08,345,47877
铭科苑 3室1厅 90.4平米,2016/08,431,47677
领秀新硅谷2号院 2室2厅 108.97平米,2016/08,640,58732
博雅德园 2室2厅 104.11平米,2016/08,596,57248
领秀新硅谷1号院 2室2厅 106.89平米,2016/08,700,65488
铭科苑 2室1厅 86.3平米,2016/08,385,44612
博雅德园 2室2厅 104平米,2016/08,593,57020
铭科苑 2室1厅 69.54平米,2016/08,375,53926
铭科苑 3室2厅 114.24平米,2016/08,488,42718
领秀新硅谷1号院 1室2厅 110平米,2016/07,634,57637
铭科苑 2室1厅 66.3平米,2016/07,353,53243
铭科苑 2室1厅 71.3平米,2016/07,345,48388
智学苑 2室1厅 88.49平米,2016/07,413,46672
领秀硅谷 3室2厅 122平米,2016/07,650,53279
领秀新硅谷2号院 3室2厅 166.63平米,2016/07,895,53712
智学苑 2室1厅 66.86平米,2016/07,360,53844
燕尚园 3室2厅 131.57平米,2016/07,758,57612
博雅德园 3室2厅 137.74平米,2016/07,690,50095
铭科苑 3室1厅 91平米,2016/07,405,44506
智学苑 1室1厅 54.88平米,2016/07,268,48834
智学苑 3室1厅 113.48平米,2016/07,380,33487
领秀新硅谷1号院 2室2厅 96平米,2016/07,645,67188
铭科苑 2室1厅 71.2平米,2016/07,328,46068
智学苑 3室1厅 126.2平米,2016/07,415,32885
铭科苑 2室1厅 65.5平米,2016/07,329,50230
铭科苑 1室1厅 72.06平米,2016/07,298.5,41424
铭科苑 2室1厅 66.3平米,2016/07,343.5,51810
智学苑 3室2厅 126.08平米,2016/07,465,36882
智学苑 3室1厅 85.08平米,2016/07,420,49366
领秀新硅谷2号院 4室3厅 227平米,2016/07,1790,78855
领秀硅谷 3室2厅 126.39平米,2016/07,660,52220
铭科苑 1室1厅 72.06平米,2016/07,315,43714
智学苑 3室2厅 126.65平米,2016/07,405,31978
领秀硅谷 3室2厅 126.53平米,2016/07,605,47815
智学苑 3室2厅 123.47平米,2016/07,363,29400
燕尚园 3室2厅 130.57平米,2016/07,650,49782
博雅德园 1室0厅 51.99平米,2016/07,270,51934
智学苑 3室2厅 126.2平米,2016/07,450,35658
智学苑 1室1厅 54.88平米,2016/07,263,47923
智学苑 1室1厅 55.52平米,2016/06,261.5,47101
铭科苑 2室1厅 86.3平米,2016/06,375,43454
铭科苑 1室1厅 72.06平米,2016/06,288,39967
博雅德园 3室2厅 137.74平米,2016/06,683,49587
领秀新硅谷2号院 2室1厅 109.17平米,2016/06,525,48091
智学苑 1室1厅 54.65平米,2016/06,208,38061
博雅德园 3室2厅 141.86平米,2016/06,738,52024
博雅德园 1室1厅 51.99平米,2016/06,260,50010
铭科苑 2室1厅 92.06平米,2016/06,395,42907
博雅德园 3室2厅 136.97平米,2016/06,689,50303
智学苑 3室1厅 131.81平米,2016/06,520,39451
领秀新硅谷1号院 3室2厅 144.42平米,2016/06,853,59064
铭科苑 1室1厅 66平米,2016/06,300,45455
领秀新硅谷2号院 2室1厅 87.41平米,2016/06,512,58575
领秀新硅谷1号院 3室2厅 110.99平米,2016/06,820,73881
领秀新硅谷1号院 2室2厅 95.39平米,2016/06,616,64577
智学苑 2室1厅 101.81平米,2016/06,374.4,36775
铭科苑 2室1厅 86.3平米,2016/06,350,40557
铭科苑 2室1厅 66.3平米,2016/06,314,47361
铭科苑 2室1厅 65.01平米,2016/06,335,51531
铭科苑 2室1厅 66.3平米,2016/05,305,46004
铭科苑 2室1厅 64.3平米,2016/05,347,53966
智学苑 3室2厅 119.9平米,2016/05,470,39200
领秀新硅谷1号院 3室2厅 141.74平米,2016/05,810,57147
领秀新硅谷1号院 3室2厅 139.32平米,2016/05,882,63308
智学苑 2室1厅 68.71平米,2016/05,286,41625
燕尚园 3室1厅 130.92平米,2016/05,675,51559
领秀新硅谷1号院 4室2厅 298.21平米,2016/05,1480,49630
博雅德园 1室1厅 51.99平米,2016/05,270,51934
铭科苑 2室1厅 62.5平米,2016/05,304.3,48688
铭科苑 3室1厅 98.9平米,2016/05,375,37918
领秀新硅谷2号院 5室2厅 235.06平米,2016/05,1580,67217
博雅德园 2室1厅 104.11平米,2016/05,555,53310
智学苑 2室1厅 99.26平米,2016/05,370,37276
领秀新硅谷1号院 3室2厅 143.37平米,2016/05,815,56846
智学苑 2室1厅 96.1平米,2016/05,390,40583
领秀新硅谷1号院 3室2厅 143.89平米,2016/05,775,53861
铭科苑 2室1厅 72.42平米,2016/05,328,45292
铭科苑 2室1厅 66.3平米,2016/05,327,49322
领秀新硅谷1号院 2室2厅 95.06平米,2016/05,608,63960
智学苑 3室1厅 82.6平米,2016/05,315,38136
铭科苑 2室1厅 65.5平米,2016/05,335,51146
铭科苑 1室1厅 58.5平米,2016/05,256,43761
智学苑 3室1厅 119.88平米,2016/04,415,34618
博雅德园 3室2厅 144.76平米,2016/04,723,49945
智学苑 3室2厅 126.2平米,2016/04,410,32489
智学苑 3室1厅 123.47平米,2016/04,440,35637
智学苑 2室1厅 69.05平米,2016/04,325,47068
铭科苑 2室1厅 66.3平米,2016/04,330,49774
领秀新硅谷2号院 2室1厅 83.14平米,2016/04,438,52683
智学苑 2室1厅 69.05平米,2016/04,336,48661
智学苑 3室2厅 119.88平米,2016/04,417,34785
智学苑 2室1厅 68.58平米,2016/04,285,41558
领秀新硅谷1号院 2室2厅 95.06平米,2016/04,609,64065
智学苑 3室2厅 126.2平米,2016/04,410,32489
领秀新硅谷1号院 3室2厅 89.07平米,2016/04,525,58943
铭科苑 2室1厅 67.1平米,2016/04,275,40984
智学苑 1室1厅 68.87平米,2016/04,260,37753
智学苑 3室1厅 101.19平米,2016/04,430,42495
智学苑 1室1厅 53.01平米,2016/04,233,43954
智学苑 2室1厅 99.26平米,2016/04,334,33647
领秀新硅谷2号院 3室2厅 114.97平米,2016/04,720,62626
博雅德园 3室2厅 137.87平米,2016/03,660,47872
智学苑 3室2厅 120.72平米,2016/03,420,34792
领秀新硅谷2号院 2室2厅 125.21平米,2016/03,650,51913
智学苑 3室2厅 126.2平米,2016/03,430,34073
铭科苑 2室1厅 72.42平米,2016/03,300,41426
领秀新硅谷1号院 2室2厅 95.32平米,2016/03,563,59065
领秀新硅谷2号院 5室2厅 231.77平米,2016/03,1449.8,62554
领秀硅谷 3室2厅 144.72平米,2016/03,774,53483
智学苑 3室2厅 106.87平米,2016/03,410,38365
铭科苑 2室1厅 70.6平米,2016/03,279,39519
智学苑 3室2厅 107.19平米,2016/03,350,32653
领秀硅谷 3室2厅 143.68平米,2016/03,730,50808
智学苑 2室1厅 88.49平米,2016/03,404,45655
领秀硅谷 3室2厅 121.95平米,2016/03,660,54121
铭科苑 2室1厅 65.5平米,2016/03,303,46260
智学苑 3室2厅 118.62平米,2016/03,398,33553
燕尚园 3室2厅 130.88平米,2016/03,696,53179
铭科苑 2室1厅 66.3平米,2016/03,325,49020
铭科苑 3室2厅 114.24平米,2016/03,440,38516
领秀新硅谷2号院 1室2厅 86.9平米,2016/03,450,51784
智学苑 2室1厅 101.81平米,2016/03,294,28878
智学苑 2室1厅 98.15平米,2016/03,363,36985
领秀新硅谷1号院 3室2厅 145.38平米,2016/03,770,52965
领秀新硅谷1号院 1室2厅 66.88平米,2016/03,355,53081
铭科苑 1室1厅 57.9平米,2016/03,243,41969
领秀新硅谷1号院 2室1厅 65.59平米,2016/03,325,49551
智学苑 1室1厅 68.87平米,2016/03,262,38043
智学苑 3室1厅 113.48平米,2016/03,330,29081
领秀新硅谷1号院 4室2厅 306.06平米,2016/03,1280,41822
博雅德园 3室2厅 133.11平米,2016/03,630,47330
领秀新硅谷1号院 2室2厅 95.19平米,2016/03,606,63663
领秀新硅谷1号院 3室2厅 146.17平米,2016/03,810,55415
领秀新硅谷2号院 4室2厅 235.39平米,2016/03,922,39170
智学苑 3室1厅 113.48平米,2016/03,331,29169
智学苑 2室1厅 98.15平米,2016/03,308,31381
智学苑 3室1厅 128.68平米,2016/03,400,31085
铭科苑 1室1厅 65.5平米,2016/03,267,40764
铭科苑 2室1厅 66.3平米,2016/03,315,47512
领秀新硅谷1号院 3室2厅 144.03平米,2016/03,810,56239
铭科苑 2室1厅 66.3平米,2016/03,318,47964
智学苑 3室2厅 126.2平米,2016/03,375,29715
智学苑 4室2厅 161.53平米,2016/03,450,27859
博雅德园 3室2厅 141.86平米,2016/02,636,44833
铭科苑 2室1厅 66.3平米,2016/02,294.5,44420
铭科苑 2室1厅 66.3平米,2016/02,317.9,47949
铭科苑 2室1厅 66.3平米,2016/02,280,42233
智学苑 2室1厅 88.49平米,2016/02,347,39214
智学苑 2室1厅 99.26平米,2016/02,362,36470
铭科苑 2室1厅 66平米,2016/02,267,40455
领秀新硅谷2号院 2室2厅 124.91平米,2016/02,605,48435
铭科苑 2室1厅 67平米,2016/02,244,36418
铭科苑 2室1厅 65.72平米,2016/02,295,44888
智学苑 3室1厅 141.8平米,2016/02,420,29620
铭科苑 2室1厅 70.6平米,2016/02,285,40369
铭科苑 2室1厅 65.5平米,2016/02,280,42749
智学苑 2室1厅 68.71平米,2016/02,285,41479
智学苑 1室1厅 54.88平米,2016/02,207,37719
智学苑 3室2厅 141.71平米,2016/02,427,30132
铭科苑 2室1厅 63.82平米,2016/02,306,47948
领秀新硅谷2号院 1室2厅 87.43平米,2016/02,434,49640
智学苑 3室2厅 141.71平米,2016/02,427,30132
智学苑 3室1厅 126.2平米,2016/02,373,29557
智学苑 2室2厅 101.81平米,2016/02,307,30155
智学苑 2室1厅 68.58平米,2016/02,285,41558
博雅德园 2室1厅 116.73平米,2016/02,510,43691
智学苑 2室1厅 68.71平米,2016/02,319,46428
智学苑 1室1厅 54.65平米,2016/02,206,37695
领秀新硅谷2号院 2室2厅 125.19平米,2016/02,550,43934
铭科苑 2室1厅 65.7平米,2016/01,258,39270
智学苑 2室1厅 88.49平米,2016/01,302,34129
智学苑 2室1厅 82.36平米,2016/01,257,31205
智学苑 2室1厅 69.05平米,2016/01,226,32730
智学苑 2室1厅 69.05平米,2016/01,226,32730
燕尚园 3室2厅 100.48平米,2016/01,495,49264
领秀新硅谷1号院 3室2厅 144.49平米,2016/01,650,44986
领秀硅谷 3室2厅 122.25平米,2016/01,625,51125
领秀新硅谷1号院 2室2厅 95.7平米,2016/01,500,52247
智学苑 2室1厅 68.58平米,2016/01,309,45057
铭科苑 2室1厅 61.1平米,2016/01,238,38953
领秀新硅谷2号院 2室2厅 125.19平米,2016/01,601,48008
智学苑 3室2厅 126.08平米,2016/01,380,30140
智学苑 3室1厅 123.47平米,2016/01,387,31344
领秀新硅谷2号院 3室2厅 150.3平米,2016/01,780,51897
智学苑 2室1厅 101.81平米,2016/01,296,29074
智学苑 2室1厅 88.49平米,2016/01,320,36163
铭科苑 2室1厅 69.8平米,2016/01,282,40402
领秀硅谷 3室2厅 193.03平米,2016/01,967,50096
博雅德园 1室1厅 51.79平米,2016/01,210,40549
领秀硅谷 3室2厅 122.95平米,2016/01,595,48394
智学苑 3室1厅 120.61平米,2016/01,363,30098
领秀新硅谷2号院 2室2厅 117平米,2016/01,536,45812
铭科苑 2室1厅 71.1平米,2016/01,289,40647
燕尚园 3室2厅 130.43平米,2016/01,592,45389
铭科苑 1室1厅 66平米,2016/01,200.2,30334
智学苑 1室1厅 68.87平米,2015/12,236,34268
铭科苑 2室1厅 86.3平米,2015/12,299,34647
铭科苑 1室1厅 57.8平米,2015/12,214,37025
领秀新硅谷1号院 3室2厅 139.89平米,2015/12,589,42105
领秀硅谷 3室2厅 153.85平米,2015/12,665,43224
铭科苑 1室1厅 58.5平米,2015/12,194.5,33248
智学苑 2室1厅 98.15平米,2015/12,280,28528
领秀硅谷 3室2厅 149.7平米,2015/12,635,42419
燕尚园 3室2厅 131.4平米,2015/12,610,46424
铭科苑 2室1厅 72.7平米,2015/12,263,36177
智学苑 3室1厅 119.09平米,2015/12,430,36108
智学苑 3室1厅 128.21平米,2015/12,420,32759
智学苑 2室1厅 69.05平米,2015/12,275,39827
智学苑 3室1厅 126.65平米,2015/12,379,29925
领秀硅谷 2室2厅 105.15平米,2015/12,530,50405
领秀新硅谷2号院 5室2厅 234.01平米,2015/12,1360,58118
领秀新硅谷2号院 2室2厅 120.63平米,2015/12,550,45594
智学苑 2室1厅 99.26平米,2015/12,261,26295
智学苑 3室1厅 119.9平米,2015/12,400,33362
智学苑 2室1厅 63.63平米,2015/12,266,41805
智学苑 2室1厅 99.26平米,2015/12,236,23776
领秀新硅谷2号院 1室1厅 87.41平米,2015/12,399,45647
铭科苑 1室1厅 57.7平米,2015/11,208,36049
领秀硅谷 3室2厅 122.35平米,2015/11,556,45444
领秀新硅谷2号院 1室1厅 87.41平米,2015/11,395,45190
领秀新硅谷1号院 3室2厅 143.37平米,2015/11,745,51964
铭科苑 2室1厅 62.4平米,2015/11,238,38142
博雅德园 3室2厅 137.87平米,2015/11,568.5,41235
领秀新硅谷2号院 3室2厅 156.2平米,2015/11,826,52881
领秀新硅谷2号院 2室2厅 119.03平米,2015/11,580,48728
铭科苑 2室1厅 65.5平米,2015/11,252,38474
铭科苑 2室1厅 70.6平米,2015/11,282,39944
智学苑 2室1厅 68.57平米,2015/11,256,37335
智学苑 3室1厅 101.19平米,2015/11,366.6,36229
智学苑 3室1厅 113.48平米,2015/11,295,25996
领秀新硅谷2号院 2室2厅 120.97平米,2015/11,610,50426
领秀新硅谷2号院 2室1厅 83.31平米,2015/11,418,50175
博雅德园 1室0厅 51.99平米,2015/11,205.5,39527
领秀新硅谷2号院 3室2厅 135.74平米,2015/11,620,45676
领秀新硅谷2号院 3室2厅 145.78平米,2015/10,746,51174
铭科苑 2室1厅 65.5平米,2015/10,253,38626
领秀新硅谷1号院 4室2厅 307.47平米,2015/10,1220,39679
铭科苑 2室1厅 65.5平米,2015/10,249,38016
铭科苑 2室1厅 66.3平米,2015/10,289,43590
铭科苑 2室1厅 64.73平米,2015/10,287,44339
智学苑 3室1厅 124.34平米,2015/10,368,29597
铭科苑 2室1厅 65.5平米,2015/10,252.5,38550
铭科苑 1室1厅 72.06平米,2015/10,232,32196
领秀硅谷 3室2厅 153.34平米,2015/10,658,42912
智学苑 3室2厅 128.21平米,2015/10,348,27143
博雅德园 2室1厅 104.11平米,2015/10,432,41495
铭科苑 2室1厅 62.4平米,2015/10,239.5,38382
智学苑 2室1厅 88.47平米,2015/10,319,36058
领秀新硅谷2号院 2室2厅 119.54平米,2015/10,580,48520
铭科苑 1室2厅 66平米,2015/10,223.9,33925
铭科苑 2室1厅 86.3平米,2015/10,280,32445
铭科苑 2室1厅 65.5平米,2015/10,274.5,41909
领秀新硅谷1号院 3室2厅 144.08平米,2015/10,650,45114
智学苑 2室1厅 63.82平米,2015/10,280,43874
智学苑 3室2厅 128.21平米,2015/10,366,28547
领秀新硅谷1号院 3室2厅 145.11平米,2015/09,699,48171
智学苑 2室1厅 88.73平米,2015/09,275,30993
领秀新硅谷2号院 5室2厅 230.28平米,2015/09,1300,56454
领秀新硅谷2号院 3室2厅 153.29平米,2015/09,715,46644
铭科苑 3室1厅 98.6平米,2015/09,274,27790
领秀新硅谷2号院 2室2厅 147.13平米,2015/09,675,45878
领秀新硅谷2号院 4室2厅 215.97平米,2015/08,1068,49452
铭科苑 2室1厅 66.3平米,2015/08,242,36501
领秀新硅谷1号院 1室2厅 66.52平米,2015/08,275,41341
铭科苑 2室1厅 86.3平米,2015/08,239,27695
铭科苑 2室1厅 65平米,2015/08,280,43077
智学苑 3室1厅 85.25平米,2015/08,295,34605
智学苑 3室2厅 126.08平米,2015/08,348,27602
领秀新硅谷1号院 2室2厅 95.39平米,2015/08,430,45079
铭科苑 3室1厅 114.24平米,2015/08,307,26874
领秀新硅谷1号院 4室2厅 298.48平米,2015/08,1150,38529
铭科苑 1室1厅 72.06平米,2015/08,210,29143
领秀新硅谷2号院 4室2厅 166.63平米,2015/08,672,40329
铭科苑 3室1厅 92.27平米,2015/07,310,33598
领秀硅谷 3室2厅 153.85平米,2015/07,670,43549
博雅德园 2室1厅 94.5平米,2015/07,415,43916
燕尚园 3室2厅 98.71平米,2015/07,439,44474
领秀新硅谷1号院 1室2厅 87.37平米,2015/07,445,50933
领秀新硅谷2号院 2室2厅 125.19平米,2015/07,537.5,42935
领秀硅谷 3室2厅 144.17平米,2015/07,580,40231
铭科苑 2室1厅 70平米,2015/07,237.5,33929
博雅德园 3室2厅 137.3平米,2015/07,504.5,36745
智学苑 2室1厅 88.49平米,2015/07,298,33677
铭科苑 1室1厅 72.06平米,2015/07,212,29420
铭科苑 2室1厅 66.3平米,2015/07,243.8,36773
领秀新硅谷2号院 4室2厅 284.45平米,2015/07,1430,50273
铭科苑 3室1厅 96.1平米,2015/07,302,31426
铭科苑 2室1厅 66.3平米,2015/07,246.5,37180
领秀新硅谷1号院 2室1厅 89.14平米,2015/07,385,43191
铭科苑 2室1厅 70.6平米,2015/07,257,36403
铭科苑 1室1厅 72.06平米,2015/07,200,27755
领秀新硅谷1号院 2室2厅 88.76平米,2015/07,456.5,51431
博雅德园 3室2厅 142.74平米,2015/07,536.8,37607
铭科苑 2室1厅 64.3平米,2015/07,251,39036
铭科苑 2室1厅 71.1平米,2015/07,243,34178
铭科苑 2室1厅 65平米,2015/07,257.5,39616
领秀新硅谷1号院 3室2厅 145.43平米,2015/07,605,41601
铭科苑 1室1厅 52.9平米,2015/06,185,34972
智学苑 2室1厅 99.26平米,2015/06,266,26799
领秀新硅谷2号院 2室2厅 125.19平米,2015/06,520,41537
领秀新硅谷1号院 3室2厅 143.69平米,2015/06,545,37929
智学苑 3室2厅 126.2平米,2015/06,340,26942
领秀硅谷 5室2厅 233.56平米,2015/06,975,41746
领秀新硅谷2号院 2室2厅 124.74平米,2015/06,479,38400
领秀硅谷 3室2厅 180.19平米,2015/06,845,46895
领秀硅谷 4室2厅 180.39平米,2015/06,730,40468
领秀硅谷 3室2厅 153.69平米,2015/06,632,41122
领秀新硅谷1号院 3室2厅 89.19平米,2015/06,387.5,43447
智学苑 2室2厅 80.7平米,2015/06,253,31351
智学苑 2室1厅 68.58平米,2015/06,275.5,40173
领秀新硅谷2号院 3室2厅 150.88平米,2015/06,666,44142
领秀新硅谷1号院 3室2厅 110.98平米,2015/06,600,54064
领秀硅谷 3室2厅 143.85平米,2015/06,538,37401
领秀新硅谷1号院 2室2厅 95.39平米,2015/06,451,47280
智学苑 2室1厅 99.26平米,2015/06,253,25489
铭科苑 1室1厅 57.2平米,2015/05,168,29371
智学苑 2室1厅 88.86平米,2015/05,303,34099
博雅德园 1室1厅 51.99平米,2015/05,198,38085
铭科苑 2室1厅 65.72平米,2015/05,262.5,39943
铭科苑 1室1厅 72.06平米,2015/05,208,28865
铭科苑 2室1厅 62.4平米,2015/05,237,37981
智学苑 2室1厅 68.58平米,2015/05,257,37475
领秀新硅谷1号院 4室2厅 146.98平米,2015/05,630,42863
领秀新硅谷1号院 3室2厅 143.89平米,2015/05,620,43089
智学苑 3室1厅 117.42平米,2015/05,345,29382
铭科苑 1室1厅 58平米,2015/05,167.2,28825
博雅德园 1室1厅 51.99平米,2015/05,193,37123
领秀新硅谷1号院 2室2厅 95.7平米,2015/05,410,42843
领秀新硅谷1号院 2室2厅 95.06平米,2015/04,390,41027
智学苑 3室2厅 123.47平米,2015/04,310,25108
领秀新硅谷1号院 2室2厅 95.54平米,2015/04,400,41868
领秀新硅谷1号院 4室2厅 153.47平米,2015/04,630,41051
铭科苑 2室1厅 65平米,2015/04,252,38770
智学苑 3室2厅 135.71平米,2015/04,380,28001
智学苑 3室2厅 141.71平米,2015/04,365,25757
铭科苑 2室1厅 66.3平米,2015/04,246,37105
铭科苑 2室1厅 65.7平米,2015/04,229.5,34932
智学苑 2室1厅 98.54平米,2015/04,305,30952
铭科苑 2室1厅 71.1平米,2015/04,260,36569
智学苑 2室1厅 80.7平米,2015/04,266.5,33024
铭科苑 2室1厅 66.3平米,2015/04,275,41479
智学苑 4室2厅 179.03平米,2015/04,420,23460
铭科苑 1室1厅 66平米,2015/04,214,32425
领秀新硅谷2号院 2室2厅 119.54平米,2015/04,480,40154
智学苑 3室1厅 116.81平米,2015/04,335,28680
博雅德园 1室1厅 84.01平米,2015/04,310,36901
智学苑 3室2厅 141.74平米,2015/04,0.1,3
领秀新硅谷2号院 3室2厅 115.01平米,2015/04,600,52170
铭科苑 2室2厅 92.06平米,2015/03,305,33131
智学苑 3室1厅 123.47平米,2015/03,302,24460
铭科苑 2室1厅 86.3平米,2015/03,268,31055
铭科苑 2室1厅 66.3平米,2015/03,235.5,35521
铭科苑 2室1厅 61.1平米,2015/03,224.5,36744
智学苑 3室1厅 82.6平米,2015/03,286.7,34710
智学苑 2室1厅 68.58平米,2015/03,270,39371
智学苑 1室1厅 54.88平米,2015/03,196,35715
领秀新硅谷2号院 3室2厅 143.19平米,2015/03,657,45884
领秀新硅谷2号院 3室2厅 149.85平米,2015/03,635,42376
智学苑 2室1厅 88.49平米,2015/03,286,32321
燕尚园 3室2厅 131.92平米,2015/03,475,36007
领秀新硅谷1号院 3室2厅 144.03平米,2015/03,575,39923
铭科苑 2室1厅 72.1平米,2015/03,238,33010
铭科苑 2室1厅 66.3平米,2015/03,228,34390
铭科苑 2室1厅 66.3平米,2015/03,228,34390
铭科苑 2室1厅 86.3平米,2015/02,231.5,26826
领秀新硅谷1号院 2室1厅 95.19平米,2015/02,395,41496
博雅德园 3室2厅 136.97平米,2015/02,490,35775
铭科苑 3室1厅 98.6平米,2015/02,308,31238
燕尚园 3室2厅 98.71平米,2015/02,358,36268
智学苑 3室1厅 134.42平米,2015/02,385,28642
博雅德园 3室2厅 144.76平米,2015/02,518,35784
领秀新硅谷2号院 2室2厅 108.54平米,2015/01,418,38512
智学苑 1室1厅 54.65平米,2015/01,175,32022
铭科苑 3室1厅 91.4平米,2015/01,282,30854
铭科苑 1室1厅 58.24平米,2015/01,209,35886
铭科苑 1室1厅 66平米,2015/01,216,32728
铭科苑 3室1厅 114.24平米,2015/01,292,25561
领秀新硅谷1号院 2室2厅 95.54平米,2015/01,403.5,42234
铭科苑 2室1厅 69.1平米,2015/01,229,33141
铭科苑 2室1厅 67平米,2015/01,229,34180
铭科苑 2室1厅 63.82平米,2014/12,243,38076
智学苑 2室1厅 68.71平米,2014/12,243,35367
燕尚园 3室2厅 131.8平米,2014/12,520,39454
智学苑 2室1厅 96.1平米,2014/12,296,30802
燕尚园 2室2厅 98.83平米,2014/12,365,36933
智学苑 2室1厅 67.7平米,2014/12,236.5,34934
智学苑 2室1厅 64.7平米,2014/12,273,42195
铭科苑 1室1厅 57.8平米,2014/12,179,30969
铭科苑 2室1厅 66.3平米,2014/12,251,37859
铭科苑 2室1厅 92.06平米,2014/11,297.5,32316
智学苑 3室2厅 128.21平米,2014/11,368,28703
铭科苑 2室1厅 66.5平米,2014/11,225,33835
智学苑 2室1厅 66.86平米,2014/11,260,38888
铭科苑 2室1厅 66.3平米,2014/11,221,33334
领秀新硅谷1号院 4室2厅 152.81平米,2014/10,620,40574
铭科苑 1室1厅 72.06平米,2014/10,210,29143
领秀新硅谷2号院 1室2厅 87.41平米,2014/10,348,39813
燕尚园 3室2厅 100.48平米,2014/10,410,40805
铭科苑 1室1厅 58.5平米,2014/10,190,32479
铭科苑 2室1厅 66.4平米,2014/10,215,32380
领秀硅谷 3室2厅 144.12平米,2014/10,491,34069
领秀新硅谷2号院 2室2厅 80.73平米,2014/10,365,45213
铭科苑 3室1厅 114.24平米,2014/10,305.5,26742
铭科苑 3室1厅 114.24平米,2014/10,300,26261
铭科苑 1室1厅 66平米,2014/10,195,29546
博雅德园 3室2厅 142.64平米,2014/10,463,32460
智学苑 2室1厅 69.05平米,2014/10,249,36061
铭科苑 2室1厅 66.3平米,2014/10,220,33183
智学苑 3室1厅 100.12平米,2014/10,285,28466
铭科苑 2室1厅 92平米,2014/09,237,25761
铭科苑 1室1厅 72.06平米,2014/08,196,27200
智学苑 3室2厅 119.88平米,2014/08,320,26694
领秀新硅谷1号院 3室2厅 110平米,2014/08,545,49546
燕尚园 2室2厅 97.77平米,2014/07,360,36822
铭科苑 3室1厅 114.24平米,2014/07,295,25823
铭科苑 2室1厅 86.3平米,2014/07,196,22712
智学苑 3室2厅 126.65平米,2014/07,341,26925
铭科苑 2室1厅 64.92平米,2014/07,229,35275
铭科苑 2室1厅 64.3平米,2014/07,258,40125
智学苑 3室2厅 126.2平米,2014/07,288,22821
领秀新硅谷2号院 3室2厅 154.75平米,2014/07,620,40065
智学苑 3室1厅 126.08平米,2014/07,294,23319
铭科苑 2室1厅 69.8平米,2014/06,239,34241
领秀新硅谷2号院 3室2厅 154.14平米,2014/06,595,38602
铭科苑 2室1厅 66.3平米,2014/06,247,37255
智学苑 3室1厅 100.12平米,2014/05,279,27867
领秀新硅谷2号院 1室2厅 87.43平米,2014/05,395,45180
领秀新硅谷1号院 2室2厅 89.19平米,2014/05,368,41261
铭科苑 2室1厅 66.3平米,2014/05,230,34691
智学苑 2室1厅 69.05平米,2014/05,270,39103
燕尚园 3室2厅 132.17平米,2014/05,485,36696
燕尚园 2室2厅 100.76平米,2014/04,410,40691
智学苑 2室1厅 88.25平米,2014/04,293,33202
领秀硅谷 5室2厅 234.15平米,2014/04,978,41769
领秀硅谷 5室2厅 212.66平米,2014/03,875,41146
领秀硅谷 3室2厅 149.86平米,2014/03,623,41573
领秀新硅谷2号院 1室2厅 87.41平米,2014/03,400,45762
铭科苑 3室1厅 114.24平米,2014/03,335,29325
智学苑 2室1厅 98.15平米,2014/03,306,31177
智学苑 3室1厅 126.2平米,2014/03,373,29557
智学苑 2室1厅 98.15平米,2014/03,293,29853
智学苑 2室1厅 80.59平米,2014/03,300,37226
铭科苑 2室1厅 92.06平米,2014/03,323,35086
领秀新硅谷1号院 3室2厅 143.89平米,2014/03,700,48649
铭科苑 2室1厅 66.3平米,2014/03,256,38613
领秀硅谷 4室2厅 162.3平米,2014/02,655,40358
智学苑 2室2厅 80.7平米,2014/02,297,36803
智学苑 3室2厅 128.68平米,2014/02,385,29920
领秀新硅谷1号院 2室2厅 95平米,2014/02,455,47895
铭科苑 1室1厅 58.24平米,2014/02,199,34169
智学苑 3室1厅 128.21平米,2014/02,395,30809
燕尚园 2室2厅 98.39平米,2014/02,360,36590
智学苑 3室1厅 116.81平米,2014/02,362,30991
博雅德园 2室1厅 94.5平米,2014/01,395,41799
燕尚园 3室2厅 130.33平米,2014/01,605,46421
智学苑 3室2厅 123.47平米,2014/01,360,29157
博雅德园 2室1厅 116.65平米,2014/01,453,38835
领秀新硅谷2号院 2室2厅 125.19平米,2014/01,525,41937
智学苑 1室1厅 68.87平米,2014/01,218,31654
领秀新硅谷2号院 2室2厅 115.32平米,2014/01,576,49948
智学苑 2室1厅 98.15平米,2014/01,290,29547
博雅德园 3室2厅 105.05平米,2014/01,348,33128
智学苑 3室1厅 141.71平米,2014/01,346.8,24473
领秀新硅谷2号院 1室2厅 87.41平米,2013/12,325,37182
智学苑 3室1厅 128.21平米,2013/12,330,25740
领秀新硅谷2号院 3室2厅 145.78平米,2013/12,642,44039
铭科苑 3室1厅 90.7平米,2013/12,310,34179
铭科苑 3室1厅 114.24平米,2013/12,339,29675
领秀新硅谷1号院 2室2厅 96.22平米,2013/12,416,43235
智学苑 3室2厅 126.09平米,2013/12,370,29345
铭科苑 1室1厅 53.6平米,2013/12,223.5,41698
燕尚园 2室2厅 98.39平米,2013/11,395,40147
智学苑 2室1厅 80.7平米,2013/11,270,33458
铭科苑 2室1厅 61.1平米,2013/11,253,41408
智学苑 3室1厅 85.08平米,2013/10,303,35614
智学苑 2室1厅 69.05平米,2013/10,282,40840
智学苑 3室2厅 128.21平米,2013/10,388,30263
铭科苑 1室1厅 66平米,2013/10,257,38940
智学苑 3室2厅 128.21平米,2013/10,370,28859
领秀新硅谷1号院 3室2厅 141.78平米,2013/09,570,40204
智学苑 2室2厅 98平米,2013/09,302,30817
燕尚园 3室2厅 132.06平米,2013/09,530,40134
铭科苑 2室1厅 69.8平米,2013/09,265,37966
博雅德园 1室1厅 51.99平米,2013/09,231,44432
博雅德园 2室2厅 97.42平米,2013/09,430,44139
智学苑 2室1厅 64.89平米,2013/09,285,43921
博雅德园 3室2厅 137.87平米,2013/08,560,40618
智学苑 3室1厅 126.65平米,2013/08,360,28425
铭科苑 2室1厅 65.5平米,2013/08,246,37558
铭科苑 2室1厅 65.5平米,2013/08,247,37710
领秀硅谷 3室2厅 121.95平米,2013/08,500,41001
智学苑 3室2厅 126.2平米,2013/08,325,25753
智学苑 2室1厅 67.7平米,2013/08,263.5,38922
铭科苑 2室1厅 69.8平米,2013/08,267,38253
智学苑 3室2厅 106.87平米,2013/08,330,30879
领秀新硅谷2号院 2室2厅 109.17平米,2013/08,458,41953
领秀硅谷 3室2厅 122.75平米,2013/08,523,42607
领秀硅谷 3室2厅 144.12平米,2013/07,565,39204
领秀硅谷 3室2厅 122.25平米,2013/07,522,42700
铭科苑 2室1厅 70.2平米,2013/07,240,34189
燕尚园 2室2厅 100.95平米,2013/07,433,42893
铭科苑 2室1厅 86.3平米,2013/07,266,30823
燕尚园 2室1厅 100.95平米,2013/07,430,42596
智学苑 2室1厅 80.59平米,2013/06,260,32263
铭科苑 2室1厅 92.06平米,2013/06,259,28134
铭科苑 3室2厅 114.24平米,2013/06,310,27136
领秀硅谷 3室2厅 207.49平米,2013/06,850,40966
铭科苑 1室1厅 59.68平米,2013/06,258.5,43315
燕尚园 3室2厅 130.23平米,2013/06,480,36858
领秀新硅谷1号院 3室2厅 89.64平米,2013/06,412,45962
铭科苑 2室1厅 58平米,2013/06,180,31035
智学苑 2室2厅 68.58平米,2013/06,253,36892
智学苑 3室2厅 123.47平米,2013/05,350,28347
领秀新硅谷2号院 2室2厅 108.54平米,2013/05,390,35932
领秀新硅谷2号院 3室2厅 113.46平米,2013/05,535,47154
智学苑 2室1厅 80.59平米,2013/05,260,32263
领秀新硅谷1号院 3室2厅 87.31平米,2013/05,383,43867
领秀新硅谷2号院 2室2厅 120.75平米,2013/05,490,40580
智学苑 2室1厅 88.49平米,2013/05,278,31416
铭科苑 2室1厅 69.1平米,2013/05,225,32562
铭科苑 2室1厅 65.7平米,2013/05,200,30442
智学苑 3室2厅 123.47平米,2013/05,335,27133
智学苑 3室1厅 119.09平米,2013/05,400,33589
智学苑 2室1厅 98.15平米,2013/05,250,25472
智学苑 3室2厅 123.47平米,2013/05,350,28347
铭科苑 1室1厅 57.8平米,2013/05,200,34603
智学苑 3室2厅 133.92平米,2013/05,390,29122
领秀硅谷 3室2厅 121.95平米,2013/05,490,40181
领秀新硅谷1号院 3室2厅 141.74平米,2013/05,559.5,39474
智学苑 2室1厅 69.05平米,2013/05,240,34758
智学苑 2室2厅 80.7平米,2013/05,260,32219
铭科苑 2室1厅 71平米,2013/04,218,30705
铭科苑 2室1厅 66.3平米,2013/04,233,35144
智学苑 3室2厅 126.2平米,2013/04,298,23614
领秀硅谷 2室2厅 105.15平米,2013/04,430,40894
铭科苑 1室1厅 58平米,2013/03,187,32242
智学苑 1室1厅 54.88平米,2013/03,180,32799
领秀新硅谷2号院 1室2厅 87.41平米,2013/03,337,38554
智学苑 2室1厅 66.9平米,2013/03,230,34380
智学苑 3室2厅 99.7平米,2013/03,295,29589
博雅德园 1室1厅 51.79平米,2013/03,193,37266
智学苑 1室1厅 53.01平米,2013/03,199,37541
领秀新硅谷2号院 2室2厅 121.62平米,2013/03,400,32890
铭科苑 2室1厅 71.1平米,2013/03,220,30943
智学苑 3室2厅 126.08平米,2013/03,325,25778
智学苑 1室1厅 64.7平米,2013/03,205,31685
智学苑 3室2厅 117.42平米,2013/03,305,25976
智学苑 4室1厅 128.21平米,2013/03,345,26909
燕尚园 3室2厅 132.35平米,2013/03,480,36268
铭科苑 2室1厅 64.3平米,2013/03,222,34526
铭科苑 2室1厅 57.8平米,2013/03,190,32872
铭科苑 2室1厅 70.2平米,2013/03,220,31340
铭科苑 1室1厅 72平米,2013/02,220,30556
智学苑 3室1厅 126.08平米,2013/02,325,25778
铭科苑 2室1厅 86.3平米,2013/02,258,29896
铭科苑 1室1厅 58平米,2013/02,165,28449
铭科苑 2室1厅 70.2平米,2013/02,215,30627
铭科苑 1室1厅 57.2平米,2013/02,188,32868
铭科苑 2室1厅 66.3平米,2013/02,210,31675
智学苑 3室1厅 113.48平米,2013/01,275,24234
智学苑 3室1厅 119.49平米,2013/01,268,22429
铭科苑 2室1厅 66平米,2013/01,213,32273
铭科苑 2室1厅 62.4平米,2013/01,212,33975
智学苑 3室2厅 119.9平米,2013/01,320,26689
铭科苑 2室1厅 66.3平米,2013/01,225,33937
智学苑 2室2厅 88.86平米,2013/01,240,27009
铭科苑 2室1厅 71.23平米,2013/01,220,30886
燕尚园 3室2厅 132.15平米,2013/01,427,32312
铭科苑 2室1厅 65.5平米,2013/01,217,33130
智学苑 2室1厅 68.58平米,2013/01,220,32080
智学苑 2室1厅 68.71平米,2013/01,219.5,31946
智学苑 2室2厅 101.81平米,2012/12,246,24163
博雅德园 1室0厅 51.79平米,2012/12,185,35722
智学苑 2室1厅 68.71平米,2012/12,220,32019
智学苑 2室2厅 88.49平米,2012/12,240,27122
燕尚园 3室2厅 133.46平米,2012/12,360,26975
铭科苑 1室1厅 72.06平米,2012/12,160,22204
智学苑 2室1厅 99.26平米,2012/12,235,23676
博雅德园 1室1厅 51.99平米,2012/12,35,6733
智学苑 2室1厅 98平米,2012/12,195,19898
铭科苑 2室1厅 72.06平米,2012/12,187,25951
铭科苑 2室1厅 86.3平米,2012/12,218,25261
铭科苑 1室1厅 72.06平米,2012/11,170,23592
铭科苑 3室1厅 114.24平米,2012/11,225,19696
铭科苑 1室1厅 58平米,2012/11,147,25345
智学苑 2室1厅 98.15平米,2012/11,220,22415
铭科苑 1室1厅 72.06平米,2012/11,169,23453
铭科苑 3室2厅 114.24平米,2012/11,225,19696
燕尚园 3室2厅 131.8平米,2012/11,350,26556
智学苑 3室2厅 126.08平米,2012/10,257,20384
智学苑 3室1厅 126.2平米,2012/10,231,18305
铭科苑 2室1厅 66.3平米,2012/10,185,27904
铭科苑 2室1厅 66.3平米,2012/10,173.5,26169
智学苑 2室1厅 68.58平米,2012/10,187,27268
铭科苑 3室1厅 91.4平米,2012/10,212,23195
铭科苑 2室1厅 72.1平米,2012/09,177.8,24661
铭科苑 2室1厅 86平米,2012/09,202,23489
铭科苑 1室1厅 72.06平米,2012/09,172,23869
智学苑 2室1厅 90.06平米,2012/09,188,20875
智学苑 2室1厅 135.14平米,2012/08,310,22940
铭科苑 2室1厅 70.4平米,2012/08,180,25569
铭科苑 2室1厅 64.3平米,2012/08,182,28305
博雅德园 2室2厅 95平米,2012/08,267,28106
智学苑 3室2厅 123.47平米,2012/08,230,18629
智学苑 3室1厅 134.42平米,2012/08,280,20831
铭科苑 2室1厅 66.3平米,2012/08,174.5,26320
智学苑 3室2厅 126.2平米,2012/08,238,18859
铭科苑 1室1厅 58平米,2012/08,152,26207
智学苑 3室2厅 123.47平米,2012/07,226,18305
智学苑 2室1厅 69.05平米,2012/07,182,26358
智学苑 3室2厅 126.2平米,2012/07,219.5,17394
智学苑 2室1厅 63.63平米,2012/07,175,27503
燕尚园 3室2厅 131.52平米,2012/07,394,29958
智学苑 2室1厅 99平米,2012/07,198,20000
智学苑 1室1厅 68.87平米,2012/07,151,21926
智学苑 3室1厅 119.88平米,2012/07,208,17351
铭科苑 3室1厅 91.5平米,2012/06,194,21203
智学苑 2室1厅 98.54平米,2012/06,192,19485
铭科苑 1室1厅 58平米,2012/06,141.5,24397
博雅德园 3室2厅 137.87平米,2012/06,339,24589
铭科苑 2室1厅 67.2平米,2012/06,150,22322
博雅德园 1室0厅 51.99平米,2012/06,144,27698
博雅德园 3室2厅 137.74平米,2012/06,305,22144
燕尚园 3室1厅 100.71平米,2012/06,278,27605
智学苑 2室2厅 98.15平米,2012/06,172.8,17606
智学苑 3室2厅 126.2平米,2012/06,215,17037
燕尚园 3室1厅 100.48平米,2012/06,277.5,27618
铭科苑 2室1厅 65平米,2012/06,160,24616
智学苑 2室1厅 88.86平米,2012/06,200,22508
博雅德园 1室1厅 53.13平米,2012/05,160,30115
智学苑 3室1厅 82.6平米,2012/05,178,21550
铭科苑 3室1厅 114.24平米,2012/05,180,15757
智学苑 2室1厅 88.49平米,2012/05,176,19890
铭科苑 3室1厅 114平米,2012/05,190,16667
博雅德园 2室1厅 95平米,2012/05,240,25264
智学苑 2室1厅 69.05平米,2012/04,165,23896
智学苑 3室2厅 133.92平米,2012/04,230.5,17212
铭科苑 2室1厅 71.1平米,2012/04,130.3,18327
铭科苑 3室2厅 114.24平米,2012/04,190,16632
铭科苑 2室1厅 66.77平米,2012/04,149,22316
铭科苑 2室2厅 86.3平米,2012/03,160,18540
铭科苑 2室1厅 65平米,2012/03,146.5,22539
铭科苑 2室1厅 67.25平米,2012/03,150,22305
铭科苑 2室1厅 72.42平米,2012/03,140,19332
铭科苑 2室1厅 80.97平米,2012/03,170,20996
铭科苑 2室1厅 70.6平米,2012/03,148,20964
智学苑 2室1厅 64.89平米,2012/02,160,24658
铭科苑 2室1厅 92.06平米,2012/02,170,18467
铭科苑 3室1厅 100.7平米,2012/02,164,16286
铭科苑 3室1厅 114.24平米,2012/02,173,15144
智学苑 2室1厅 98.54平米,2011/12,155,15730
智学苑 2室1厅 82.36平米,2011/11,150,18213
智学苑 3室2厅 132.28平米,2011/10,236,17841
智学苑 2室1厅 69.05平米,2011/09,161,23317
铭科苑 2室1厅 92.06平米,2011/08,195,21182
铭科苑 2室1厅 72.42平米,2011/08,150,20713
博雅德园 2室2厅 120.73平米,2011/07,315,26092
铭科苑 2室1厅 86.3平米,2011/07,180.4,20900
百旺茉莉园 2室2厅 113.76平米,2018/03,832,73137
百旺新城 1室1厅 56.43平米,2018/03,483.5,85682
百旺茉莉园 3室1厅 135.91平米,2018/03,990,72843
百旺新城 1室1厅 56.43平米,2018/03,482.5,85505
百旺新城 3室1厅 93.71平米,2018/03,696,74272
东旭园 3室1厅 98.11平米,2018/03,558,56875
百旺新城 2室1厅 75.92平米,2018/02,570,75080
百草园 2室1厅 59.9平米,2018/02,415,69283
东馨园 2室1厅 59.9平米,2018/02,402,67112
百旺新城 3室1厅 94.45平米,2018/02,675,71467
百旺茉莉园 2室2厅 112.31平米,2018/02,880,78355
五矿万科如园 5室2厅 314.89平米,2018/02,2309.6,73347
百旺茉莉园 2室2厅 114.67平米,2018/02,818,71336
西山壹号院 4室2厅 200.19平米,2018/01,1845,92163
中海枫涟山庄 3室1厅 121.58平米,2018/01,895,73615
东馨园 2室1厅 61.1平米,2018/01,405,66285
百草园 4室2厅 143.32平米,2018/01,915,63844
百旺新城 3室2厅 112.53平米,2018/01,755,67094
百旺茉莉园 2室2厅 115.98平米,2018/01,843,72685
百旺新城 1室1厅 56.43平米,2018/01,456.5,80897
西山壹号院 3室2厅 181.34平米,2018/01,1875,103397
百旺新城 1室1厅 60.53平米,2018/01,469.5,77565
百旺新城 2室1厅 71.25平米,2018/01,540,75790
百旺新城 1室1厅 57.65平米,2018/01,465,80660
百旺新城 1室1厅 55.24平米,2018/01,465,84179
百旺茉莉园 2室2厅 114.67平米,2018/01,825,71946
中海枫涟山庄 3室1厅 122.18平米,2018/01,950,77755
百旺茉莉园 2室2厅 114.37平米,2017/12,840,73446
百旺新城 1室1厅 56.96平米,2017/12,458,80408
景和园 3室1厅 93.87平米,2017/12,620,66049
中海枫涟山庄 3室1厅 122.85平米,2017/12,950,77331
百草园 2室1厅 92.15平米,2017/12,620,67282
百旺新城 2室1厅 81.86平米,2017/12,565,69021
润千秋佳苑 2室2厅 98.88平米,2017/12,775,78378
润千秋佳苑 2室2厅 97.6平米,2017/12,785,80431
中海枫涟山庄 2室2厅 90.19平米,2017/12,785,87039
百旺新城 2室1厅 77.1平米,2017/12,515,66797
百旺新城 1室1厅 56.43平米,2017/12,457,80986
百旺新城 2室1厅 85.31平米,2017/11,635,74435
百旺新城 2室1厅 81.39平米,2017/11,599,73597
百旺茉莉园 3室2厅 149.74平米,2017/11,1168,78002
中海枫涟山庄 3室1厅 122.39平米,2017/11,995,81298
中海枫涟山庄 2室2厅 89.37平米,2017/11,690,77208
百旺新城 3室1厅 101.42平米,2017/11,740,72964
百旺茉莉园 3室3厅 182.22平米,2017/11,1312,72001
润千秋佳苑 4室2厅 164.9平米,2017/11,1235,74894
东馨园 2室1厅 61.2平米,2017/11,410,66994
西山公馆 3室2厅 150.73平米,2017/10,1282,85053
百旺新城 2室1厅 75.1平米,2017/10,575,76565
西山公馆 3室2厅 150.92平米,2017/10,1267,83952
景和园 1室1厅 52.78平米,2017/10,425,80523
中海枫涟山庄 2室1厅 87.7平米,2017/09,777,88598
东馨园 1室1厅 54.3平米,2017/09,377,69430
百旺新城 1室1厅 56.43平米,2017/09,486,86125
百旺新城 2室1厅 76.51平米,2017/09,590,77115
百草园 2室1厅 75.49平米,2017/09,500,66234
百旺新城 3室1厅 93.71平米,2017/09,730,77900
西山壹号院 3室2厅 181.84平米,2017/09,1880,103388
东馨园 1室1厅 42.9平米,2017/09,296,68998
润千秋佳苑 2室2厅 97.27平米,2017/09,925,95097
西山公馆 2室2厅 118.57平米,2017/08,928,78267
百旺茉莉园 3室2厅 143.97平米,2017/08,1085,75363
百旺茉莉园 2室1厅 115.15平米,2017/08,845,73383
百草园 2室1厅 87.97平米,2017/08,496,56383
百旺新城 1室1厅 56.43平米,2017/08,505,89492
润千秋佳苑 1室1厅 56.39平米,2017/08,436,77319
百旺新城 2室1厅 81.45平米,2017/08,640,78576
东馨园 2室1厅 52.4平米,2017/08,370,70611
百旺茉莉园 2室2厅 114.27平米,2017/08,848,74211
百旺茉莉园 3室2厅 131.28平米,2017/08,1038,79068
百旺茉莉园 2室2厅 114.55平米,2017/08,862,75251
百旺茉莉园 2室2厅 113.03平米,2017/08,840,74317
百旺新城 1室1厅 56.43平米,2017/08,496,87897
润千秋佳苑 3室1厅 125.88平米,2017/08,1026,81507
百旺茉莉园 3室2厅 129.1平米,2017/08,1000,77460
西山壹号院 4室3厅 330.83平米,2017/07,3015,91135
东旭园 2室1厅 72平米,2017/07,454,63056
百旺新城 1室1厅 55.69平米,2017/07,483,86731
东馨园 3室1厅 85.1平米,2017/07,518,60870
东馨园 1室1厅 43.1平米,2017/07,310,71926
东馨园 2室1厅 52.8平米,2017/07,358,67804
润千秋佳苑 1室1厅 55.23平米,2017/07,410,74236
西山公馆 3室2厅 150.98平米,2017/07,1230,81468
百草园 2室2厅 74.7平米,2017/07,555,74298
东馨园 2室1厅 54.3平米,2017/06,350,64457
东馨园 2室1厅 62.2平米,2017/06,417.5,67123
百旺新城 2室1厅 76.86平米,2017/06,659,85741
百草园 3室1厅 84.7平米,2017/06,600,70839
景和园 2室1厅 69.9平米,2017/06,585,83691
百旺茉莉园 2室2厅 115.71平米,2017/06,820,70867
百旺茉莉园 3室2厅 149.25平米,2017/06,1008,67538
西山壹号院 3室2厅 202.46平米,2017/05,2251,111183
润千秋佳苑 2室1厅 81.81平米,2017/05,700,85565
百旺新城 2室1厅 84.87平米,2017/05,680,80123
百旺茉莉园 3室2厅 139.62平米,2017/05,1390,99556
润千秋佳苑 3室1厅 125.88平米,2017/04,1105,87783
百旺新城 2室1厅 75.92平米,2017/04,700,92203
百旺新城 3室1厅 112.12平米,2017/03,900,80272
西山壹号院 3室3厅 271.72平米,2017/03,2948,108495
百旺茉莉园 2室2厅 114.27平米,2017/03,969,84800
东馨园 2室1厅 62.4平米,2017/03,475,76122
东馨园 3室1厅 80.7平米,2017/03,628,77820
百旺新城 1室1厅 56.37平米,2017/03,580,102892
景和园 2室1厅 70平米,2017/03,605,86429
中海枫涟山庄 3室2厅 124.7平米,2017/03,1250,100241
东馨园 4室1厅 82.4平米,2017/03,616,74758
百旺新城 1室1厅 57.11平米,2017/03,585,102434
百旺茉莉园 3室2厅 165.87平米,2017/03,1450,87418
百旺新城 2室1厅 85.31平米,2017/03,746,87446
百旺新城 3室1厅 95.97平米,2017/03,830,86486
百旺新城 1室1厅 56.43平米,2017/03,568,100656
百旺茉莉园 2室2厅 114平米,2017/03,925,81141
百旺茉莉园 3室2厅 144.32平米,2017/03,1380,95621
西山公馆 2室2厅 110.2平米,2017/03,950,86207
百旺新城 2室1厅 87.38平米,2017/03,703,80454
百旺茉莉园 3室1厅 135平米,2017/03,1290,95556
中海枫涟山庄 2室1厅 89.18平米,2017/03,933,104620
东馨园 2室1厅 68.27平米,2017/03,480,70310
百旺茉莉园 2室1厅 87.21平米,2017/03,900,103200
景和园 3室2厅 94.13平米,2017/03,780,82865
中海枫涟山庄 2室2厅 88平米,2017/03,960,109091
中海枫涟山庄 3室1厅 122.52平米,2017/03,1220,99576
百旺新城 2室1厅 79.84平米,2017/03,766,95942
百旺茉莉园 2室2厅 113.94平米,2017/03,915,80306
西山公馆 2室1厅 101.69平米,2017/03,860,84571
百旺新城 1室1厅 55.2平米,2017/03,544,98551
润千秋佳苑 3室2厅 130.11平米,2017/03,1300,99916
百旺新城 1室1厅 56.43平米,2017/03,550,97466
百旺新城 1室1厅 55.86平米,2017/03,489,87541
百旺新城 1室1厅 55.69平米,2017/03,533,95709
润千秋佳苑 2室2厅 97.88平米,2017/03,930,95015
百旺茉莉园 2室2厅 114.33平米,2017/03,930,81344
百旺新城 1室1厅 55.72平米,2017/03,530,95119
百草园 2室1厅 67.6平米,2017/02,561,82989
西山公馆 1室1厅 68.93平米,2017/02,608.5,88278
西山壹号院 3室2厅 181平米,2017/02,1950,107735
百旺茉莉园 4室2厅 175.26平米,2017/02,1450,82735
百旺茉莉园 2室1厅 88.17平米,2017/02,800,90734
百草园 3室1厅 74.8平米,2017/02,648,86632
西山公馆 1室0厅 41.69平米,2017/02,390,93548
百旺茉莉园 4室1厅 184.74平米,2017/02,1430,77407
百旺新城 1室1厅 60.29平米,2017/02,560,92885
百旺茉莉园 4室2厅 217.26平米,2017/02,1550,71344
百旺新城 2室1厅 76.61平米,2017/02,640,83541
百旺新城 2室1厅 76.22平米,2017/02,642,84230
中海枫涟山庄 2室2厅 88平米,2017/02,840,95455
中海枫涟山庄 3室1厅 121.58平米,2017/02,1113,91545
百旺茉莉园 3室2厅 155.06平米,2017/02,1390,89643
百旺茉莉园 2室2厅 114.67平米,2017/02,873,76132
百旺新城 2室2厅 83.76平米,2017/02,679.5,81125
百旺新城 2室1厅 76.47平米,2017/02,639,83563
百旺新城 2室1厅 75.93平米,2017/02,650,85606
百旺新城 3室1厅 96.85平米,2017/02,775,80021
百旺茉莉园 2室2厅 113.87平米,2017/02,888,77984
百旺新城 2室1厅 76.61平米,2017/01,638,83279
百旺新城 2室1厅 71.28平米,2017/01,635,89086
西山公馆 1室0厅 42平米,2017/01,373.5,88929
百旺茉莉园 3室2厅 124.97平米,2017/01,923,73858
中海枫涟山庄 2室2厅 88.08平米,2017/01,813,92303
百旺新城 2室1厅 72.21平米,2017/01,602,83368
东馨园 3室1厅 68.27平米,2017/01,428,62693
百旺新城 1室1厅 57.4平米,2017/01,510,88851
西山壹号院 4室2厅 436.25平米,2017/01,2560,58682
百旺茉莉园 2室2厅 112.78平米,2017/01,873,77408
百旺茉莉园 3室2厅 126.39平米,2017/01,1096,86716
百旺新城 3室1厅 95.83平米,2016/12,810,84525
百旺新城 2室1厅 77平米,2016/12,630,81819
百旺新城 1室1厅 62.7平米,2016/12,530,84530
百旺新城 1室1厅 56平米,2016/12,521,93036
百旺茉莉园 2室2厅 113.2平米,2016/12,850,75089
西山壹号院 4室3厅 314平米,2016/12,2560,81529
百旺新城 2室1厅 76.61平米,2016/12,642,83802
百旺新城 2室1厅 76.78平米,2016/12,636,82835
百旺茉莉园 3室2厅 122.04平米,2016/12,989,81040
百旺新城 2室1厅 81.45平米,2016/12,635,77962
百旺新城 2室1厅 75.92平米,2016/12,595,78372
百旺新城 3室1厅 91.39平米,2016/12,710,77690
百旺茉莉园 3室1厅 135.91平米,2016/12,1090,80201
百旺茉莉园 3室1厅 112.8平米,2016/12,840,74469
百旺新城 2室1厅 81.39平米,2016/12,675,82935
西山壹号院 4室3厅 293.63平米,2016/12,2430,82758
百旺茉莉园 2室2厅 113.03平米,2016/12,875,77414
百旺新城 1室1厅 56平米,2016/12,472.5,84375
百旺新城 2室1厅 76.6平米,2016/12,625,81593
中海枫涟山庄 3室1厅 121.96平米,2016/12,985,80765
中海枫涟山庄 3室1厅 121.58平米,2016/11,1040,85541
西山公馆 3室2厅 151平米,2016/11,1200,79471
百旺新城 2室1厅 62.7平米,2016/11,458,73047
百旺茉莉园 2室2厅 114.73平米,2016/11,869,75744
百旺茉莉园 3室2厅 158.7平米,2016/11,1490,93888
百草园 2室1厅 61.2平米,2016/11,433,70752
东馨园 2室1厅 59.9平米,2016/11,367.5,61353
中海枫涟山庄 2室2厅 86.63平米,2016/11,850,98119
东馨园 3室1厅 80.7平米,2016/11,482,59728
百旺新城 1室1厅 55.72平米,2016/10,516,92606
百旺新城 1室1厅 58平米,2016/10,482.5,83190
百旺新城 1室1厅 57.43平米,2016/10,502,87411
西山壹号院 3室2厅 195平米,2016/10,1930,98975
百旺新城 1室1厅 55.7平米,2016/10,507.5,91114
百草园 2室1厅 88.38平米,2016/10,510,57706
百旺新城 3室1厅 96.85平米,2016/10,703,72587
百旺新城 1室1厅 56平米,2016/09,500,89286
百旺新城 2室1厅 81.39平米,2016/09,632,77651
东馨园 4室1厅 87.02平米,2016/09,450,51713
西山壹号院 4室2厅 295.5平米,2016/09,2696,91236
西山公馆 3室2厅 150平米,2016/09,1200,80000
东馨园 3室1厅 81平米,2016/09,450,55556
西山壹号院 4室3厅 377平米,2016/09,2550,67640
百旺新城 2室1厅 81.44平米,2016/09,600,73674
百旺新城 2室1厅 77.1平米,2016/09,630,81713
百旺新城 2室1厅 76平米,2016/09,574,75527
百旺新城 2室1厅 74.99平米,2016/09,557,74277
景和园 3室2厅 94平米,2016/09,655,69681
西山壹号院 6室2厅 436.01平米,2016/09,2650,60779
百旺新城 1室1厅 57平米,2016/09,495,86843
百旺新城 2室1厅 76.76平米,2016/09,615,80120
东馨园 3室1厅 87.02平米,2016/09,440,50564
百旺新城 1室1厅 58平米,2016/09,507,87414
东馨园 3室1厅 84平米,2016/09,430,51191
润千秋佳苑 1室1厅 56.39平米,2016/09,392,69516
润千秋佳苑 1室1厅 56.39平米,2016/09,414,73418
西山壹号院 4室3厅 557平米,2016/09,2860,51347
中海枫涟山庄 3室2厅 121.62平米,2016/09,940,77290
东馨园 2室1厅 66.49平米,2016/09,366,55046
景和园 3室1厅 94平米,2016/09,650,69149
百旺新城 2室1厅 76平米,2016/09,580,76316
百旺茉莉园 2室2厅 114.33平米,2016/08,805,70411
百旺茉莉园 3室1厅 119平米,2016/08,300,25211
西山壹号院 4室2厅 393平米,2016/08,2987,76006
百旺新城 1室1厅 57平米,2016/08,482,84562
中海枫涟山庄 2室1厅 90.61平米,2016/08,812,89615
百旺新城 2室1厅 76.6平米,2016/08,578,75457
西山公馆 1室1厅 69.4平米,2016/08,515,74208
百旺新城 2室1厅 87.6平米,2016/08,590,67352
百旺新城 3室1厅 97平米,2016/08,620,63918
西山公馆 1室1厅 69.4平米,2016/08,500,72047
东馨园 2室1厅 54平米,2016/08,330,61112
润千秋佳苑 2室2厅 97.27平米,2016/08,700,71965
中海枫涟山庄 3室1厅 122.08平米,2016/08,950,77818
百旺新城 1室1厅 55.24平米,2016/08,475,85989
百旺新城 2室2厅 87.71平米,2016/08,614,70004
西山壹号院 4室2厅 398平米,2016/08,2690,67588
西山公馆 2室2厅 115平米,2016/08,752,65392
景和园 2室1厅 74.22平米,2016/08,505,68041
西山公馆 2室2厅 113平米,2016/08,720,63717
西山公馆 1室0厅 43平米,2016/08,350,81396
西山公馆 3室2厅 150.73平米,2016/08,1050,69661
东旭园 2室1厅 96.7平米,2016/08,486,50259
润千秋佳苑 3室2厅 126.06平米,2016/08,870,69015
西山公馆 3室2厅 150.9平米,2016/08,1040,68920
东旭园 3室1厅 98.1平米,2016/08,540,55046
百旺茉莉园 4室2厅 174平米,2016/08,1360,78161
百旺茉莉园 3室2厅 129平米,2016/08,900,69768
百旺新城 1室1厅 56平米,2016/08,464,82858
百旺茉莉园 3室2厅 126.45平米,2016/08,960,75920
百旺新城 3室1厅 92平米,2016/08,583,63370
东馨园 2室1厅 59.9平米,2016/08,310,51753
西山公馆 1室0厅 41.69平米,2016/08,320,76758
百旺茉莉园 3室2厅 141.86平米,2016/08,984,69365
百旺茉莉园 2室2厅 115平米,2016/08,775,67392
百旺茉莉园 3室2厅 133平米,2016/07,900,67670
百旺新城 1室1厅 56.43平米,2016/07,456,80809
百旺新城 2室1厅 74.85平米,2016/07,548,73214
百旺新城 2室1厅 81.05平米,2016/07,560,69094
东馨园 3室1厅 65.1平米,2016/07,352,54071
百旺新城 1室1厅 57.39平米,2016/07,457,79631
百旺新城 2室1厅 76平米,2016/07,535,70395
百旺茉莉园 3室1厅 133平米,2016/07,910,68422
东馨园 3室2厅 80.4平米,2016/07,395,49130
百旺新城 3室2厅 112.26平米,2016/07,733,65295
百旺茉莉园 3室2厅 154.83平米,2016/07,925,59743
百草园 2室2厅 74.8平米,2016/07,376,50268
中海枫涟山庄 3室1厅 121.58平米,2016/07,840,69091
中海枫涟山庄 3室2厅 121.44平米,2016/07,825,67935
百旺新城 2室1厅 76.51平米,2016/07,535,69926
百旺新城 2室1厅 78平米,2016/07,550,70513
中海枫涟山庄 3室2厅 121.96平米,2016/07,865,70925
景和园 2室1厅 71.45平米,2016/07,460,64381
百旺茉莉园 3室2厅 122.04平米,2016/07,878,71944
百旺茉莉园 2室1厅 119平米,2016/07,792,66555
百旺新城 2室2厅 75.06平米,2016/07,530,70611
中海枫涟山庄 3室2厅 121.96平米,2016/07,770,63136
东馨园 2室1厅 59.9平米,2016/07,305,50919
百旺新城 2室1厅 76.51平米,2016/07,550,71887
东馨园 3室1厅 76平米,2016/07,408,53685
百旺新城 2室1厅 76平米,2016/07,542,71316
百旺茉莉园 3室2厅 146平米,2016/07,928,63562
西山壹号院 4室2厅 280平米,2016/07,1909,68179
百旺新城 2室1厅 78平米,2016/07,528,67693
中海枫涟山庄 3室2厅 122.68平米,2016/07,840,68471
百旺新城 2室1厅 76.6平米,2016/07,530,69191
中海枫涟山庄 3室1厅 122.12平米,2016/07,848,69440
百草园 1室1厅 63.54平米,2016/07,328,51622
中海枫涟山庄 3室2厅 122.83平米,2016/07,828,67411
百旺新城 1室1厅 57平米,2016/07,444,77895
润千秋佳苑 2室2厅 98.81平米,2016/06,650,65783
中海枫涟山庄 2室1厅 90.52平米,2016/06,695,76779
百旺茉莉园 2室2厅 114.73平米,2016/06,738,64325
百旺茉莉园 3室2厅 129.14平米,2016/06,830,64272
百旺新城 2室1厅 71平米,2016/06,528,74367
润千秋佳苑 2室2厅 97.27平米,2016/06,670,68881
百草园 2室1厅 76平米,2016/06,394,51843
百旺茉莉园 3室2厅 149.18平米,2016/06,928,62207
中海枫涟山庄 2室1厅 90.24平米,2016/06,674,74690
百旺新城 1室1厅 56.5平米,2016/06,447,79116
百旺茉莉园 2室2厅 114.27平米,2016/06,715,62572
西山壹号院 4室2厅 238.51平米,2016/06,1860,77985
百旺新城 2室1厅 85.15平米,2016/06,512.5,60188
百旺茉莉园 2室2厅 122平米,2016/06,728,59673
百旺新城 1室1厅 56.43平米,2016/05,443,78505
西山公馆 3室2厅 150.92平米,2016/05,1040,68911
西山公馆 1室0厅 143.89平米,2016/05,108,7506
西山壹号院 4室2厅 394.77平米,2016/05,2600,65862
润千秋佳苑 2室2厅 97.88平米,2016/05,635,64876
西山公馆 3室2厅 150.95平米,2016/05,1017,67374
百旺茉莉园 3室3厅 161.76平米,2016/05,887,54835
东馨园 2室1厅 61.8平米,2016/05,316,51133
东馨园 1室1厅 46.6平米,2016/05,245,52576
西山壹号院 3室2厅 275.99平米,2016/05,1760,63771
中海枫涟山庄 2室1厅 87.7平米,2016/05,664,75713
润千秋佳苑 2室2厅 97.92平米,2016/05,550,56169
中海枫涟山庄 3室2厅 122.68平米,2016/05,786,64070
西山壹号院 4室3厅 259.18平米,2016/05,1890,72923
中海枫涟山庄 3室2厅 124.19平米,2016/05,817,65787
百旺新城 3室2厅 92.2平米,2016/05,525,56942
景和园 2室1厅 80.74平米,2016/05,485,60070
东馨园 2室1厅 59.9平米,2016/05,279,46578
百旺新城 2室1厅 76.9平米,2016/05,487.5,63385
百草园 2室1厅 74.8平米,2016/05,400,53476
中海枫涟山庄 2室2厅 87.65平米,2016/04,677,77240
百旺茉莉园 3室2厅 158.39平米,2016/04,870,54928
百旺新城 2室1厅 79.84平米,2016/04,525,65757
西山壹号院 4室2厅 394.28平米,2016/04,2600,65943
东馨园 2室1厅 61.2平米,2016/04,309.5,50572
百草园 1室1厅 63.54平米,2016/04,301.2,47404
百旺茉莉园 3室2厅 129.25平米,2016/04,815,63057
西山壹号院 4室2厅 285.73平米,2016/04,1870,65447
百旺茉莉园 3室2厅 149.74平米,2016/04,860,57433
百旺新城 2室1厅 76.61平米,2016/04,528,68921
百旺新城 2室1厅 76.7平米,2016/04,530,69101
西山公馆 3室2厅 150.73平米,2016/04,963,63890
百旺新城 2室1厅 80.77平米,2016/04,539,66733
百旺茉莉园 4室2厅 186.04平米,2016/04,1060,56977
百草园 2室1厅 61.2平米,2016/04,341,55719
东馨园 2室1厅 52.8平米,2016/04,265,50190
景和园 1室1厅 52.78平米,2016/03,386,73134
百旺新城 1室1厅 56.43平米,2016/03,482.5,85505
西山壹号院 4室3厅 284.62平米,2016/03,1830,64297
百旺茉莉园 5室2厅 168.74平米,2016/03,960,56893
百旺新城 1室1厅 56.43平米,2016/03,474,83998
润千秋佳苑 3室2厅 125.88平米,2016/03,750,59581
百旺茉莉园 2室2厅 113.66平米,2016/03,710,62468
百旺茉莉园 3室2厅 134.98平米,2016/03,920,68159
东馨园 2室1厅 56.7平米,2016/03,265,46738
百草园 3室1厅 86平米,2016/03,450.4,52373
百草园 2室2厅 74.8平米,2016/03,390,52140
润千秋佳苑 3室2厅 129.9平米,2016/03,780,60047
百旺新城 2室1厅 75.93平米,2016/03,515,67826
中海枫涟山庄 3室2厅 121.98平米,2016/03,800,65585
西山壹号院 4室2厅 398.2平米,2016/03,2249,56480
百旺新城 3室2厅 95.79平米,2016/03,610,63681
润千秋佳苑 3室1厅 126.12平米,2016/03,780,61846
西山公馆 1室0厅 32.83平米,2016/03,32.5,9900
润千秋佳苑 3室2厅 130.02平米,2016/03,780,59991
中海枫涟山庄 2室1厅 87.7平米,2016/03,600,68416
润千秋佳苑 6室2厅 218.77平米,2016/03,960,43882
东旭园 2室1厅 71.95平米,2016/03,361,50174
东馨园 2室1厅 53.9平米,2016/03,242,44898
润千秋佳苑 5室3厅 223.92平米,2016/02,960,42873
百旺茉莉园 2室2厅 124.97平米,2016/02,730,58415
西山公馆 1室1厅 68.56平米,2016/02,356,51926
百旺新城 2室1厅 87.71平米,2016/02,548,62479
百旺新城 2室1厅 75.64平米,2016/02,496,65574
百旺茉莉园 2室2厅 118.74平米,2016/02,695,58532
百旺茉莉园 2室2厅 118.74平米,2016/02,695,58532
百旺茉莉园 2室2厅 113.01平米,2016/02,590,52208
百旺新城 2室1厅 76.78平米,2016/02,490,63819
百旺茉莉园 3室2厅 153.79平米,2016/02,895,58197
百旺新城 2室1厅 75.47平米,2016/02,493,65324
百旺茉莉园 2室1厅 122.27平米,2016/02,685,56024
百旺茉莉园 3室1厅 176.36平米,2016/02,835,47347
中海枫涟山庄 3室2厅 122.39平米,2016/02,775,63323
百旺茉莉园 2室2厅 110.3平米,2016/02,613,55576
百旺茉莉园 4室5厅 207.93平米,2016/02,665,31982
润千秋佳苑 1室1厅 56.39平米,2016/02,282,50009
西山壹号院 4室2厅 350.05平米,2016/02,1930,55135
西山壹号院 4室2厅 640平米,2016/02,2400,37500
中海枫涟山庄 3室2厅 122.1平米,2016/02,730,59788
百草园 3室1厅 84.7平米,2016/02,400,47226
百旺新城 1室1厅 56.42平米,2016/01,378,66998
西山壹号院 3室2厅 279.2平米,2016/01,1500,53725
百旺茉莉园 3室2厅 163.39平米,2016/01,795,48657
东馨园 2室1厅 54.3平米,2016/01,240,44199
百旺新城 2室1厅 76.6平米,2016/01,470,61358
中海枫涟山庄 2室1厅 90.24平米,2016/01,560,62057
百旺茉莉园 2室1厅 87.21平米,2016/01,547,62723
东馨园 2室1厅 66.49平米,2016/01,227.5,34216
中海枫涟山庄 3室1厅 122.52平米,2016/01,727,59338
西山公馆 1室0厅 32.83平米,2016/01,32,9748
百旺茉莉园 3室1厅 161.76平米,2016/01,840,51929
景和园 2室1厅 69.49平米,2016/01,423,60873
中海枫涟山庄 3室2厅 135.31平米,2016/01,800,59124
西山壹号院 3室2厅 199.71平米,2016/01,1195,59837
东旭园 2室1厅 72平米,2016/01,290,40278
百草园 2室1厅 79.32平米,2016/01,338,42613
百旺新城 2室1厅 81.61平米,2016/01,475,58204
百旺新城 1室1厅 62.7平米,2016/01,330,52632
景和园 1室1厅 52.47平米,2016/01,328.5,62608
百旺新城 3室1厅 101.42平米,2016/01,566,55808
百草园 2室1厅 87.97平米,2016/01,358,40696
百旺茉莉园 3室2厅 133.56平米,2016/01,785,58776
西山公馆 2室1厅 110.34平米,2015/12,529,47943
润千秋佳苑 6室2厅 223.84平米,2015/12,850,37974
景和园 1室1厅 52.78平米,2015/12,319.5,60535
西山壹号院 3室2厅 278.2平米,2015/12,1598,57441
西山壹号院 3室2厅 233.98平米,2015/12,1590,67955
百旺新城 1室1厅 62.7平米,2015/12,363,57895
百旺新城 2室2厅 77.01平米,2015/12,440,57136
百旺茉莉园 3室2厅 129.25平米,2015/12,680,52612
百草园 2室1厅 80.03平米,2015/12,310,38736
西山公馆 2室1厅 110.38平米,2015/12,525,47563
西山公馆 2室1厅 110.2平米,2015/12,507,46008
百旺茉莉园 3室1厅 131.75平米,2015/12,700,53131
百旺新城 1室1厅 57.97平米,2015/12,335,57789
西山壹号院 3室2厅 200.55平米,2015/12,1198,59736
景和园 3室1厅 94.13平米,2015/12,450,47807
西山公馆 3室2厅 150.56平米,2015/12,760,50479
百旺茉莉园 4室2厅 177.66平米,2015/12,905,50940
西山公馆 1室0厅 42.04平米,2015/12,187,44482
百旺茉莉园 4室2厅 231.4平米,2015/12,1050,45376
百旺新城 2室1厅 76.67平米,2015/12,428,55824
西山公馆 3室2厅 150.73平米,2015/12,790,52412
西山公馆 3室2厅 150.73平米,2015/12,790,52412
百旺茉莉园 3室2厅 129.25平米,2015/12,750,58028
百旺新城 3室1厅 91.91平米,2015/11,495,53858
百旺新城 2室1厅 85.96平米,2015/11,442,51420
百旺新城 2室1厅 81.86平米,2015/11,430,52529
百旺茉莉园 2室1厅 87.25平米,2015/11,508,58224
百旺茉莉园 5室2厅 231.39平米,2015/11,1050,45378
景和园 2室1厅 69.9平米,2015/11,375,53649
百旺新城 1室1厅 57.62平米,2015/11,365,63347
百旺茉莉园 2室1厅 114.79平米,2015/11,624,54361
百旺新城 1室1厅 60.71平米,2015/11,307.6,50668
西山壹号院 4室3厅 292.51平米,2015/11,1438,49161
中海枫涟山庄 3室2厅 121.44平米,2015/11,638,52537
中海枫涟山庄 3室2厅 122.08平米,2015/11,630,51606
景和园 1室1厅 52.47平米,2015/11,310,59082
百旺茉莉园 3室2厅 134.9平米,2015/11,790,58562
百旺茉莉园 3室1厅 143.96平米,2015/11,800,55571
百旺新城 1室1厅 60.29平米,2015/11,357,59214
西山壹号院 3室2厅 279.7平米,2015/11,1300,46479
润千秋佳苑 3室2厅 126.27平米,2015/11,655,51873
东馨园 2室1厅 59.9平米,2015/11,227,37897
百旺新城 3室1厅 95.66平米,2015/11,458,47878
西山公馆 2室2厅 118.86平米,2015/11,565,47535
百旺茉莉园 4室3厅 217.26平米,2015/11,980,45108
百旺新城 2室1厅 79.54平米,2015/11,430,54061
西山公馆 2室2厅 119.01平米,2015/11,570,47896
百旺新城 1室1厅 55.72平米,2015/11,342,61379
西山壹号院 4室3厅 350.33平米,2015/11,1990,56804
百旺茉莉园 3室2厅 175.72平米,2015/11,745,42397
百旺新城 2室1厅 76.39平米,2015/11,388,50792
景和园 2室1厅 69.49平米,2015/11,362,52094
中海枫涟山庄 3室2厅 121.96平米,2015/10,590,48377
百旺茉莉园 3室2厅 119.21平米,2015/10,655,54946
中海枫涟山庄 3室2厅 121.44平米,2015/10,620,51055
润千秋佳苑 2室1厅 97.27平米,2015/10,539,55413
百旺新城 2室1厅 76.7平米,2015/10,413,53847
百旺茉莉园 3室2厅 135.91平米,2015/10,600,44147
百旺新城 1室1厅 55.69平米,2015/10,339,60873
西山公馆 3室2厅 151.32平米,2015/10,720,47582
西山壹号院 4室2厅 398.2平米,2015/10,2347,58941
百旺新城 2室1厅 79.84平米,2015/10,420,52606
百旺新城 2室1厅 85.31平米,2015/10,388,45482
中海枫涟山庄 2室1厅 88.08平米,2015/10,500,56767
百旺新城 2室1厅 75.93平米,2015/09,410,53998
中海枫涟山庄 3室2厅 122.08平米,2015/09,632,51770
百旺茉莉园 3室2厅 126.57平米,2015/09,705,55701
西山壹号院 4室2厅 257.25平米,2015/09,1538,59787
百旺茉莉园 3室2厅 129.24平米,2015/09,638,49366
西山壹号院 3室2厅 233.4平米,2015/09,1340,57413
西山公馆 3室2厅 150.92平米,2015/09,730,48370
百旺新城 1室1厅 57.62平米,2015/09,332,57619
百旺新城 3室1厅 95.99平米,2015/09,470,48964
百旺新城 3室1厅 100.47平米,2015/09,505,50264
百旺茉莉园 4室2厅 193.2平米,2015/08,900,46584
百旺新城 1室1厅 57.43平米,2015/08,333,57984
百旺新城 2室2厅 76.76平米,2015/08,375,48854
西山公馆 3室2厅 150.92平米,2015/08,750,49696
百旺茉莉园 3室2厅 140.04平米,2015/08,760,54271
中海枫涟山庄 3室2厅 121.76平米,2015/08,636,52234
中海枫涟山庄 3室2厅 124.73平米,2015/08,600,48104
东馨园 3室1厅 80.7平米,2015/08,285,35316
百旺新城 2室1厅 71.27平米,2015/08,360,50513
百旺新城 2室1厅 76.69平米,2015/08,392,51115
百旺茉莉园 1室1厅 88.18平米,2015/08,455,51600
中海枫涟山庄 2室1厅 87.66平米,2015/08,495,56469
润千秋佳苑 3室2厅 126.01平米,2015/08,632,50155
中海枫涟山庄 3室2厅 122.52平米,2015/07,585,47748
润千秋佳苑 3室2厅 130.36平米,2015/07,631,48405
中海枫涟山庄 3室2厅 121.44平米,2015/07,593,48831
景和园 2室1厅 71.91平米,2015/07,320,44501
百旺茉莉园 1室1厅 89.6平米,2015/07,480,53572
百旺新城 1室1厅 56.43平米,2015/07,320,56708
西山壹号院 3室2厅 280.44平米,2015/07,1430,50992
百旺茉莉园 3室2厅 142平米,2015/07,715,50353
中海枫涟山庄 2室2厅 87.65平米,2015/07,505,57616
润千秋佳苑 1室1厅 56.39平米,2015/07,240,42561
百旺新城 3室1厅 101.42平米,2015/07,478,47131
百旺新城 3室1厅 101.88平米,2015/07,472,46330
百旺新城 1室1厅 60.53平米,2015/07,323,53362
百旺新城 1室1厅 56.43平米,2015/07,317.5,56265
百旺茉莉园 3室2厅 133.57平米,2015/07,630,47167
百旺新城 1室1厅 57.26平米,2015/07,319,55711
百旺新城 1室1厅 57.65平米,2015/07,320,55508
百旺新城 1室1厅 56.37平米,2015/07,318.5,56502
百旺新城 2室1厅 76.86平米,2015/07,377,49051
东旭园 2室1厅 72平米,2015/06,258,35834
东馨园 3室1厅 81.9平米,2015/06,300,36631
百旺新城 2室1厅 84.23平米,2015/06,402,47727
百旺新城 1室1厅 57.11平米,2015/06,303,53056
百旺新城 2室1厅 71.25平米,2015/06,367,51509
西山公馆 3室1厅 131.84平米,2015/06,655,49682
润千秋佳苑 2室2厅 98.97平米,2015/06,530,53552
百旺新城 2室1厅 79.84平米,2015/06,358,44840
百旺新城 2室1厅 83.76平米,2015/06,398,47517
润千秋佳苑 2室1厅 97.6平米,2015/06,505,51742
百旺新城 1室1厅 55.72平米,2015/06,311.5,55905
中海枫涟山庄 3室2厅 121.7平米,2015/06,655,53821
百旺新城 1室1厅 60.65平米,2015/06,310,51113
西山壹号院 4室2厅 399.71平米,2015/06,2200,55040
中海枫涟山庄 3室2厅 121.44平米,2015/06,578,47596
百旺茉莉园 3室1厅 133.57平米,2015/06,550,41177
中海枫涟山庄 2室2厅 90.24平米,2015/06,490,54300
中海枫涟山庄 3室2厅 121.78平米,2015/06,620,50912
中海枫涟山庄 3室2厅 121.44平米,2015/05,526,43314
百旺茉莉园 1室1厅 88.18平米,2015/05,480,54435
西山壹号院 4室2厅 237.51平米,2015/05,1510,63577
中海枫涟山庄 3室2厅 122.07平米,2015/05,613,50218
百旺新城 1室1厅 57.11平米,2015/05,297,52005
西山壹号院 4室2厅 275.99平米,2015/05,1415,51270
中海枫涟山庄 2室2厅 86.63平米,2015/05,480,55409
百旺新城 3室1厅 101.42平米,2015/05,449,44272
中海枫涟山庄 3室2厅 121.58平米,2015/05,562,46225
百旺新城 1室1厅 55.24平米,2015/05,293.5,53132
百旺新城 2室1厅 81.43平米,2015/05,366,44947
百草园 2室1厅 87.97平米,2015/05,360,40924
中海枫涟山庄 3室2厅 122.85平米,2015/05,611,49736
中海枫涟山庄 3室2厅 121.96平米,2015/05,530,43457
百旺新城 1室1厅 55.24平米,2015/05,296,53585
百旺新城 2室1厅 81.39平米,2015/05,368,45215
中海枫涟山庄 2室1厅 88.08平米,2015/05,473,53702
百旺新城 1室1厅 56.5平米,2015/05,297.5,52655
中海枫涟山庄 3室2厅 122.52平米,2015/05,600,48972
百旺新城 3室1厅 92.78平米,2015/05,380,40958
百旺茉莉园 3室2厅 129.14平米,2015/05,640,49559
百旺新城 2室1厅 79.84平米,2015/05,376,47095
景和园 2室1厅 80.98平米,2015/04,325,40134
景和园 3室1厅 94.13平米,2015/04,363,38564
百旺新城 1室1厅 57.08平米,2015/04,307,53785
东馨园 2室1厅 59.9平米,2015/04,215,35894
百旺新城 1室1厅 58平米,2015/04,265,45690
百旺新城 2室1厅 77.34平米,2015/04,357,46160
百旺茉莉园 3室1厅 133.57平米,2015/04,560,41926
西山公馆 2室1厅 110.2平米,2015/04,495,44919
百旺新城 1室1厅 56.43平米,2015/04,293,51923
百旺新城 2室1厅 76.78平米,2015/04,308,40115
中海枫涟山庄 3室2厅 122.55平米,2015/04,600,48960
百旺新城 3室1厅 101.31平米,2015/04,438,43234
景和园 2室1厅 70.74平米,2015/04,318,44954
百旺新城 2室1厅 85.31平米,2015/04,340,39855
百旺新城 1室1厅 56.37平米,2015/04,285.5,50648
百旺新城 2室1厅 75.06平米,2015/04,362,48229
润千秋佳苑 3室2厅 126.07平米,2015/04,604,47910
百旺茉莉园 4室2厅 175.26平米,2015/04,773,44106
百旺新城 2室1厅 75.5平米,2015/04,326,43179
百旺新城 1室1厅 56.43平米,2015/04,290,51392
百旺新城 1室1厅 55.86平米,2015/04,289,51737
百旺新城 1室1厅 62.6平米,2015/04,310,49521
中海枫涟山庄 3室2厅 131.02平米,2015/04,622,47474
西山公馆 3室2厅 150.92平米,2015/03,710,47045
百旺新城 1室1厅 56.43平米,2015/03,290,51392
百旺新城 3室1厅 111.76平米,2015/03,425,38028
东馨园 2室1厅 62.2平米,2015/03,230,36978
西山公馆 2室1厅 110.34平米,2015/03,496.5,44998
东旭园 2室1厅 72平米,2015/03,280,38889
东馨园 3室1厅 76平米,2015/03,285,37500
东馨园 3室1厅 80.7平米,2015/03,268.5,33272
中海枫涟山庄 3室2厅 124.18平米,2015/03,601,48398
百旺新城 1室1厅 56.43平米,2015/03,289,51214
百旺茉莉园 4室2厅 184.74平米,2015/03,690,37350
百旺茉莉园 2室2厅 124.97平米,2015/03,565,45211
东馨园 3室1厅 80.7平米,2015/03,300,37175
百旺新城 2室1厅 85.31平米,2015/03,359,42082
百旺新城 2室1厅 75.93平米,2015/03,360,47413
百旺新城 2室1厅 77.07平米,2015/03,351,45544
百旺茉莉园 2室1厅 121.79平米,2015/03,503,41301
东馨园 2室1厅 59.9平米,2015/03,210,35059
百旺新城 1室1厅 60.71平米,2015/03,266,43815
百旺新城 2室1厅 76.77平米,2015/03,353,45982
百旺茉莉园 2室1厅 110.3平米,2015/03,487,44153
百旺新城 2室1厅 81.43平米,2015/03,310,38070
东旭园 3室1厅 101.2平米,2015/03,333,32906
百旺新城 2室1厅 79.54平米,2015/03,363,45638
百旺茉莉园 2室2厅 110.24平米,2015/02,439.5,39868
中海枫涟山庄 2室1厅 86.63平米,2015/02,450,51946
百旺新城 2室1厅 76.63平米,2015/02,360,46979
润千秋佳苑 3室2厅 124.74平米,2015/02,605,48501
中海枫涟山庄 3室2厅 122.1平米,2015/02,570,46684
润千秋佳苑 1室1厅 56.39平米,2015/01,275,48768
景和园 2室1厅 69.9平米,2015/01,315,45065
东馨园 2室1厅 66.49平米,2015/01,198,29779
百旺新城 2室1厅 80.77平米,2015/01,363,44943
百旺新城 2室1厅 76.08平米,2015/01,320,42061
百旺新城 3室2厅 92.96平米,2015/01,325,34962
中海枫涟山庄 3室2厅 124.06平米,2015/01,573.8,46252
百草园 2室1厅 92.15平米,2015/01,348,37765
百旺新城 1室1厅 56.43平米,2015/01,292,51746
中海枫涟山庄 2室1厅 80.08平米,2015/01,450,56194
百旺新城 1室1厅 60.65平米,2015/01,282.5,46579
中海枫涟山庄 3室2厅 122.08平米,2014/12,565,46282
百旺茉莉园 3室2厅 148.74平米,2014/12,669,44978
景和园 2室1厅 69.49平米,2014/12,300,43172
百旺新城 2室1厅 85.31平米,2014/12,328,38449
中海枫涟山庄 3室2厅 122.08平米,2014/12,590,48329
百草园 2室1厅 56平米,2014/12,226,40358
百旺新城 2室1厅 84.74平米,2014/12,369,43545
东馨园 2室1厅 56.7平米,2014/12,202,35627
景和园 2室1厅 69.49平米,2014/12,309,44467
百旺新城 1室1厅 60.65平米,2014/12,275,45343
百旺新城 3室1厅 101.31平米,2014/12,445,43925
景和园 1室1厅 52.47平米,2014/12,255,48600
东馨园 3室1厅 80.7平米,2014/12,281,34821
东馨园 3室1厅 85.12平米,2014/12,280,32895
中海枫涟山庄 2室1厅 90.24平米,2014/12,460,50976
百旺新城 1室1厅 55.32平米,2014/12,234,42300
百旺新城 3室1厅 101.88平米,2014/12,418,41029
中海枫涟山庄 3室2厅 126.8平米,2014/12,550,43376
百旺新城 2室1厅 76.36平米,2014/12,325,42562
百旺新城 3室1厅 112.26平米,2014/11,445,39641
百旺新城 1室1厅 55.69平米,2014/11,283,50818
百旺茉莉园 2室2厅 114.55平米,2014/11,517,45134
景和园 1室1厅 52.78平米,2014/11,257,48693
西山壹号院 4室3厅 386.26平米,2014/11,2180,56439
百旺茉莉园 2室2厅 113.15平米,2014/11,498,44013
百旺新城 2室1厅 76.61平米,2014/11,305,39813
百旺新城 1室1厅 57.11平米,2014/11,255,44651
百旺新城 2室2厅 85.31平米,2014/11,340,39855
百旺新城 2室1厅 75.58平米,2014/11,315,41678
百草园 2室1厅 88.38平米,2014/11,325.5,36830
景和园 2室1厅 81.47平米,2014/10,310,38051
东馨园 2室1厅 68.11平米,2014/10,239.5,35164
百旺新城 1室1厅 57.97平米,2014/10,261,45024
百旺茉莉园 3室2厅 158.7平米,2014/10,795,50095
百旺新城 2室1厅 60.29平米,2014/10,275,45613
西山公馆 2室1厅 68.93平米,2014/10,300,43523
百旺茉莉园 2室1厅 114.55平米,2014/10,486,42427
东旭园 2室1厅 71.95平米,2014/10,243,33774
百旺茉莉园 2室1厅 114.55平米,2014/10,486,42427
百旺新城 1室1厅 57.11平米,2014/10,286,50079
百旺新城 3室2厅 91.46平米,2014/10,370,40455
百旺新城 1室1厅 55.32平米,2014/10,250.1,45207
百旺茉莉园 3室2厅 137.75平米,2014/10,680,49365
百旺茉莉园 2室1厅 88.18平米,2014/10,398,45135
东馨园 3室1厅 81.9平米,2014/10,255,31136
润千秋佳苑 2室1厅 80.22平米,2014/10,350,43631
中海枫涟山庄 3室2厅 122.07平米,2014/10,580,47514
润千秋佳苑 2室2厅 81.9平米,2014/10,343,41881
中海枫涟山庄 2室1厅 90.19平米,2014/10,410,45460
百旺新城 2室1厅 81.9平米,2014/10,307,37485
百旺新城 1室1厅 55.72平米,2014/10,275,49354
百旺新城 3室1厅 96.37平米,2014/09,325,33725
中海枫涟山庄 3室2厅 124.13平米,2014/09,565,45517
百旺新城 1室1厅 56.5平米,2014/09,269,47611
景和园 1室1厅 52.78平米,2014/08,252,47746
润千秋佳苑 1室1厅 56.39平米,2014/08,220,39015
西山壹号院 3室2厅 277.86平米,2014/08,1500,53985
中海枫涟山庄 2室1厅 87.7平米,2014/08,411,46865
百草园 3室1厅 60平米,2014/08,260,43334
中海枫涟山庄 3室2厅 124.16平米,2014/08,560,45104
景和园 3室1厅 94.13平米,2014/07,330,35058
百旺茉莉园 3室2厅 163.39平米,2014/07,700,42843
景和园 2室1厅 81.47平米,2014/07,303,37192
百草园 1室1厅 63.54平米,2014/07,226,35569
百旺茉莉园 2室2厅 114.79平米,2014/07,470,40945
百旺新城 1室1厅 56.37平米,2014/07,260,46124
景和园 1室1厅 52.47平米,2014/06,245,46694
润千秋佳苑 2室2厅 97.92平米,2014/06,396,40442
百旺茉莉园 3室2厅 126.3平米,2014/06,595,47111
景和园 3室2厅 94.13平米,2014/06,305,32402
百草园 2室1厅 66.4平米,2014/06,238,35844
百旺茉莉园 2室2厅 114.55平米,2014/06,476,41554
润千秋佳苑 2室2厅 80.7平米,2014/06,335,41512
百旺茉莉园 2室1厅 88.18平米,2014/06,375,42527
百旺新城 1室1厅 55.73平米,2014/05,265,47551
百旺茉莉园 3室2厅 151.63平米,2014/05,805,53090
百旺新城 1室1厅 62.7平米,2014/05,258.5,41229
百旺新城 2室1厅 82.03平米,2014/04,348,42424
百旺茉莉园 3室2厅 163.65平米,2014/04,702,42897
百旺新城 2室1厅 75.06平米,2014/04,315,41967
润千秋佳苑 3室2厅 129.9平米,2014/04,640,49269
百旺新城 1室1厅 56.37平米,2014/04,272,48253
百旺新城 2室1厅 85.15平米,2014/04,380,44628
润千秋佳苑 3室2厅 125.14平米,2014/04,600,47947
百旺新城 1室1厅 60.19平米,2014/04,276,45855
东旭园 2室1厅 84.4平米,2014/03,325,38508
润千秋佳苑 2室2厅 98.97平米,2014/03,500,50521
西山公馆 1室0厅 41.69平米,2014/03,192,46055
百旺茉莉园 2室2厅 112.52平米,2014/03,542,48170
西山公馆 1室0厅 149.85平米,2014/03,700,46714
百旺新城 1室1厅 56.43平米,2014/03,290,51392
西山公馆 1室1厅 68.56平米,2014/03,320,46675
百旺茉莉园 2室1厅 146.03平米,2014/03,402.5,27563
百旺新城 2室1厅 74.99平米,2014/03,342,45607
百旺茉莉园 3室2厅 129.25平米,2014/03,650,50291
东馨园 3室1厅 66.1平米,2014/02,258,39032
百旺新城 2室1厅 81.45平米,2014/02,355,43586
百旺新城 1室1厅 56.37平米,2014/01,267,47366
百旺新城 2室1厅 77.07平米,2014/01,320,41521
百旺新城 1室1厅 55.69平米,2014/01,286,51356
中海枫涟山庄 3室2厅 121.76平米,2013/12,600,49278
百旺新城 2室1厅 83.76平米,2013/12,370,44174
西山公馆 2室1厅 120.2平米,2013/12,510,42430
西山公馆 3室2厅 150.98平米,2013/12,80,5299
西山壹号院 4室2厅 234.89平米,2013/12,1700,72375
百旺新城 3室1厅 91.91平米,2013/12,430,46785
西山壹号院 3室2厅 191平米,2013/11,1268,66388
百旺新城 2室1厅 81.61平米,2013/11,363,44480
百旺新城 1室1厅 56.43平米,2013/10,292,51746
西山公馆 1室0厅 41.69平米,2013/10,197,47254
百旺新城 1室1厅 56.43平米,2013/10,250,44303
西山壹号院 4室2厅 278.36平米,2013/10,1480,53169
润千秋佳苑 3室2厅 130.04平米,2013/09,600,46140
百旺茉莉园 2室1厅 114.79平米,2013/09,510,44429
百旺新城 1室1厅 62.63平米,2013/09,286,45666
百旺茉莉园 3室2厅 158.42平米,2013/09,635,40084
西山公馆 1室1厅 72.91平米,2013/09,325,44576
百旺新城 3室1厅 95.97平米,2013/09,355,36991
东馨园 1室1厅 43.1平米,2013/08,185,42924
百旺新城 2室1厅 84.23平米,2013/08,315,37398
润千秋佳苑 3室2厅 124.81平米,2013/08,565,45269
百旺新城 1室1厅 57.91平米,2013/08,257,44380
中海枫涟山庄 3室2厅 122.18平米,2013/08,580,47471
百旺新城 2室1厅 75.76平米,2013/07,313,41315
百旺新城 3室1厅 96.61平米,2013/07,378,39127
百旺新城 2室1厅 71.25平米,2013/07,312,43790
百旺茉莉园 2室1厅 114.73平米,2013/07,473,41228
百旺新城 2室1厅 85.15平米,2013/07,315,36994
润千秋佳苑 3室2厅 126.27平米,2013/06,530,41974
百旺茉莉园 2室1厅 114.73平米,2013/06,489,42622
东馨园 3室1厅 64.7平米,2013/05,215,33231
东馨园 3室1厅 81.9平米,2013/05,288,35165
百旺茉莉园 3室2厅 126.46平米,2013/05,610,48237
中海枫涟山庄 3室2厅 121.58平米,2013/05,500,41126
百旺茉莉园 3室2厅 142.3平米,2013/04,593,41673
中海枫涟山庄 2室2厅 87.7平米,2013/04,400,45611
中海枫涟山庄 3室2厅 121.96平米,2013/04,480,39358
百旺茉莉园 2室2厅 119平米,2013/03,450,37816
中海枫涟山庄 4室2厅 148.8平米,2013/03,625,42003
润千秋佳苑 2室2厅 97.88平米,2013/03,448,45771
百旺茉莉园 4室2厅 182.49平米,2013/03,678,37153
百旺茉莉园 3室2厅 143.31平米,2013/03,555,38728
中海枫涟山庄 3室2厅 130.32平米,2013/02,525,40286
百草园 2室2厅 74.7平米,2013/01,281.5,37685
中海枫涟山庄 2室2厅 90.24平米,2013/01,396,43883
中海枫涟山庄 3室1厅 122.1平米,2013/01,484.5,39681
西山公馆 1室1厅 69.97平米,2013/01,256,36588
百旺茉莉园 5室2厅 231.4平米,2013/01,960,41487
东馨园 3室1厅 81.9平米,2013/01,260,31747
润千秋佳苑 2室2厅 98.91平米,2013/01,415,41958
润千秋佳苑 2室1厅 98.88平米,2013/01,395,39948
百旺茉莉园 2室1厅 116.36平米,2012/12,420,36095
百旺茉莉园 2室2厅 117.24平米,2012/12,418,35654
东馨园 2室1厅 66.49平米,2012/12,180,27072
润千秋佳苑 2室1厅 80.7平米,2012/12,330,40893
东馨园 3室1厅 81.9平米,2012/12,205,25031
东馨园 2室1厅 66.49平米,2012/12,185,27824
百旺茉莉园 5室3厅 223.81平米,2012/12,758,33869
东馨园 2室1厅 62.4平米,2012/10,160,25642
润千秋佳苑 2室1厅 80.22平米,2012/10,254.5,31726
润千秋佳苑 1室1厅 56.39平米,2012/09,185,32808
中海枫涟山庄 3室2厅 124.83平米,2012/09,368,29481
中海枫涟山庄 3室2厅 124.64平米,2012/09,360,28884
中海枫涟山庄 3室2厅 122平米,2012/08,372,30492
百旺茉莉园 2室2厅 124.97平米,2012/08,385,30808
百旺茉莉园 2室1厅 87.2平米,2012/07,300,34404
中海枫涟山庄 3室2厅 128.21平米,2012/07,379,29561
润千秋佳苑 2室1厅 80.22平米,2012/07,259,32287
百旺茉莉园 2室2厅 124.97平米,2012/07,380,30408
百旺茉莉园 1室1厅 88.17平米,2012/07,290,32892
东旭园 2室1厅 83.05平米,2012/07,200,24082
润千秋佳苑 2室2厅 98平米,2012/07,307,31327
百旺茉莉园 2室2厅 114.39平米,2012/07,335,29286
东馨园 3室1厅 85.12平米,2012/07,168,19737
东馨园 2室1厅 62.2平米,2012/07,143,22991
百旺茉莉园 1室0厅 114.56平米,2012/06,345,30116
百旺茉莉园 2室2厅 114.55平米,2012/06,324,28285
中海枫涟山庄 3室2厅 122.1平米,2012/06,340,27847
润千秋佳苑 1室2厅 55平米,2012/05,188,34182
景和园 2室1厅 52.1平米,2012/05,130,24953
中海枫涟山庄 3室2厅 125.15平米,2012/05,320,25570
西山公馆 3室2厅 150平米,2012/05,474.7,31644
景和园 3室2厅 94.51平米,2012/05,208,22009
西山公馆 2室2厅 119平米,2012/04,325,27311
中海枫涟山庄 3室1厅 122.68平米,2012/04,333,27144
中海枫涟山庄 2室1厅 87.65平米,2012/04,266,30348
润千秋佳苑 2室2厅 82.31平米,2012/03,216,26243
中海枫涟山庄 3室2厅 122.07平米,2012/03,335,27444
润千秋佳苑 2室1厅 80.7平米,2012/03,228,28253
中海枫涟山庄 3室2厅 122.68平米,2012/02,286,23313
百草园 3室1厅 74.7平米,2012/02,169.5,22691
中海枫涟山庄 3室2厅 124.7平米,2012/02,315,25261
百旺茉莉园 2室2厅 116.99平米,2011/12,270,23079
润千秋佳苑 1室1厅 55.23平米,2011/11,152,27522
东馨园 3室1厅 82.4平米,2011/11,169,20510
百旺茉莉园 1室1厅 90.68平米,2011/11,265,29224
中海枫涟山庄 3室2厅 124.99平米,2011/10,337,26963
中海枫涟山庄 4室2厅 193.71平米,2011/10,550,28393
中海枫涟山庄 2室2厅 90.24平米,2011/10,268,29699
中海枫涟山庄 2室2厅 89.03平米,2011/09,259.2,29114
润千秋佳苑 2室2厅 98.88平米,2011/09,295,29835
润千秋佳苑 2室2厅 81.9平米,2011/08,247.5,30220
润千秋佳苑 2室2厅 99.21平米,2011/08,325,32759
润千秋佳苑 2室1厅 81.9平米,2011/08,243,29671
润千秋佳苑 2室2厅 55.23平米,2011/08,150,27160
东馨园 1室1厅 47.3平米,2011/08,123,26005
百旺茉莉园 3室2厅 149.74平米,2011/07,450,30053
